attempt_id,phase,contrast_id,block_index,retry_index,template,position_index,label,algorithm,n,pattern,seed,block_size,workers,status,invalid_reason,external_interruption,returncode,timed_out,position_ns,input_checksum,output_checksum,executable_sha256_before,executable_sha256_after,attempt_directory
pilot-ref_linear_n64-b01-r0-p1-A,pilot,ref_linear_n64,1,0,ABBA,1,A,linear,64,mixed,2026082901,1,1,VALID,,False,0,False,83,71fbefaa1dbb8cb1,99ee45b7b2d0ab69,0144d4ef720e2f721643a00f3b5d4775b65d753c34781efe6c1e7b714d9dd4a9,0144d4ef720e2f721643a00f3b5d4775b65d753c34781efe6c1e7b714d9dd4a9,raw/attempts/pilot-ref_linear_n64-b01-r0-p1-A
pilot-ref_linear_n64-b01-r0-p2-B,pilot,ref_linear_n64,1,0,ABBA,2,B,reference,64,mixed,2026082901,1,1,VALID,,False,0,False,416,71fbefaa1dbb8cb1,99ee45b7b2d0ab69,0144d4ef720e2f721643a00f3b5d4775b65d753c34781efe6c1e7b714d9dd4a9,0144d4ef720e2f721643a00f3b5d4775b65d753c34781efe6c1e7b714d9dd4a9,raw/attempts/pilot-ref_linear_n64-b01-r0-p2-B
pilot-ref_linear_n64-b01-r0-p3-B,pilot,ref_linear_n64,1,0,ABBA,3,B,reference,64,mixed,2026082901,1,1,VALID,,False,0,False,417,71fbefaa1dbb8cb1,99ee45b7b2d0ab69,0144d4ef720e2f721643a00f3b5d4775b65d753c34781efe6c1e7b714d9dd4a9,0144d4ef720e2f721643a00f3b5d4775b65d753c34781efe6c1e7b714d9dd4a9,raw/attempts/pilot-ref_linear_n64-b01-r0-p3-B
pilot-ref_linear_n64-b01-r0-p4-A,pilot,ref_linear_n64,1,0,ABBA,4,A,linear,64,mixed,2026082901,1,1,VALID,,False,0,False,83,71fbefaa1dbb8cb1,99ee45b7b2d0ab69,0144d4ef720e2f721643a00f3b5d4775b65d753c34781efe6c1e7b714d9dd4a9,0144d4ef720e2f721643a00f3b5d4775b65d753c34781efe6c1e7b714d9dd4a9,raw/attempts/pilot-ref_linear_n64-b01-r0-p4-A
pilot-ref_linear_n64-b02-r0-p1-B,pilot,ref_linear_n64,2,0,BAAB,1,B,reference,64,mixed,2026082901,1,1,VALID,,False,0,False,500,71fbefaa1dbb8cb1,99ee45b7b2d0ab69,0144d4ef720e2f721643a00f3b5d4775b65d753c34781efe6c1e7b714d9dd4a9,0144d4ef720e2f721643a00f3b5d4775b65d753c34781efe6c1e7b714d9dd4a9,raw/attempts/pilot-ref_linear_n64-b02-r0-p1-B
pilot-ref_linear_n64-b02-r0-p2-A,pilot,ref_linear_n64,2,0,BAAB,2,A,linear,64,mixed,2026082901,1,1,VALID,,False,0,False,83,71fbefaa1dbb8cb1,99ee45b7b2d0ab69,0144d4ef720e2f721643a00f3b5d4775b65d753c34781efe6c1e7b714d9dd4a9,0144d4ef720e2f721643a00f3b5d4775b65d753c34781efe6c1e7b714d9dd4a9,raw/attempts/pilot-ref_linear_n64-b02-r0-p2-A
pilot-ref_linear_n64-b02-r0-p3-A,pilot,ref_linear_n64,2,0,BAAB,3,A,linear,64,mixed,2026082901,1,1,VALID,,False,0,False,83,71fbefaa1dbb8cb1,99ee45b7b2d0ab69,0144d4ef720e2f721643a00f3b5d4775b65d753c34781efe6c1e7b714d9dd4a9,0144d4ef720e2f721643a00f3b5d4775b65d753c34781efe6c1e7b714d9dd4a9,raw/attempts/pilot-ref_linear_n64-b02-r0-p3-A
pilot-ref_linear_n64-b02-r0-p4-B,pilot,ref_linear_n64,2,0,BAAB,4,B,reference,64,mixed,2026082901,1,1,VALID,,False,0,False,459,71fbefaa1dbb8cb1,99ee45b7b2d0ab69,0144d4ef720e2f721643a00f3b5d4775b65d753c34781efe6c1e7b714d9dd4a9,0144d4ef720e2f721643a00f3b5d4775b65d753c34781efe6c1e7b714d9dd4a9,raw/attempts/pilot-ref_linear_n64-b02-r0-p4-B
pilot-ref_linear_n64-b03-r0-p1-B,pilot,ref_linear_n64,3,0,BAAB,1,B,reference,64,mixed,2026082901,1,1,VALID,,False,0,False,417,71fbefaa1dbb8cb1,99ee45b7b2d0ab69,0144d4ef720e2f721643a00f3b5d4775b65d753c34781efe6c1e7b714d9dd4a9,0144d4ef720e2f721643a00f3b5d4775b65d753c34781efe6c1e7b714d9dd4a9,raw/attempts/pilot-ref_linear_n64-b03-r0-p1-B
pilot-ref_linear_n64-b03-r0-p2-A,pilot,ref_linear_n64,3,0,BAAB,2,A,linear,64,mixed,2026082901,1,1,VALID,,False,0,False,83,71fbefaa1dbb8cb1,99ee45b7b2d0ab69,0144d4ef720e2f721643a00f3b5d4775b65d753c34781efe6c1e7b714d9dd4a9,0144d4ef720e2f721643a00f3b5d4775b65d753c34781efe6c1e7b714d9dd4a9,raw/attempts/pilot-ref_linear_n64-b03-r0-p2-A
pilot-ref_linear_n64-b03-r0-p3-A,pilot,ref_linear_n64,3,0,BAAB,3,A,linear,64,mixed,2026082901,1,1,VALID,,False,0,False,83,71fbefaa1dbb8cb1,99ee45b7b2d0ab69,0144d4ef720e2f721643a00f3b5d4775b65d753c34781efe6c1e7b714d9dd4a9,0144d4ef720e2f721643a00f3b5d4775b65d753c34781efe6c1e7b714d9dd4a9,raw/attempts/pilot-ref_linear_n64-b03-r0-p3-A
pilot-ref_linear_n64-b03-r0-p4-B,pilot,ref_linear_n64,3,0,BAAB,4,B,reference,64,mixed,2026082901,1,1,VALID,,False,0,False,458,71fbefaa1dbb8cb1,99ee45b7b2d0ab69,0144d4ef720e2f721643a00f3b5d4775b65d753c34781efe6c1e7b714d9dd4a9,0144d4ef720e2f721643a00f3b5d4775b65d753c34781efe6c1e7b714d9dd4a9,raw/attempts/pilot-ref_linear_n64-b03-r0-p4-B
pilot-ref_linear_n64-b04-r0-p1-A,pilot,ref_linear_n64,4,0,ABBA,1,A,linear,64,mixed,2026082901,1,1,VALID,,False,0,False,42,71fbefaa1dbb8cb1,99ee45b7b2d0ab69,0144d4ef720e2f721643a00f3b5d4775b65d753c34781efe6c1e7b714d9dd4a9,0144d4ef720e2f721643a00f3b5d4775b65d753c34781efe6c1e7b714d9dd4a9,raw/attempts/pilot-ref_linear_n64-b04-r0-p1-A
pilot-ref_linear_n64-b04-r0-p2-B,pilot,ref_linear_n64,4,0,ABBA,2,B,reference,64,mixed,2026082901,1,1,VALID,,False,0,False,417,71fbefaa1dbb8cb1,99ee45b7b2d0ab69,0144d4ef720e2f721643a00f3b5d4775b65d753c34781efe6c1e7b714d9dd4a9,0144d4ef720e2f721643a00f3b5d4775b65d753c34781efe6c1e7b714d9dd4a9,raw/attempts/pilot-ref_linear_n64-b04-r0-p2-B
pilot-ref_linear_n64-b04-r0-p3-B,pilot,ref_linear_n64,4,0,ABBA,3,B,reference,64,mixed,2026082901,1,1,VALID,,False,0,False,459,71fbefaa1dbb8cb1,99ee45b7b2d0ab69,0144d4ef720e2f721643a00f3b5d4775b65d753c34781efe6c1e7b714d9dd4a9,0144d4ef720e2f721643a00f3b5d4775b65d753c34781efe6c1e7b714d9dd4a9,raw/attempts/pilot-ref_linear_n64-b04-r0-p3-B
pilot-ref_linear_n64-b04-r0-p4-A,pilot,ref_linear_n64,4,0,ABBA,4,A,linear,64,mixed,2026082901,1,1,VALID,,False,0,False,84,71fbefaa1dbb8cb1,99ee45b7b2d0ab69,0144d4ef720e2f721643a00f3b5d4775b65d753c34781efe6c1e7b714d9dd4a9,0144d4ef720e2f721643a00f3b5d4775b65d753c34781efe6c1e7b714d9dd4a9,raw/attempts/pilot-ref_linear_n64-b04-r0-p4-A
pilot-ref_linear_n512-b01-r0-p1-B,pilot,ref_linear_n512,1,0,BAAB,1,B,reference,512,mixed,2026082901,1,1,VALID,,False,0,False,12125,c7a33e0dae2278d8,30701cd1672a9867,0144d4ef720e2f721643a00f3b5d4775b65d753c34781efe6c1e7b714d9dd4a9,0144d4ef720e2f721643a00f3b5d4775b65d753c34781efe6c1e7b714d9dd4a9,raw/attempts/pilot-ref_linear_n512-b01-r0-p1-B
pilot-ref_linear_n512-b01-r0-p2-A,pilot,ref_linear_n512,1,0,BAAB,2,A,linear,512,mixed,2026082901,1,1,VALID,,False,0,False,625,c7a33e0dae2278d8,30701cd1672a9867,0144d4ef720e2f721643a00f3b5d4775b65d753c34781efe6c1e7b714d9dd4a9,0144d4ef720e2f721643a00f3b5d4775b65d753c34781efe6c1e7b714d9dd4a9,raw/attempts/pilot-ref_linear_n512-b01-r0-p2-A
pilot-ref_linear_n512-b01-r0-p3-A,pilot,ref_linear_n512,1,0,BAAB,3,A,linear,512,mixed,2026082901,1,1,VALID,,False,0,False,375,c7a33e0dae2278d8,30701cd1672a9867,0144d4ef720e2f721643a00f3b5d4775b65d753c34781efe6c1e7b714d9dd4a9,0144d4ef720e2f721643a00f3b5d4775b65d753c34781efe6c1e7b714d9dd4a9,raw/attempts/pilot-ref_linear_n512-b01-r0-p3-A
pilot-ref_linear_n512-b01-r0-p4-B,pilot,ref_linear_n512,1,0,BAAB,4,B,reference,512,mixed,2026082901,1,1,VALID,,False,0,False,11792,c7a33e0dae2278d8,30701cd1672a9867,0144d4ef720e2f721643a00f3b5d4775b65d753c34781efe6c1e7b714d9dd4a9,0144d4ef720e2f721643a00f3b5d4775b65d753c34781efe6c1e7b714d9dd4a9,raw/attempts/pilot-ref_linear_n512-b01-r0-p4-B
pilot-ref_linear_n512-b02-r0-p1-A,pilot,ref_linear_n512,2,0,ABBA,1,A,linear,512,mixed,2026082901,1,1,VALID,,False,0,False,375,c7a33e0dae2278d8,30701cd1672a9867,0144d4ef720e2f721643a00f3b5d4775b65d753c34781efe6c1e7b714d9dd4a9,0144d4ef720e2f721643a00f3b5d4775b65d753c34781efe6c1e7b714d9dd4a9,raw/attempts/pilot-ref_linear_n512-b02-r0-p1-A
pilot-ref_linear_n512-b02-r0-p2-B,pilot,ref_linear_n512,2,0,ABBA,2,B,reference,512,mixed,2026082901,1,1,VALID,,False,0,False,11875,c7a33e0dae2278d8,30701cd1672a9867,0144d4ef720e2f721643a00f3b5d4775b65d753c34781efe6c1e7b714d9dd4a9,0144d4ef720e2f721643a00f3b5d4775b65d753c34781efe6c1e7b714d9dd4a9,raw/attempts/pilot-ref_linear_n512-b02-r0-p2-B
pilot-ref_linear_n512-b02-r0-p3-B,pilot,ref_linear_n512,2,0,ABBA,3,B,reference,512,mixed,2026082901,1,1,VALID,,False,0,False,11541,c7a33e0dae2278d8,30701cd1672a9867,0144d4ef720e2f721643a00f3b5d4775b65d753c34781efe6c1e7b714d9dd4a9,0144d4ef720e2f721643a00f3b5d4775b65d753c34781efe6c1e7b714d9dd4a9,raw/attempts/pilot-ref_linear_n512-b02-r0-p3-B
pilot-ref_linear_n512-b02-r0-p4-A,pilot,ref_linear_n512,2,0,ABBA,4,A,linear,512,mixed,2026082901,1,1,VALID,,False,0,False,375,c7a33e0dae2278d8,30701cd1672a9867,0144d4ef720e2f721643a00f3b5d4775b65d753c34781efe6c1e7b714d9dd4a9,0144d4ef720e2f721643a00f3b5d4775b65d753c34781efe6c1e7b714d9dd4a9,raw/attempts/pilot-ref_linear_n512-b02-r0-p4-A
pilot-ref_linear_n512-b03-r0-p1-A,pilot,ref_linear_n512,3,0,ABBA,1,A,linear,512,mixed,2026082901,1,1,VALID,,False,0,False,958,c7a33e0dae2278d8,30701cd1672a9867,0144d4ef720e2f721643a00f3b5d4775b65d753c34781efe6c1e7b714d9dd4a9,0144d4ef720e2f721643a00f3b5d4775b65d753c34781efe6c1e7b714d9dd4a9,raw/attempts/pilot-ref_linear_n512-b03-r0-p1-A
pilot-ref_linear_n512-b03-r0-p2-B,pilot,ref_linear_n512,3,0,ABBA,2,B,reference,512,mixed,2026082901,1,1,VALID,,False,0,False,11833,c7a33e0dae2278d8,30701cd1672a9867,0144d4ef720e2f721643a00f3b5d4775b65d753c34781efe6c1e7b714d9dd4a9,0144d4ef720e2f721643a00f3b5d4775b65d753c34781efe6c1e7b714d9dd4a9,raw/attempts/pilot-ref_linear_n512-b03-r0-p2-B
pilot-ref_linear_n512-b03-r0-p3-B,pilot,ref_linear_n512,3,0,ABBA,3,B,reference,512,mixed,2026082901,1,1,VALID,,False,0,False,11750,c7a33e0dae2278d8,30701cd1672a9867,0144d4ef720e2f721643a00f3b5d4775b65d753c34781efe6c1e7b714d9dd4a9,0144d4ef720e2f721643a00f3b5d4775b65d753c34781efe6c1e7b714d9dd4a9,raw/attempts/pilot-ref_linear_n512-b03-r0-p3-B
pilot-ref_linear_n512-b03-r0-p4-A,pilot,ref_linear_n512,3,0,ABBA,4,A,linear,512,mixed,2026082901,1,1,VALID,,False,0,False,958,c7a33e0dae2278d8,30701cd1672a9867,0144d4ef720e2f721643a00f3b5d4775b65d753c34781efe6c1e7b714d9dd4a9,0144d4ef720e2f721643a00f3b5d4775b65d753c34781efe6c1e7b714d9dd4a9,raw/attempts/pilot-ref_linear_n512-b03-r0-p4-A
pilot-ref_linear_n512-b04-r0-p1-B,pilot,ref_linear_n512,4,0,BAAB,1,B,reference,512,mixed,2026082901,1,1,VALID,,False,0,False,11667,c7a33e0dae2278d8,30701cd1672a9867,0144d4ef720e2f721643a00f3b5d4775b65d753c34781efe6c1e7b714d9dd4a9,0144d4ef720e2f721643a00f3b5d4775b65d753c34781efe6c1e7b714d9dd4a9,raw/attempts/pilot-ref_linear_n512-b04-r0-p1-B
pilot-ref_linear_n512-b04-r0-p2-A,pilot,ref_linear_n512,4,0,BAAB,2,A,linear,512,mixed,2026082901,1,1,VALID,,False,0,False,375,c7a33e0dae2278d8,30701cd1672a9867,0144d4ef720e2f721643a00f3b5d4775b65d753c34781efe6c1e7b714d9dd4a9,0144d4ef720e2f721643a00f3b5d4775b65d753c34781efe6c1e7b714d9dd4a9,raw/attempts/pilot-ref_linear_n512-b04-r0-p2-A
pilot-ref_linear_n512-b04-r0-p3-A,pilot,ref_linear_n512,4,0,BAAB,3,A,linear,512,mixed,2026082901,1,1,VALID,,False,0,False,291,c7a33e0dae2278d8,30701cd1672a9867,0144d4ef720e2f721643a00f3b5d4775b65d753c34781efe6c1e7b714d9dd4a9,0144d4ef720e2f721643a00f3b5d4775b65d753c34781efe6c1e7b714d9dd4a9,raw/attempts/pilot-ref_linear_n512-b04-r0-p3-A
pilot-ref_linear_n512-b04-r0-p4-B,pilot,ref_linear_n512,4,0,BAAB,4,B,reference,512,mixed,2026082901,1,1,VALID,,False,0,False,12000,c7a33e0dae2278d8,30701cd1672a9867,0144d4ef720e2f721643a00f3b5d4775b65d753c34781efe6c1e7b714d9dd4a9,0144d4ef720e2f721643a00f3b5d4775b65d753c34781efe6c1e7b714d9dd4a9,raw/attempts/pilot-ref_linear_n512-b04-r0-p4-B
pilot-ref_linear_n4096-b01-r0-p1-B,pilot,ref_linear_n4096,1,0,BAAB,1,B,reference,4096,mixed,2026082901,1,1,VALID,,False,0,False,672250,c29f6e9a49eb3454,25339d9aebc6ec46,0144d4ef720e2f721643a00f3b5d4775b65d753c34781efe6c1e7b714d9dd4a9,0144d4ef720e2f721643a00f3b5d4775b65d753c34781efe6c1e7b714d9dd4a9,raw/attempts/pilot-ref_linear_n4096-b01-r0-p1-B
pilot-ref_linear_n4096-b01-r0-p2-A,pilot,ref_linear_n4096,1,0,BAAB,2,A,linear,4096,mixed,2026082901,1,1,VALID,,False,0,False,1958,c29f6e9a49eb3454,25339d9aebc6ec46,0144d4ef720e2f721643a00f3b5d4775b65d753c34781efe6c1e7b714d9dd4a9,0144d4ef720e2f721643a00f3b5d4775b65d753c34781efe6c1e7b714d9dd4a9,raw/attempts/pilot-ref_linear_n4096-b01-r0-p2-A
pilot-ref_linear_n4096-b01-r0-p3-A,pilot,ref_linear_n4096,1,0,BAAB,3,A,linear,4096,mixed,2026082901,1,1,VALID,,False,0,False,2000,c29f6e9a49eb3454,25339d9aebc6ec46,0144d4ef720e2f721643a00f3b5d4775b65d753c34781efe6c1e7b714d9dd4a9,0144d4ef720e2f721643a00f3b5d4775b65d753c34781efe6c1e7b714d9dd4a9,raw/attempts/pilot-ref_linear_n4096-b01-r0-p3-A
pilot-ref_linear_n4096-b01-r0-p4-B,pilot,ref_linear_n4096,1,0,BAAB,4,B,reference,4096,mixed,2026082901,1,1,VALID,,False,0,False,655791,c29f6e9a49eb3454,25339d9aebc6ec46,0144d4ef720e2f721643a00f3b5d4775b65d753c34781efe6c1e7b714d9dd4a9,0144d4ef720e2f721643a00f3b5d4775b65d753c34781efe6c1e7b714d9dd4a9,raw/attempts/pilot-ref_linear_n4096-b01-r0-p4-B
pilot-ref_linear_n4096-b02-r0-p1-A,pilot,ref_linear_n4096,2,0,ABBA,1,A,linear,4096,mixed,2026082901,1,1,VALID,,False,0,False,2000,c29f6e9a49eb3454,25339d9aebc6ec46,0144d4ef720e2f721643a00f3b5d4775b65d753c34781efe6c1e7b714d9dd4a9,0144d4ef720e2f721643a00f3b5d4775b65d753c34781efe6c1e7b714d9dd4a9,raw/attempts/pilot-ref_linear_n4096-b02-r0-p1-A
pilot-ref_linear_n4096-b02-r0-p2-B,pilot,ref_linear_n4096,2,0,ABBA,2,B,reference,4096,mixed,2026082901,1,1,VALID,,False,0,False,901542,c29f6e9a49eb3454,25339d9aebc6ec46,0144d4ef720e2f721643a00f3b5d4775b65d753c34781efe6c1e7b714d9dd4a9,0144d4ef720e2f721643a00f3b5d4775b65d753c34781efe6c1e7b714d9dd4a9,raw/attempts/pilot-ref_linear_n4096-b02-r0-p2-B
pilot-ref_linear_n4096-b02-r0-p3-B,pilot,ref_linear_n4096,2,0,ABBA,3,B,reference,4096,mixed,2026082901,1,1,VALID,,False,0,False,675459,c29f6e9a49eb3454,25339d9aebc6ec46,0144d4ef720e2f721643a00f3b5d4775b65d753c34781efe6c1e7b714d9dd4a9,0144d4ef720e2f721643a00f3b5d4775b65d753c34781efe6c1e7b714d9dd4a9,raw/attempts/pilot-ref_linear_n4096-b02-r0-p3-B
pilot-ref_linear_n4096-b02-r0-p4-A,pilot,ref_linear_n4096,2,0,ABBA,4,A,linear,4096,mixed,2026082901,1,1,VALID,,False,0,False,2041,c29f6e9a49eb3454,25339d9aebc6ec46,0144d4ef720e2f721643a00f3b5d4775b65d753c34781efe6c1e7b714d9dd4a9,0144d4ef720e2f721643a00f3b5d4775b65d753c34781efe6c1e7b714d9dd4a9,raw/attempts/pilot-ref_linear_n4096-b02-r0-p4-A
pilot-ref_linear_n4096-b03-r0-p1-B,pilot,ref_linear_n4096,3,0,BAAB,1,B,reference,4096,mixed,2026082901,1,1,VALID,,False,0,False,673292,c29f6e9a49eb3454,25339d9aebc6ec46,0144d4ef720e2f721643a00f3b5d4775b65d753c34781efe6c1e7b714d9dd4a9,0144d4ef720e2f721643a00f3b5d4775b65d753c34781efe6c1e7b714d9dd4a9,raw/attempts/pilot-ref_linear_n4096-b03-r0-p1-B
pilot-ref_linear_n4096-b03-r0-p2-A,pilot,ref_linear_n4096,3,0,BAAB,2,A,linear,4096,mixed,2026082901,1,1,VALID,,False,0,False,5875,c29f6e9a49eb3454,25339d9aebc6ec46,0144d4ef720e2f721643a00f3b5d4775b65d753c34781efe6c1e7b714d9dd4a9,0144d4ef720e2f721643a00f3b5d4775b65d753c34781efe6c1e7b714d9dd4a9,raw/attempts/pilot-ref_linear_n4096-b03-r0-p2-A
pilot-ref_linear_n4096-b03-r0-p3-A,pilot,ref_linear_n4096,3,0,BAAB,3,A,linear,4096,mixed,2026082901,1,1,VALID,,False,0,False,1917,c29f6e9a49eb3454,25339d9aebc6ec46,0144d4ef720e2f721643a00f3b5d4775b65d753c34781efe6c1e7b714d9dd4a9,0144d4ef720e2f721643a00f3b5d4775b65d753c34781efe6c1e7b714d9dd4a9,raw/attempts/pilot-ref_linear_n4096-b03-r0-p3-A
pilot-ref_linear_n4096-b03-r0-p4-B,pilot,ref_linear_n4096,3,0,BAAB,4,B,reference,4096,mixed,2026082901,1,1,VALID,,False,0,False,655625,c29f6e9a49eb3454,25339d9aebc6ec46,0144d4ef720e2f721643a00f3b5d4775b65d753c34781efe6c1e7b714d9dd4a9,0144d4ef720e2f721643a00f3b5d4775b65d753c34781efe6c1e7b714d9dd4a9,raw/attempts/pilot-ref_linear_n4096-b03-r0-p4-B
pilot-ref_linear_n4096-b04-r0-p1-A,pilot,ref_linear_n4096,4,0,ABBA,1,A,linear,4096,mixed,2026082901,1,1,VALID,,False,0,False,2000,c29f6e9a49eb3454,25339d9aebc6ec46,0144d4ef720e2f721643a00f3b5d4775b65d753c34781efe6c1e7b714d9dd4a9,0144d4ef720e2f721643a00f3b5d4775b65d753c34781efe6c1e7b714d9dd4a9,raw/attempts/pilot-ref_linear_n4096-b04-r0-p1-A
pilot-ref_linear_n4096-b04-r0-p2-B,pilot,ref_linear_n4096,4,0,ABBA,2,B,reference,4096,mixed,2026082901,1,1,VALID,,False,0,False,680250,c29f6e9a49eb3454,25339d9aebc6ec46,0144d4ef720e2f721643a00f3b5d4775b65d753c34781efe6c1e7b714d9dd4a9,0144d4ef720e2f721643a00f3b5d4775b65d753c34781efe6c1e7b714d9dd4a9,raw/attempts/pilot-ref_linear_n4096-b04-r0-p2-B
pilot-ref_linear_n4096-b04-r0-p3-B,pilot,ref_linear_n4096,4,0,ABBA,3,B,reference,4096,mixed,2026082901,1,1,VALID,,False,0,False,675417,c29f6e9a49eb3454,25339d9aebc6ec46,0144d4ef720e2f721643a00f3b5d4775b65d753c34781efe6c1e7b714d9dd4a9,0144d4ef720e2f721643a00f3b5d4775b65d753c34781efe6c1e7b714d9dd4a9,raw/attempts/pilot-ref_linear_n4096-b04-r0-p3-B
pilot-ref_linear_n4096-b04-r0-p4-A,pilot,ref_linear_n4096,4,0,ABBA,4,A,linear,4096,mixed,2026082901,1,1,VALID,,False,0,False,5709,c29f6e9a49eb3454,25339d9aebc6ec46,0144d4ef720e2f721643a00f3b5d4775b65d753c34781efe6c1e7b714d9dd4a9,0144d4ef720e2f721643a00f3b5d4775b65d753c34781efe6c1e7b714d9dd4a9,raw/attempts/pilot-ref_linear_n4096-b04-r0-p4-A
pilot-blocked_linear_n4096_b16384-b01-r0-p1-A,pilot,blocked_linear_n4096_b16384,1,0,ABBA,1,A,linear,4096,mixed,2026082901,16384,1,VALID,,False,0,False,1959,c29f6e9a49eb3454,25339d9aebc6ec46,0144d4ef720e2f721643a00f3b5d4775b65d753c34781efe6c1e7b714d9dd4a9,0144d4ef720e2f721643a00f3b5d4775b65d753c34781efe6c1e7b714d9dd4a9,raw/attempts/pilot-blocked_linear_n4096_b16384-b01-r0-p1-A
pilot-blocked_linear_n4096_b16384-b01-r0-p2-B,pilot,blocked_linear_n4096_b16384,1,0,ABBA,2,B,blocked,4096,mixed,2026082901,16384,1,VALID,,False,0,False,8083,c29f6e9a49eb3454,25339d9aebc6ec46,0144d4ef720e2f721643a00f3b5d4775b65d753c34781efe6c1e7b714d9dd4a9,0144d4ef720e2f721643a00f3b5d4775b65d753c34781efe6c1e7b714d9dd4a9,raw/attempts/pilot-blocked_linear_n4096_b16384-b01-r0-p2-B
pilot-blocked_linear_n4096_b16384-b01-r0-p3-B,pilot,blocked_linear_n4096_b16384,1,0,ABBA,3,B,blocked,4096,mixed,2026082901,16384,1,VALID,,False,0,False,2667,c29f6e9a49eb3454,25339d9aebc6ec46,0144d4ef720e2f721643a00f3b5d4775b65d753c34781efe6c1e7b714d9dd4a9,0144d4ef720e2f721643a00f3b5d4775b65d753c34781efe6c1e7b714d9dd4a9,raw/attempts/pilot-blocked_linear_n4096_b16384-b01-r0-p3-B
pilot-blocked_linear_n4096_b16384-b01-r0-p4-A,pilot,blocked_linear_n4096_b16384,1,0,ABBA,4,A,linear,4096,mixed,2026082901,16384,1,VALID,,False,0,False,1959,c29f6e9a49eb3454,25339d9aebc6ec46,0144d4ef720e2f721643a00f3b5d4775b65d753c34781efe6c1e7b714d9dd4a9,0144d4ef720e2f721643a00f3b5d4775b65d753c34781efe6c1e7b714d9dd4a9,raw/attempts/pilot-blocked_linear_n4096_b16384-b01-r0-p4-A
pilot-blocked_linear_n4096_b16384-b02-r0-p1-A,pilot,blocked_linear_n4096_b16384,2,0,ABBA,1,A,linear,4096,mixed,2026082901,16384,1,VALID,,False,0,False,1958,c29f6e9a49eb3454,25339d9aebc6ec46,0144d4ef720e2f721643a00f3b5d4775b65d753c34781efe6c1e7b714d9dd4a9,0144d4ef720e2f721643a00f3b5d4775b65d753c34781efe6c1e7b714d9dd4a9,raw/attempts/pilot-blocked_linear_n4096_b16384-b02-r0-p1-A
pilot-blocked_linear_n4096_b16384-b02-r0-p2-B,pilot,blocked_linear_n4096_b16384,2,0,ABBA,2,B,blocked,4096,mixed,2026082901,16384,1,VALID,,False,0,False,8167,c29f6e9a49eb3454,25339d9aebc6ec46,0144d4ef720e2f721643a00f3b5d4775b65d753c34781efe6c1e7b714d9dd4a9,0144d4ef720e2f721643a00f3b5d4775b65d753c34781efe6c1e7b714d9dd4a9,raw/attempts/pilot-blocked_linear_n4096_b16384-b02-r0-p2-B
pilot-blocked_linear_n4096_b16384-b02-r0-p3-B,pilot,blocked_linear_n4096_b16384,2,0,ABBA,3,B,blocked,4096,mixed,2026082901,16384,1,VALID,,False,0,False,2667,c29f6e9a49eb3454,25339d9aebc6ec46,0144d4ef720e2f721643a00f3b5d4775b65d753c34781efe6c1e7b714d9dd4a9,0144d4ef720e2f721643a00f3b5d4775b65d753c34781efe6c1e7b714d9dd4a9,raw/attempts/pilot-blocked_linear_n4096_b16384-b02-r0-p3-B
pilot-blocked_linear_n4096_b16384-b02-r0-p4-A,pilot,blocked_linear_n4096_b16384,2,0,ABBA,4,A,linear,4096,mixed,2026082901,16384,1,VALID,,False,0,False,2000,c29f6e9a49eb3454,25339d9aebc6ec46,0144d4ef720e2f721643a00f3b5d4775b65d753c34781efe6c1e7b714d9dd4a9,0144d4ef720e2f721643a00f3b5d4775b65d753c34781efe6c1e7b714d9dd4a9,raw/attempts/pilot-blocked_linear_n4096_b16384-b02-r0-p4-A
pilot-blocked_linear_n4096_b16384-b03-r0-p1-B,pilot,blocked_linear_n4096_b16384,3,0,BAAB,1,B,blocked,4096,mixed,2026082901,16384,1,VALID,,False,0,False,8084,c29f6e9a49eb3454,25339d9aebc6ec46,0144d4ef720e2f721643a00f3b5d4775b65d753c34781efe6c1e7b714d9dd4a9,0144d4ef720e2f721643a00f3b5d4775b65d753c34781efe6c1e7b714d9dd4a9,raw/attempts/pilot-blocked_linear_n4096_b16384-b03-r0-p1-B
pilot-blocked_linear_n4096_b16384-b03-r0-p2-A,pilot,blocked_linear_n4096_b16384,3,0,BAAB,2,A,linear,4096,mixed,2026082901,16384,1,VALID,,False,0,False,1958,c29f6e9a49eb3454,25339d9aebc6ec46,0144d4ef720e2f721643a00f3b5d4775b65d753c34781efe6c1e7b714d9dd4a9,0144d4ef720e2f721643a00f3b5d4775b65d753c34781efe6c1e7b714d9dd4a9,raw/attempts/pilot-blocked_linear_n4096_b16384-b03-r0-p2-A
pilot-blocked_linear_n4096_b16384-b03-r0-p3-A,pilot,blocked_linear_n4096_b16384,3,0,BAAB,3,A,linear,4096,mixed,2026082901,16384,1,VALID,,False,0,False,2083,c29f6e9a49eb3454,25339d9aebc6ec46,0144d4ef720e2f721643a00f3b5d4775b65d753c34781efe6c1e7b714d9dd4a9,0144d4ef720e2f721643a00f3b5d4775b65d753c34781efe6c1e7b714d9dd4a9,raw/attempts/pilot-blocked_linear_n4096_b16384-b03-r0-p3-A
pilot-blocked_linear_n4096_b16384-b03-r0-p4-B,pilot,blocked_linear_n4096_b16384,3,0,BAAB,4,B,blocked,4096,mixed,2026082901,16384,1,VALID,,False,0,False,2667,c29f6e9a49eb3454,25339d9aebc6ec46,0144d4ef720e2f721643a00f3b5d4775b65d753c34781efe6c1e7b714d9dd4a9,0144d4ef720e2f721643a00f3b5d4775b65d753c34781efe6c1e7b714d9dd4a9,raw/attempts/pilot-blocked_linear_n4096_b16384-b03-r0-p4-B
pilot-blocked_linear_n4096_b16384-b04-r0-p1-B,pilot,blocked_linear_n4096_b16384,4,0,BAAB,1,B,blocked,4096,mixed,2026082901,16384,1,VALID,,False,0,False,2791,c29f6e9a49eb3454,25339d9aebc6ec46,0144d4ef720e2f721643a00f3b5d4775b65d753c34781efe6c1e7b714d9dd4a9,0144d4ef720e2f721643a00f3b5d4775b65d753c34781efe6c1e7b714d9dd4a9,raw/attempts/pilot-blocked_linear_n4096_b16384-b04-r0-p1-B
pilot-blocked_linear_n4096_b16384-b04-r0-p2-A,pilot,blocked_linear_n4096_b16384,4,0,BAAB,2,A,linear,4096,mixed,2026082901,16384,1,VALID,,False,0,False,1958,c29f6e9a49eb3454,25339d9aebc6ec46,0144d4ef720e2f721643a00f3b5d4775b65d753c34781efe6c1e7b714d9dd4a9,0144d4ef720e2f721643a00f3b5d4775b65d753c34781efe6c1e7b714d9dd4a9,raw/attempts/pilot-blocked_linear_n4096_b16384-b04-r0-p2-A
pilot-blocked_linear_n4096_b16384-b04-r0-p3-A,pilot,blocked_linear_n4096_b16384,4,0,BAAB,3,A,linear,4096,mixed,2026082901,16384,1,VALID,,False,0,False,1917,c29f6e9a49eb3454,25339d9aebc6ec46,0144d4ef720e2f721643a00f3b5d4775b65d753c34781efe6c1e7b714d9dd4a9,0144d4ef720e2f721643a00f3b5d4775b65d753c34781efe6c1e7b714d9dd4a9,raw/attempts/pilot-blocked_linear_n4096_b16384-b04-r0-p3-A
pilot-blocked_linear_n4096_b16384-b04-r0-p4-B,pilot,blocked_linear_n4096_b16384,4,0,BAAB,4,B,blocked,4096,mixed,2026082901,16384,1,VALID,,False,0,False,2666,c29f6e9a49eb3454,25339d9aebc6ec46,0144d4ef720e2f721643a00f3b5d4775b65d753c34781efe6c1e7b714d9dd4a9,0144d4ef720e2f721643a00f3b5d4775b65d753c34781efe6c1e7b714d9dd4a9,raw/attempts/pilot-blocked_linear_n4096_b16384-b04-r0-p4-B
pilot-blocked_linear_n262144_b16384-b01-r0-p1-B,pilot,blocked_linear_n262144_b16384,1,0,BAAB,1,B,blocked,262144,mixed,2026082901,16384,1,VALID,,False,0,False,393583,21fc62b48ab2a3a5,528ae490751b6dcb,0144d4ef720e2f721643a00f3b5d4775b65d753c34781efe6c1e7b714d9dd4a9,0144d4ef720e2f721643a00f3b5d4775b65d753c34781efe6c1e7b714d9dd4a9,raw/attempts/pilot-blocked_linear_n262144_b16384-b01-r0-p1-B
pilot-blocked_linear_n262144_b16384-b01-r0-p2-A,pilot,blocked_linear_n262144_b16384,1,0,BAAB,2,A,linear,262144,mixed,2026082901,16384,1,VALID,,False,0,False,465250,21fc62b48ab2a3a5,528ae490751b6dcb,0144d4ef720e2f721643a00f3b5d4775b65d753c34781efe6c1e7b714d9dd4a9,0144d4ef720e2f721643a00f3b5d4775b65d753c34781efe6c1e7b714d9dd4a9,raw/attempts/pilot-blocked_linear_n262144_b16384-b01-r0-p2-A
pilot-blocked_linear_n262144_b16384-b01-r0-p3-A,pilot,blocked_linear_n262144_b16384,1,0,BAAB,3,A,linear,262144,mixed,2026082901,16384,1,VALID,,False,0,False,135333,21fc62b48ab2a3a5,528ae490751b6dcb,0144d4ef720e2f721643a00f3b5d4775b65d753c34781efe6c1e7b714d9dd4a9,0144d4ef720e2f721643a00f3b5d4775b65d753c34781efe6c1e7b714d9dd4a9,raw/attempts/pilot-blocked_linear_n262144_b16384-b01-r0-p3-A
pilot-blocked_linear_n262144_b16384-b01-r0-p4-B,pilot,blocked_linear_n262144_b16384,1,0,BAAB,4,B,blocked,262144,mixed,2026082901,16384,1,VALID,,False,0,False,357333,21fc62b48ab2a3a5,528ae490751b6dcb,0144d4ef720e2f721643a00f3b5d4775b65d753c34781efe6c1e7b714d9dd4a9,0144d4ef720e2f721643a00f3b5d4775b65d753c34781efe6c1e7b714d9dd4a9,raw/attempts/pilot-blocked_linear_n262144_b16384-b01-r0-p4-B
pilot-blocked_linear_n262144_b16384-b02-r0-p1-A,pilot,blocked_linear_n262144_b16384,2,0,ABBA,1,A,linear,262144,mixed,2026082901,16384,1,VALID,,False,0,False,513959,21fc62b48ab2a3a5,528ae490751b6dcb,0144d4ef720e2f721643a00f3b5d4775b65d753c34781efe6c1e7b714d9dd4a9,0144d4ef720e2f721643a00f3b5d4775b65d753c34781efe6c1e7b714d9dd4a9,raw/attempts/pilot-blocked_linear_n262144_b16384-b02-r0-p1-A
pilot-blocked_linear_n262144_b16384-b02-r0-p2-B,pilot,blocked_linear_n262144_b16384,2,0,ABBA,2,B,blocked,262144,mixed,2026082901,16384,1,VALID,,False,0,False,408125,21fc62b48ab2a3a5,528ae490751b6dcb,0144d4ef720e2f721643a00f3b5d4775b65d753c34781efe6c1e7b714d9dd4a9,0144d4ef720e2f721643a00f3b5d4775b65d753c34781efe6c1e7b714d9dd4a9,raw/attempts/pilot-blocked_linear_n262144_b16384-b02-r0-p2-B
pilot-blocked_linear_n262144_b16384-b02-r0-p3-B,pilot,blocked_linear_n262144_b16384,2,0,ABBA,3,B,blocked,262144,mixed,2026082901,16384,1,VALID,,False,0,False,420958,21fc62b48ab2a3a5,528ae490751b6dcb,0144d4ef720e2f721643a00f3b5d4775b65d753c34781efe6c1e7b714d9dd4a9,0144d4ef720e2f721643a00f3b5d4775b65d753c34781efe6c1e7b714d9dd4a9,raw/attempts/pilot-blocked_linear_n262144_b16384-b02-r0-p3-B
pilot-blocked_linear_n262144_b16384-b02-r0-p4-A,pilot,blocked_linear_n262144_b16384,2,0,ABBA,4,A,linear,262144,mixed,2026082901,16384,1,VALID,,False,0,False,452167,21fc62b48ab2a3a5,528ae490751b6dcb,0144d4ef720e2f721643a00f3b5d4775b65d753c34781efe6c1e7b714d9dd4a9,0144d4ef720e2f721643a00f3b5d4775b65d753c34781efe6c1e7b714d9dd4a9,raw/attempts/pilot-blocked_linear_n262144_b16384-b02-r0-p4-A
pilot-blocked_linear_n262144_b16384-b03-r0-p1-B,pilot,blocked_linear_n262144_b16384,3,0,BAAB,1,B,blocked,262144,mixed,2026082901,16384,1,VALID,,False,0,False,371708,21fc62b48ab2a3a5,528ae490751b6dcb,0144d4ef720e2f721643a00f3b5d4775b65d753c34781efe6c1e7b714d9dd4a9,0144d4ef720e2f721643a00f3b5d4775b65d753c34781efe6c1e7b714d9dd4a9,raw/attempts/pilot-blocked_linear_n262144_b16384-b03-r0-p1-B
pilot-blocked_linear_n262144_b16384-b03-r0-p2-A,pilot,blocked_linear_n262144_b16384,3,0,BAAB,2,A,linear,262144,mixed,2026082901,16384,1,VALID,,False,0,False,495458,21fc62b48ab2a3a5,528ae490751b6dcb,0144d4ef720e2f721643a00f3b5d4775b65d753c34781efe6c1e7b714d9dd4a9,0144d4ef720e2f721643a00f3b5d4775b65d753c34781efe6c1e7b714d9dd4a9,raw/attempts/pilot-blocked_linear_n262144_b16384-b03-r0-p2-A
pilot-blocked_linear_n262144_b16384-b03-r0-p3-A,pilot,blocked_linear_n262144_b16384,3,0,BAAB,3,A,linear,262144,mixed,2026082901,16384,1,VALID,,False,0,False,150541,21fc62b48ab2a3a5,528ae490751b6dcb,0144d4ef720e2f721643a00f3b5d4775b65d753c34781efe6c1e7b714d9dd4a9,0144d4ef720e2f721643a00f3b5d4775b65d753c34781efe6c1e7b714d9dd4a9,raw/attempts/pilot-blocked_linear_n262144_b16384-b03-r0-p3-A
pilot-blocked_linear_n262144_b16384-b03-r0-p4-B,pilot,blocked_linear_n262144_b16384,3,0,BAAB,4,B,blocked,262144,mixed,2026082901,16384,1,VALID,,False,0,False,365125,21fc62b48ab2a3a5,528ae490751b6dcb,0144d4ef720e2f721643a00f3b5d4775b65d753c34781efe6c1e7b714d9dd4a9,0144d4ef720e2f721643a00f3b5d4775b65d753c34781efe6c1e7b714d9dd4a9,raw/attempts/pilot-blocked_linear_n262144_b16384-b03-r0-p4-B
pilot-blocked_linear_n262144_b16384-b04-r0-p1-A,pilot,blocked_linear_n262144_b16384,4,0,ABBA,1,A,linear,262144,mixed,2026082901,16384,1,VALID,,False,0,False,431750,21fc62b48ab2a3a5,528ae490751b6dcb,0144d4ef720e2f721643a00f3b5d4775b65d753c34781efe6c1e7b714d9dd4a9,0144d4ef720e2f721643a00f3b5d4775b65d753c34781efe6c1e7b714d9dd4a9,raw/attempts/pilot-blocked_linear_n262144_b16384-b04-r0-p1-A
pilot-blocked_linear_n262144_b16384-b04-r0-p2-B,pilot,blocked_linear_n262144_b16384,4,0,ABBA,2,B,blocked,262144,mixed,2026082901,16384,1,VALID,,False,0,False,376417,21fc62b48ab2a3a5,528ae490751b6dcb,0144d4ef720e2f721643a00f3b5d4775b65d753c34781efe6c1e7b714d9dd4a9,0144d4ef720e2f721643a00f3b5d4775b65d753c34781efe6c1e7b714d9dd4a9,raw/attempts/pilot-blocked_linear_n262144_b16384-b04-r0-p2-B
pilot-blocked_linear_n262144_b16384-b04-r0-p3-B,pilot,blocked_linear_n262144_b16384,4,0,ABBA,3,B,blocked,262144,mixed,2026082901,16384,1,VALID,,False,0,False,373292,21fc62b48ab2a3a5,528ae490751b6dcb,0144d4ef720e2f721643a00f3b5d4775b65d753c34781efe6c1e7b714d9dd4a9,0144d4ef720e2f721643a00f3b5d4775b65d753c34781efe6c1e7b714d9dd4a9,raw/attempts/pilot-blocked_linear_n262144_b16384-b04-r0-p3-B
pilot-blocked_linear_n262144_b16384-b04-r0-p4-A,pilot,blocked_linear_n262144_b16384,4,0,ABBA,4,A,linear,262144,mixed,2026082901,16384,1,VALID,,False,0,False,160875,21fc62b48ab2a3a5,528ae490751b6dcb,0144d4ef720e2f721643a00f3b5d4775b65d753c34781efe6c1e7b714d9dd4a9,0144d4ef720e2f721643a00f3b5d4775b65d753c34781efe6c1e7b714d9dd4a9,raw/attempts/pilot-blocked_linear_n262144_b16384-b04-r0-p4-A
pilot-blocked_linear_n4194304_b16384-b01-r0-p1-A,pilot,blocked_linear_n4194304_b16384,1,0,ABBA,1,A,linear,4194304,mixed,2026082901,16384,1,VALID,,False,0,False,3440958,fcb14a3d4db7d7be,fc85f7a4255832b3,0144d4ef720e2f721643a00f3b5d4775b65d753c34781efe6c1e7b714d9dd4a9,0144d4ef720e2f721643a00f3b5d4775b65d753c34781efe6c1e7b714d9dd4a9,raw/attempts/pilot-blocked_linear_n4194304_b16384-b01-r0-p1-A
pilot-blocked_linear_n4194304_b16384-b01-r0-p2-B,pilot,blocked_linear_n4194304_b16384,1,0,ABBA,2,B,blocked,4194304,mixed,2026082901,16384,1,VALID,,False,0,False,6712625,fcb14a3d4db7d7be,fc85f7a4255832b3,0144d4ef720e2f721643a00f3b5d4775b65d753c34781efe6c1e7b714d9dd4a9,0144d4ef720e2f721643a00f3b5d4775b65d753c34781efe6c1e7b714d9dd4a9,raw/attempts/pilot-blocked_linear_n4194304_b16384-b01-r0-p2-B
pilot-blocked_linear_n4194304_b16384-b01-r0-p3-B,pilot,blocked_linear_n4194304_b16384,1,0,ABBA,3,B,blocked,4194304,mixed,2026082901,16384,1,VALID,,False,0,False,6776334,fcb14a3d4db7d7be,fc85f7a4255832b3,0144d4ef720e2f721643a00f3b5d4775b65d753c34781efe6c1e7b714d9dd4a9,0144d4ef720e2f721643a00f3b5d4775b65d753c34781efe6c1e7b714d9dd4a9,raw/attempts/pilot-blocked_linear_n4194304_b16384-b01-r0-p3-B
pilot-blocked_linear_n4194304_b16384-b01-r0-p4-A,pilot,blocked_linear_n4194304_b16384,1,0,ABBA,4,A,linear,4194304,mixed,2026082901,16384,1,VALID,,False,0,False,5010125,fcb14a3d4db7d7be,fc85f7a4255832b3,0144d4ef720e2f721643a00f3b5d4775b65d753c34781efe6c1e7b714d9dd4a9,0144d4ef720e2f721643a00f3b5d4775b65d753c34781efe6c1e7b714d9dd4a9,raw/attempts/pilot-blocked_linear_n4194304_b16384-b01-r0-p4-A
pilot-blocked_linear_n4194304_b16384-b02-r0-p1-A,pilot,blocked_linear_n4194304_b16384,2,0,ABBA,1,A,linear,4194304,mixed,2026082901,16384,1,VALID,,False,0,False,7501792,fcb14a3d4db7d7be,fc85f7a4255832b3,0144d4ef720e2f721643a00f3b5d4775b65d753c34781efe6c1e7b714d9dd4a9,0144d4ef720e2f721643a00f3b5d4775b65d753c34781efe6c1e7b714d9dd4a9,raw/attempts/pilot-blocked_linear_n4194304_b16384-b02-r0-p1-A
pilot-blocked_linear_n4194304_b16384-b02-r0-p2-B,pilot,blocked_linear_n4194304_b16384,2,0,ABBA,2,B,blocked,4194304,mixed,2026082901,16384,1,VALID,,False,0,False,6145083,fcb14a3d4db7d7be,fc85f7a4255832b3,0144d4ef720e2f721643a00f3b5d4775b65d753c34781efe6c1e7b714d9dd4a9,0144d4ef720e2f721643a00f3b5d4775b65d753c34781efe6c1e7b714d9dd4a9,raw/attempts/pilot-blocked_linear_n4194304_b16384-b02-r0-p2-B
pilot-blocked_linear_n4194304_b16384-b02-r0-p3-B,pilot,blocked_linear_n4194304_b16384,2,0,ABBA,3,B,blocked,4194304,mixed,2026082901,16384,1,VALID,,False,0,False,7045917,fcb14a3d4db7d7be,fc85f7a4255832b3,0144d4ef720e2f721643a00f3b5d4775b65d753c34781efe6c1e7b714d9dd4a9,0144d4ef720e2f721643a00f3b5d4775b65d753c34781efe6c1e7b714d9dd4a9,raw/attempts/pilot-blocked_linear_n4194304_b16384-b02-r0-p3-B
pilot-blocked_linear_n4194304_b16384-b02-r0-p4-A,pilot,blocked_linear_n4194304_b16384,2,0,ABBA,4,A,linear,4194304,mixed,2026082901,16384,1,VALID,,False,0,False,4407334,fcb14a3d4db7d7be,fc85f7a4255832b3,0144d4ef720e2f721643a00f3b5d4775b65d753c34781efe6c1e7b714d9dd4a9,0144d4ef720e2f721643a00f3b5d4775b65d753c34781efe6c1e7b714d9dd4a9,raw/attempts/pilot-blocked_linear_n4194304_b16384-b02-r0-p4-A
pilot-blocked_linear_n4194304_b16384-b03-r0-p1-B,pilot,blocked_linear_n4194304_b16384,3,0,BAAB,1,B,blocked,4194304,mixed,2026082901,16384,1,VALID,,False,0,False,7654000,fcb14a3d4db7d7be,fc85f7a4255832b3,0144d4ef720e2f721643a00f3b5d4775b65d753c34781efe6c1e7b714d9dd4a9,0144d4ef720e2f721643a00f3b5d4775b65d753c34781efe6c1e7b714d9dd4a9,raw/attempts/pilot-blocked_linear_n4194304_b16384-b03-r0-p1-B
pilot-blocked_linear_n4194304_b16384-b03-r0-p2-A,pilot,blocked_linear_n4194304_b16384,3,0,BAAB,2,A,linear,4194304,mixed,2026082901,16384,1,VALID,,False,0,False,5363083,fcb14a3d4db7d7be,fc85f7a4255832b3,0144d4ef720e2f721643a00f3b5d4775b65d753c34781efe6c1e7b714d9dd4a9,0144d4ef720e2f721643a00f3b5d4775b65d753c34781efe6c1e7b714d9dd4a9,raw/attempts/pilot-blocked_linear_n4194304_b16384-b03-r0-p2-A
pilot-blocked_linear_n4194304_b16384-b03-r0-p3-A,pilot,blocked_linear_n4194304_b16384,3,0,BAAB,3,A,linear,4194304,mixed,2026082901,16384,1,VALID,,False,0,False,7583375,fcb14a3d4db7d7be,fc85f7a4255832b3,0144d4ef720e2f721643a00f3b5d4775b65d753c34781efe6c1e7b714d9dd4a9,0144d4ef720e2f721643a00f3b5d4775b65d753c34781efe6c1e7b714d9dd4a9,raw/attempts/pilot-blocked_linear_n4194304_b16384-b03-r0-p3-A
pilot-blocked_linear_n4194304_b16384-b03-r0-p4-B,pilot,blocked_linear_n4194304_b16384,3,0,BAAB,4,B,blocked,4194304,mixed,2026082901,16384,1,VALID,,False,0,False,7451000,fcb14a3d4db7d7be,fc85f7a4255832b3,0144d4ef720e2f721643a00f3b5d4775b65d753c34781efe6c1e7b714d9dd4a9,0144d4ef720e2f721643a00f3b5d4775b65d753c34781efe6c1e7b714d9dd4a9,raw/attempts/pilot-blocked_linear_n4194304_b16384-b03-r0-p4-B
pilot-blocked_linear_n4194304_b16384-b04-r0-p1-B,pilot,blocked_linear_n4194304_b16384,4,0,BAAB,1,B,blocked,4194304,mixed,2026082901,16384,1,VALID,,False,0,False,6866917,fcb14a3d4db7d7be,fc85f7a4255832b3,0144d4ef720e2f721643a00f3b5d4775b65d753c34781efe6c1e7b714d9dd4a9,0144d4ef720e2f721643a00f3b5d4775b65d753c34781efe6c1e7b714d9dd4a9,raw/attempts/pilot-blocked_linear_n4194304_b16384-b04-r0-p1-B
pilot-blocked_linear_n4194304_b16384-b04-r0-p2-A,pilot,blocked_linear_n4194304_b16384,4,0,BAAB,2,A,linear,4194304,mixed,2026082901,16384,1,VALID,,False,0,False,4518666,fcb14a3d4db7d7be,fc85f7a4255832b3,0144d4ef720e2f721643a00f3b5d4775b65d753c34781efe6c1e7b714d9dd4a9,0144d4ef720e2f721643a00f3b5d4775b65d753c34781efe6c1e7b714d9dd4a9,raw/attempts/pilot-blocked_linear_n4194304_b16384-b04-r0-p2-A
pilot-blocked_linear_n4194304_b16384-b04-r0-p3-A,pilot,blocked_linear_n4194304_b16384,4,0,BAAB,3,A,linear,4194304,mixed,2026082901,16384,1,VALID,,False,0,False,3748083,fcb14a3d4db7d7be,fc85f7a4255832b3,0144d4ef720e2f721643a00f3b5d4775b65d753c34781efe6c1e7b714d9dd4a9,0144d4ef720e2f721643a00f3b5d4775b65d753c34781efe6c1e7b714d9dd4a9,raw/attempts/pilot-blocked_linear_n4194304_b16384-b04-r0-p3-A
pilot-blocked_linear_n4194304_b16384-b04-r0-p4-B,pilot,blocked_linear_n4194304_b16384,4,0,BAAB,4,B,blocked,4194304,mixed,2026082901,16384,1,VALID,,False,0,False,6713958,fcb14a3d4db7d7be,fc85f7a4255832b3,0144d4ef720e2f721643a00f3b5d4775b65d753c34781efe6c1e7b714d9dd4a9,0144d4ef720e2f721643a00f3b5d4775b65d753c34781efe6c1e7b714d9dd4a9,raw/attempts/pilot-blocked_linear_n4194304_b16384-b04-r0-p4-B
pilot-parallel2_linear_n262144-b01-r0-p1-B,pilot,parallel2_linear_n262144,1,0,BAAB,1,B,parallel,262144,mixed,2026082901,1,2,VALID,,False,0,False,459042,21fc62b48ab2a3a5,528ae490751b6dcb,0144d4ef720e2f721643a00f3b5d4775b65d753c34781efe6c1e7b714d9dd4a9,0144d4ef720e2f721643a00f3b5d4775b65d753c34781efe6c1e7b714d9dd4a9,raw/attempts/pilot-parallel2_linear_n262144-b01-r0-p1-B
pilot-parallel2_linear_n262144-b01-r0-p2-A,pilot,parallel2_linear_n262144,1,0,BAAB,2,A,linear,262144,mixed,2026082901,1,2,VALID,,False,0,False,468583,21fc62b48ab2a3a5,528ae490751b6dcb,0144d4ef720e2f721643a00f3b5d4775b65d753c34781efe6c1e7b714d9dd4a9,0144d4ef720e2f721643a00f3b5d4775b65d753c34781efe6c1e7b714d9dd4a9,raw/attempts/pilot-parallel2_linear_n262144-b01-r0-p2-A
pilot-parallel2_linear_n262144-b01-r0-p3-A,pilot,parallel2_linear_n262144,1,0,BAAB,3,A,linear,262144,mixed,2026082901,1,2,VALID,,False,0,False,477583,21fc62b48ab2a3a5,528ae490751b6dcb,0144d4ef720e2f721643a00f3b5d4775b65d753c34781efe6c1e7b714d9dd4a9,0144d4ef720e2f721643a00f3b5d4775b65d753c34781efe6c1e7b714d9dd4a9,raw/attempts/pilot-parallel2_linear_n262144-b01-r0-p3-A
pilot-parallel2_linear_n262144-b01-r0-p4-B,pilot,parallel2_linear_n262144,1,0,BAAB,4,B,parallel,262144,mixed,2026082901,1,2,VALID,,False,0,False,691292,21fc62b48ab2a3a5,528ae490751b6dcb,0144d4ef720e2f721643a00f3b5d4775b65d753c34781efe6c1e7b714d9dd4a9,0144d4ef720e2f721643a00f3b5d4775b65d753c34781efe6c1e7b714d9dd4a9,raw/attempts/pilot-parallel2_linear_n262144-b01-r0-p4-B
pilot-parallel2_linear_n262144-b02-r0-p1-B,pilot,parallel2_linear_n262144,2,0,BAAB,1,B,parallel,262144,mixed,2026082901,1,2,VALID,,False,0,False,515417,21fc62b48ab2a3a5,528ae490751b6dcb,0144d4ef720e2f721643a00f3b5d4775b65d753c34781efe6c1e7b714d9dd4a9,0144d4ef720e2f721643a00f3b5d4775b65d753c34781efe6c1e7b714d9dd4a9,raw/attempts/pilot-parallel2_linear_n262144-b02-r0-p1-B
pilot-parallel2_linear_n262144-b02-r0-p2-A,pilot,parallel2_linear_n262144,2,0,BAAB,2,A,linear,262144,mixed,2026082901,1,2,VALID,,False,0,False,523667,21fc62b48ab2a3a5,528ae490751b6dcb,0144d4ef720e2f721643a00f3b5d4775b65d753c34781efe6c1e7b714d9dd4a9,0144d4ef720e2f721643a00f3b5d4775b65d753c34781efe6c1e7b714d9dd4a9,raw/attempts/pilot-parallel2_linear_n262144-b02-r0-p2-A
pilot-parallel2_linear_n262144-b02-r0-p3-A,pilot,parallel2_linear_n262144,2,0,BAAB,3,A,linear,262144,mixed,2026082901,1,2,VALID,,False,0,False,143833,21fc62b48ab2a3a5,528ae490751b6dcb,0144d4ef720e2f721643a00f3b5d4775b65d753c34781efe6c1e7b714d9dd4a9,0144d4ef720e2f721643a00f3b5d4775b65d753c34781efe6c1e7b714d9dd4a9,raw/attempts/pilot-parallel2_linear_n262144-b02-r0-p3-A
pilot-parallel2_linear_n262144-b02-r0-p4-B,pilot,parallel2_linear_n262144,2,0,BAAB,4,B,parallel,262144,mixed,2026082901,1,2,VALID,,False,0,False,616416,21fc62b48ab2a3a5,528ae490751b6dcb,0144d4ef720e2f721643a00f3b5d4775b65d753c34781efe6c1e7b714d9dd4a9,0144d4ef720e2f721643a00f3b5d4775b65d753c34781efe6c1e7b714d9dd4a9,raw/attempts/pilot-parallel2_linear_n262144-b02-r0-p4-B
pilot-parallel2_linear_n262144-b03-r0-p1-A,pilot,parallel2_linear_n262144,3,0,ABBA,1,A,linear,262144,mixed,2026082901,1,2,VALID,,False,0,False,409375,21fc62b48ab2a3a5,528ae490751b6dcb,0144d4ef720e2f721643a00f3b5d4775b65d753c34781efe6c1e7b714d9dd4a9,0144d4ef720e2f721643a00f3b5d4775b65d753c34781efe6c1e7b714d9dd4a9,raw/attempts/pilot-parallel2_linear_n262144-b03-r0-p1-A
pilot-parallel2_linear_n262144-b03-r0-p2-B,pilot,parallel2_linear_n262144,3,0,ABBA,2,B,parallel,262144,mixed,2026082901,1,2,VALID,,False,0,False,436875,21fc62b48ab2a3a5,528ae490751b6dcb,0144d4ef720e2f721643a00f3b5d4775b65d753c34781efe6c1e7b714d9dd4a9,0144d4ef720e2f721643a00f3b5d4775b65d753c34781efe6c1e7b714d9dd4a9,raw/attempts/pilot-parallel2_linear_n262144-b03-r0-p2-B
pilot-parallel2_linear_n262144-b03-r0-p3-B,pilot,parallel2_linear_n262144,3,0,ABBA,3,B,parallel,262144,mixed,2026082901,1,2,VALID,,False,0,False,483708,21fc62b48ab2a3a5,528ae490751b6dcb,0144d4ef720e2f721643a00f3b5d4775b65d753c34781efe6c1e7b714d9dd4a9,0144d4ef720e2f721643a00f3b5d4775b65d753c34781efe6c1e7b714d9dd4a9,raw/attempts/pilot-parallel2_linear_n262144-b03-r0-p3-B
pilot-parallel2_linear_n262144-b03-r0-p4-A,pilot,parallel2_linear_n262144,3,0,ABBA,4,A,linear,262144,mixed,2026082901,1,2,VALID,,False,0,False,518958,21fc62b48ab2a3a5,528ae490751b6dcb,0144d4ef720e2f721643a00f3b5d4775b65d753c34781efe6c1e7b714d9dd4a9,0144d4ef720e2f721643a00f3b5d4775b65d753c34781efe6c1e7b714d9dd4a9,raw/attempts/pilot-parallel2_linear_n262144-b03-r0-p4-A
pilot-parallel2_linear_n262144-b04-r0-p1-A,pilot,parallel2_linear_n262144,4,0,ABBA,1,A,linear,262144,mixed,2026082901,1,2,VALID,,False,0,False,329666,21fc62b48ab2a3a5,528ae490751b6dcb,0144d4ef720e2f721643a00f3b5d4775b65d753c34781efe6c1e7b714d9dd4a9,0144d4ef720e2f721643a00f3b5d4775b65d753c34781efe6c1e7b714d9dd4a9,raw/attempts/pilot-parallel2_linear_n262144-b04-r0-p1-A
pilot-parallel2_linear_n262144-b04-r0-p2-B,pilot,parallel2_linear_n262144,4,0,ABBA,2,B,parallel,262144,mixed,2026082901,1,2,VALID,,False,0,False,412208,21fc62b48ab2a3a5,528ae490751b6dcb,0144d4ef720e2f721643a00f3b5d4775b65d753c34781efe6c1e7b714d9dd4a9,0144d4ef720e2f721643a00f3b5d4775b65d753c34781efe6c1e7b714d9dd4a9,raw/attempts/pilot-parallel2_linear_n262144-b04-r0-p2-B
pilot-parallel2_linear_n262144-b04-r0-p3-B,pilot,parallel2_linear_n262144,4,0,ABBA,3,B,parallel,262144,mixed,2026082901,1,2,VALID,,False,0,False,428125,21fc62b48ab2a3a5,528ae490751b6dcb,0144d4ef720e2f721643a00f3b5d4775b65d753c34781efe6c1e7b714d9dd4a9,0144d4ef720e2f721643a00f3b5d4775b65d753c34781efe6c1e7b714d9dd4a9,raw/attempts/pilot-parallel2_linear_n262144-b04-r0-p3-B
pilot-parallel2_linear_n262144-b04-r0-p4-A,pilot,parallel2_linear_n262144,4,0,ABBA,4,A,linear,262144,mixed,2026082901,1,2,VALID,,False,0,False,427500,21fc62b48ab2a3a5,528ae490751b6dcb,0144d4ef720e2f721643a00f3b5d4775b65d753c34781efe6c1e7b714d9dd4a9,0144d4ef720e2f721643a00f3b5d4775b65d753c34781efe6c1e7b714d9dd4a9,raw/attempts/pilot-parallel2_linear_n262144-b04-r0-p4-A
pilot-parallel4_linear_n262144-b01-r0-p1-A,pilot,parallel4_linear_n262144,1,0,ABBA,1,A,linear,262144,mixed,2026082901,1,4,VALID,,False,0,False,513000,21fc62b48ab2a3a5,528ae490751b6dcb,0144d4ef720e2f721643a00f3b5d4775b65d753c34781efe6c1e7b714d9dd4a9,0144d4ef720e2f721643a00f3b5d4775b65d753c34781efe6c1e7b714d9dd4a9,raw/attempts/pilot-parallel4_linear_n262144-b01-r0-p1-A
pilot-parallel4_linear_n262144-b01-r0-p2-B,pilot,parallel4_linear_n262144,1,0,ABBA,2,B,parallel,262144,mixed,2026082901,1,4,VALID,,False,0,False,351292,21fc62b48ab2a3a5,528ae490751b6dcb,0144d4ef720e2f721643a00f3b5d4775b65d753c34781efe6c1e7b714d9dd4a9,0144d4ef720e2f721643a00f3b5d4775b65d753c34781efe6c1e7b714d9dd4a9,raw/attempts/pilot-parallel4_linear_n262144-b01-r0-p2-B
pilot-parallel4_linear_n262144-b01-r0-p3-B,pilot,parallel4_linear_n262144,1,0,ABBA,3,B,parallel,262144,mixed,2026082901,1,4,VALID,,False,0,False,333583,21fc62b48ab2a3a5,528ae490751b6dcb,0144d4ef720e2f721643a00f3b5d4775b65d753c34781efe6c1e7b714d9dd4a9,0144d4ef720e2f721643a00f3b5d4775b65d753c34781efe6c1e7b714d9dd4a9,raw/attempts/pilot-parallel4_linear_n262144-b01-r0-p3-B
pilot-parallel4_linear_n262144-b01-r0-p4-A,pilot,parallel4_linear_n262144,1,0,ABBA,4,A,linear,262144,mixed,2026082901,1,4,VALID,,False,0,False,503250,21fc62b48ab2a3a5,528ae490751b6dcb,0144d4ef720e2f721643a00f3b5d4775b65d753c34781efe6c1e7b714d9dd4a9,0144d4ef720e2f721643a00f3b5d4775b65d753c34781efe6c1e7b714d9dd4a9,raw/attempts/pilot-parallel4_linear_n262144-b01-r0-p4-A
pilot-parallel4_linear_n262144-b02-r0-p1-B,pilot,parallel4_linear_n262144,2,0,BAAB,1,B,parallel,262144,mixed,2026082901,1,4,VALID,,False,0,False,356583,21fc62b48ab2a3a5,528ae490751b6dcb,0144d4ef720e2f721643a00f3b5d4775b65d753c34781efe6c1e7b714d9dd4a9,0144d4ef720e2f721643a00f3b5d4775b65d753c34781efe6c1e7b714d9dd4a9,raw/attempts/pilot-parallel4_linear_n262144-b02-r0-p1-B
pilot-parallel4_linear_n262144-b02-r0-p2-A,pilot,parallel4_linear_n262144,2,0,BAAB,2,A,linear,262144,mixed,2026082901,1,4,VALID,,False,0,False,508750,21fc62b48ab2a3a5,528ae490751b6dcb,0144d4ef720e2f721643a00f3b5d4775b65d753c34781efe6c1e7b714d9dd4a9,0144d4ef720e2f721643a00f3b5d4775b65d753c34781efe6c1e7b714d9dd4a9,raw/attempts/pilot-parallel4_linear_n262144-b02-r0-p2-A
pilot-parallel4_linear_n262144-b02-r0-p3-A,pilot,parallel4_linear_n262144,2,0,BAAB,3,A,linear,262144,mixed,2026082901,1,4,VALID,,False,0,False,503708,21fc62b48ab2a3a5,528ae490751b6dcb,0144d4ef720e2f721643a00f3b5d4775b65d753c34781efe6c1e7b714d9dd4a9,0144d4ef720e2f721643a00f3b5d4775b65d753c34781efe6c1e7b714d9dd4a9,raw/attempts/pilot-parallel4_linear_n262144-b02-r0-p3-A
pilot-parallel4_linear_n262144-b02-r0-p4-B,pilot,parallel4_linear_n262144,2,0,BAAB,4,B,parallel,262144,mixed,2026082901,1,4,VALID,,False,0,False,336166,21fc62b48ab2a3a5,528ae490751b6dcb,0144d4ef720e2f721643a00f3b5d4775b65d753c34781efe6c1e7b714d9dd4a9,0144d4ef720e2f721643a00f3b5d4775b65d753c34781efe6c1e7b714d9dd4a9,raw/attempts/pilot-parallel4_linear_n262144-b02-r0-p4-B
pilot-parallel4_linear_n262144-b03-r0-p1-B,pilot,parallel4_linear_n262144,3,0,BAAB,1,B,parallel,262144,mixed,2026082901,1,4,VALID,,False,0,False,359084,21fc62b48ab2a3a5,528ae490751b6dcb,0144d4ef720e2f721643a00f3b5d4775b65d753c34781efe6c1e7b714d9dd4a9,0144d4ef720e2f721643a00f3b5d4775b65d753c34781efe6c1e7b714d9dd4a9,raw/attempts/pilot-parallel4_linear_n262144-b03-r0-p1-B
pilot-parallel4_linear_n262144-b03-r0-p2-A,pilot,parallel4_linear_n262144,3,0,BAAB,2,A,linear,262144,mixed,2026082901,1,4,VALID,,False,0,False,521833,21fc62b48ab2a3a5,528ae490751b6dcb,0144d4ef720e2f721643a00f3b5d4775b65d753c34781efe6c1e7b714d9dd4a9,0144d4ef720e2f721643a00f3b5d4775b65d753c34781efe6c1e7b714d9dd4a9,raw/attempts/pilot-parallel4_linear_n262144-b03-r0-p2-A
pilot-parallel4_linear_n262144-b03-r0-p3-A,pilot,parallel4_linear_n262144,3,0,BAAB,3,A,linear,262144,mixed,2026082901,1,4,VALID,,False,0,False,512041,21fc62b48ab2a3a5,528ae490751b6dcb,0144d4ef720e2f721643a00f3b5d4775b65d753c34781efe6c1e7b714d9dd4a9,0144d4ef720e2f721643a00f3b5d4775b65d753c34781efe6c1e7b714d9dd4a9,raw/attempts/pilot-parallel4_linear_n262144-b03-r0-p3-A
pilot-parallel4_linear_n262144-b03-r0-p4-B,pilot,parallel4_linear_n262144,3,0,BAAB,4,B,parallel,262144,mixed,2026082901,1,4,VALID,,False,0,False,348500,21fc62b48ab2a3a5,528ae490751b6dcb,0144d4ef720e2f721643a00f3b5d4775b65d753c34781efe6c1e7b714d9dd4a9,0144d4ef720e2f721643a00f3b5d4775b65d753c34781efe6c1e7b714d9dd4a9,raw/attempts/pilot-parallel4_linear_n262144-b03-r0-p4-B
pilot-parallel4_linear_n262144-b04-r0-p1-A,pilot,parallel4_linear_n262144,4,0,ABBA,1,A,linear,262144,mixed,2026082901,1,4,VALID,,False,0,False,502958,21fc62b48ab2a3a5,528ae490751b6dcb,0144d4ef720e2f721643a00f3b5d4775b65d753c34781efe6c1e7b714d9dd4a9,0144d4ef720e2f721643a00f3b5d4775b65d753c34781efe6c1e7b714d9dd4a9,raw/attempts/pilot-parallel4_linear_n262144-b04-r0-p1-A
pilot-parallel4_linear_n262144-b04-r0-p2-B,pilot,parallel4_linear_n262144,4,0,ABBA,2,B,parallel,262144,mixed,2026082901,1,4,VALID,,False,0,False,329125,21fc62b48ab2a3a5,528ae490751b6dcb,0144d4ef720e2f721643a00f3b5d4775b65d753c34781efe6c1e7b714d9dd4a9,0144d4ef720e2f721643a00f3b5d4775b65d753c34781efe6c1e7b714d9dd4a9,raw/attempts/pilot-parallel4_linear_n262144-b04-r0-p2-B
pilot-parallel4_linear_n262144-b04-r0-p3-B,pilot,parallel4_linear_n262144,4,0,ABBA,3,B,parallel,262144,mixed,2026082901,1,4,VALID,,False,0,False,385791,21fc62b48ab2a3a5,528ae490751b6dcb,0144d4ef720e2f721643a00f3b5d4775b65d753c34781efe6c1e7b714d9dd4a9,0144d4ef720e2f721643a00f3b5d4775b65d753c34781efe6c1e7b714d9dd4a9,raw/attempts/pilot-parallel4_linear_n262144-b04-r0-p3-B
pilot-parallel4_linear_n262144-b04-r0-p4-A,pilot,parallel4_linear_n262144,4,0,ABBA,4,A,linear,262144,mixed,2026082901,1,4,VALID,,False,0,False,138458,21fc62b48ab2a3a5,528ae490751b6dcb,0144d4ef720e2f721643a00f3b5d4775b65d753c34781efe6c1e7b714d9dd4a9,0144d4ef720e2f721643a00f3b5d4775b65d753c34781efe6c1e7b714d9dd4a9,raw/attempts/pilot-parallel4_linear_n262144-b04-r0-p4-A
pilot-parallel8_linear_n262144-b01-r0-p1-B,pilot,parallel8_linear_n262144,1,0,BAAB,1,B,parallel,262144,mixed,2026082901,1,8,VALID,,False,0,False,351667,21fc62b48ab2a3a5,528ae490751b6dcb,0144d4ef720e2f721643a00f3b5d4775b65d753c34781efe6c1e7b714d9dd4a9,0144d4ef720e2f721643a00f3b5d4775b65d753c34781efe6c1e7b714d9dd4a9,raw/attempts/pilot-parallel8_linear_n262144-b01-r0-p1-B
pilot-parallel8_linear_n262144-b01-r0-p2-A,pilot,parallel8_linear_n262144,1,0,BAAB,2,A,linear,262144,mixed,2026082901,1,8,VALID,,False,0,False,469625,21fc62b48ab2a3a5,528ae490751b6dcb,0144d4ef720e2f721643a00f3b5d4775b65d753c34781efe6c1e7b714d9dd4a9,0144d4ef720e2f721643a00f3b5d4775b65d753c34781efe6c1e7b714d9dd4a9,raw/attempts/pilot-parallel8_linear_n262144-b01-r0-p2-A
pilot-parallel8_linear_n262144-b01-r0-p3-A,pilot,parallel8_linear_n262144,1,0,BAAB,3,A,linear,262144,mixed,2026082901,1,8,VALID,,False,0,False,459292,21fc62b48ab2a3a5,528ae490751b6dcb,0144d4ef720e2f721643a00f3b5d4775b65d753c34781efe6c1e7b714d9dd4a9,0144d4ef720e2f721643a00f3b5d4775b65d753c34781efe6c1e7b714d9dd4a9,raw/attempts/pilot-parallel8_linear_n262144-b01-r0-p3-A
pilot-parallel8_linear_n262144-b01-r0-p4-B,pilot,parallel8_linear_n262144,1,0,BAAB,4,B,parallel,262144,mixed,2026082901,1,8,VALID,,False,0,False,396500,21fc62b48ab2a3a5,528ae490751b6dcb,0144d4ef720e2f721643a00f3b5d4775b65d753c34781efe6c1e7b714d9dd4a9,0144d4ef720e2f721643a00f3b5d4775b65d753c34781efe6c1e7b714d9dd4a9,raw/attempts/pilot-parallel8_linear_n262144-b01-r0-p4-B
pilot-parallel8_linear_n262144-b02-r0-p1-A,pilot,parallel8_linear_n262144,2,0,ABBA,1,A,linear,262144,mixed,2026082901,1,8,VALID,,False,0,False,502042,21fc62b48ab2a3a5,528ae490751b6dcb,0144d4ef720e2f721643a00f3b5d4775b65d753c34781efe6c1e7b714d9dd4a9,0144d4ef720e2f721643a00f3b5d4775b65d753c34781efe6c1e7b714d9dd4a9,raw/attempts/pilot-parallel8_linear_n262144-b02-r0-p1-A
pilot-parallel8_linear_n262144-b02-r0-p2-B,pilot,parallel8_linear_n262144,2,0,ABBA,2,B,parallel,262144,mixed,2026082901,1,8,VALID,,False,0,False,352208,21fc62b48ab2a3a5,528ae490751b6dcb,0144d4ef720e2f721643a00f3b5d4775b65d753c34781efe6c1e7b714d9dd4a9,0144d4ef720e2f721643a00f3b5d4775b65d753c34781efe6c1e7b714d9dd4a9,raw/attempts/pilot-parallel8_linear_n262144-b02-r0-p2-B
pilot-parallel8_linear_n262144-b02-r0-p3-B,pilot,parallel8_linear_n262144,2,0,ABBA,3,B,parallel,262144,mixed,2026082901,1,8,VALID,,False,0,False,399125,21fc62b48ab2a3a5,528ae490751b6dcb,0144d4ef720e2f721643a00f3b5d4775b65d753c34781efe6c1e7b714d9dd4a9,0144d4ef720e2f721643a00f3b5d4775b65d753c34781efe6c1e7b714d9dd4a9,raw/attempts/pilot-parallel8_linear_n262144-b02-r0-p3-B
pilot-parallel8_linear_n262144-b02-r0-p4-A,pilot,parallel8_linear_n262144,2,0,ABBA,4,A,linear,262144,mixed,2026082901,1,8,VALID,,False,0,False,518375,21fc62b48ab2a3a5,528ae490751b6dcb,0144d4ef720e2f721643a00f3b5d4775b65d753c34781efe6c1e7b714d9dd4a9,0144d4ef720e2f721643a00f3b5d4775b65d753c34781efe6c1e7b714d9dd4a9,raw/attempts/pilot-parallel8_linear_n262144-b02-r0-p4-A
pilot-parallel8_linear_n262144-b03-r0-p1-A,pilot,parallel8_linear_n262144,3,0,ABBA,1,A,linear,262144,mixed,2026082901,1,8,VALID,,False,0,False,142709,21fc62b48ab2a3a5,528ae490751b6dcb,0144d4ef720e2f721643a00f3b5d4775b65d753c34781efe6c1e7b714d9dd4a9,0144d4ef720e2f721643a00f3b5d4775b65d753c34781efe6c1e7b714d9dd4a9,raw/attempts/pilot-parallel8_linear_n262144-b03-r0-p1-A
pilot-parallel8_linear_n262144-b03-r0-p2-B,pilot,parallel8_linear_n262144,3,0,ABBA,2,B,parallel,262144,mixed,2026082901,1,8,VALID,,False,0,False,390667,21fc62b48ab2a3a5,528ae490751b6dcb,0144d4ef720e2f721643a00f3b5d4775b65d753c34781efe6c1e7b714d9dd4a9,0144d4ef720e2f721643a00f3b5d4775b65d753c34781efe6c1e7b714d9dd4a9,raw/attempts/pilot-parallel8_linear_n262144-b03-r0-p2-B
pilot-parallel8_linear_n262144-b03-r0-p3-B,pilot,parallel8_linear_n262144,3,0,ABBA,3,B,parallel,262144,mixed,2026082901,1,8,VALID,,False,0,False,380459,21fc62b48ab2a3a5,528ae490751b6dcb,0144d4ef720e2f721643a00f3b5d4775b65d753c34781efe6c1e7b714d9dd4a9,0144d4ef720e2f721643a00f3b5d4775b65d753c34781efe6c1e7b714d9dd4a9,raw/attempts/pilot-parallel8_linear_n262144-b03-r0-p3-B
pilot-parallel8_linear_n262144-b03-r0-p4-A,pilot,parallel8_linear_n262144,3,0,ABBA,4,A,linear,262144,mixed,2026082901,1,8,VALID,,False,0,False,459416,21fc62b48ab2a3a5,528ae490751b6dcb,0144d4ef720e2f721643a00f3b5d4775b65d753c34781efe6c1e7b714d9dd4a9,0144d4ef720e2f721643a00f3b5d4775b65d753c34781efe6c1e7b714d9dd4a9,raw/attempts/pilot-parallel8_linear_n262144-b03-r0-p4-A
pilot-parallel8_linear_n262144-b04-r0-p1-B,pilot,parallel8_linear_n262144,4,0,BAAB,1,B,parallel,262144,mixed,2026082901,1,8,VALID,,False,0,False,371083,21fc62b48ab2a3a5,528ae490751b6dcb,0144d4ef720e2f721643a00f3b5d4775b65d753c34781efe6c1e7b714d9dd4a9,0144d4ef720e2f721643a00f3b5d4775b65d753c34781efe6c1e7b714d9dd4a9,raw/attempts/pilot-parallel8_linear_n262144-b04-r0-p1-B
pilot-parallel8_linear_n262144-b04-r0-p2-A,pilot,parallel8_linear_n262144,4,0,BAAB,2,A,linear,262144,mixed,2026082901,1,8,VALID,,False,0,False,403750,21fc62b48ab2a3a5,528ae490751b6dcb,0144d4ef720e2f721643a00f3b5d4775b65d753c34781efe6c1e7b714d9dd4a9,0144d4ef720e2f721643a00f3b5d4775b65d753c34781efe6c1e7b714d9dd4a9,raw/attempts/pilot-parallel8_linear_n262144-b04-r0-p2-A
pilot-parallel8_linear_n262144-b04-r0-p3-A,pilot,parallel8_linear_n262144,4,0,BAAB,3,A,linear,262144,mixed,2026082901,1,8,VALID,,False,0,False,456333,21fc62b48ab2a3a5,528ae490751b6dcb,0144d4ef720e2f721643a00f3b5d4775b65d753c34781efe6c1e7b714d9dd4a9,0144d4ef720e2f721643a00f3b5d4775b65d753c34781efe6c1e7b714d9dd4a9,raw/attempts/pilot-parallel8_linear_n262144-b04-r0-p3-A
pilot-parallel8_linear_n262144-b04-r0-p4-B,pilot,parallel8_linear_n262144,4,0,BAAB,4,B,parallel,262144,mixed,2026082901,1,8,VALID,,False,0,False,380750,21fc62b48ab2a3a5,528ae490751b6dcb,0144d4ef720e2f721643a00f3b5d4775b65d753c34781efe6c1e7b714d9dd4a9,0144d4ef720e2f721643a00f3b5d4775b65d753c34781efe6c1e7b714d9dd4a9,raw/attempts/pilot-parallel8_linear_n262144-b04-r0-p4-B
pilot-parallel2_linear_n4194304-b01-r0-p1-A,pilot,parallel2_linear_n4194304,1,0,ABBA,1,A,linear,4194304,mixed,2026082901,1,2,VALID,,False,0,False,4583250,fcb14a3d4db7d7be,fc85f7a4255832b3,0144d4ef720e2f721643a00f3b5d4775b65d753c34781efe6c1e7b714d9dd4a9,0144d4ef720e2f721643a00f3b5d4775b65d753c34781efe6c1e7b714d9dd4a9,raw/attempts/pilot-parallel2_linear_n4194304-b01-r0-p1-A
pilot-parallel2_linear_n4194304-b01-r0-p2-B,pilot,parallel2_linear_n4194304,1,0,ABBA,2,B,parallel,4194304,mixed,2026082901,1,2,VALID,,False,0,False,5460458,fcb14a3d4db7d7be,fc85f7a4255832b3,0144d4ef720e2f721643a00f3b5d4775b65d753c34781efe6c1e7b714d9dd4a9,0144d4ef720e2f721643a00f3b5d4775b65d753c34781efe6c1e7b714d9dd4a9,raw/attempts/pilot-parallel2_linear_n4194304-b01-r0-p2-B
pilot-parallel2_linear_n4194304-b01-r0-p3-B,pilot,parallel2_linear_n4194304,1,0,ABBA,3,B,parallel,4194304,mixed,2026082901,1,2,VALID,,False,0,False,4548708,fcb14a3d4db7d7be,fc85f7a4255832b3,0144d4ef720e2f721643a00f3b5d4775b65d753c34781efe6c1e7b714d9dd4a9,0144d4ef720e2f721643a00f3b5d4775b65d753c34781efe6c1e7b714d9dd4a9,raw/attempts/pilot-parallel2_linear_n4194304-b01-r0-p3-B
pilot-parallel2_linear_n4194304-b01-r0-p4-A,pilot,parallel2_linear_n4194304,1,0,ABBA,4,A,linear,4194304,mixed,2026082901,1,2,VALID,,False,0,False,5137500,fcb14a3d4db7d7be,fc85f7a4255832b3,0144d4ef720e2f721643a00f3b5d4775b65d753c34781efe6c1e7b714d9dd4a9,0144d4ef720e2f721643a00f3b5d4775b65d753c34781efe6c1e7b714d9dd4a9,raw/attempts/pilot-parallel2_linear_n4194304-b01-r0-p4-A
pilot-parallel2_linear_n4194304-b02-r0-p1-A,pilot,parallel2_linear_n4194304,2,0,ABBA,1,A,linear,4194304,mixed,2026082901,1,2,VALID,,False,0,False,3931584,fcb14a3d4db7d7be,fc85f7a4255832b3,0144d4ef720e2f721643a00f3b5d4775b65d753c34781efe6c1e7b714d9dd4a9,0144d4ef720e2f721643a00f3b5d4775b65d753c34781efe6c1e7b714d9dd4a9,raw/attempts/pilot-parallel2_linear_n4194304-b02-r0-p1-A
pilot-parallel2_linear_n4194304-b02-r0-p2-B,pilot,parallel2_linear_n4194304,2,0,ABBA,2,B,parallel,4194304,mixed,2026082901,1,2,VALID,,False,0,False,5522334,fcb14a3d4db7d7be,fc85f7a4255832b3,0144d4ef720e2f721643a00f3b5d4775b65d753c34781efe6c1e7b714d9dd4a9,0144d4ef720e2f721643a00f3b5d4775b65d753c34781efe6c1e7b714d9dd4a9,raw/attempts/pilot-parallel2_linear_n4194304-b02-r0-p2-B
pilot-parallel2_linear_n4194304-b02-r0-p3-B,pilot,parallel2_linear_n4194304,2,0,ABBA,3,B,parallel,4194304,mixed,2026082901,1,2,VALID,,False,0,False,5378959,fcb14a3d4db7d7be,fc85f7a4255832b3,0144d4ef720e2f721643a00f3b5d4775b65d753c34781efe6c1e7b714d9dd4a9,0144d4ef720e2f721643a00f3b5d4775b65d753c34781efe6c1e7b714d9dd4a9,raw/attempts/pilot-parallel2_linear_n4194304-b02-r0-p3-B
pilot-parallel2_linear_n4194304-b02-r0-p4-A,pilot,parallel2_linear_n4194304,2,0,ABBA,4,A,linear,4194304,mixed,2026082901,1,2,VALID,,False,0,False,4841833,fcb14a3d4db7d7be,fc85f7a4255832b3,0144d4ef720e2f721643a00f3b5d4775b65d753c34781efe6c1e7b714d9dd4a9,0144d4ef720e2f721643a00f3b5d4775b65d753c34781efe6c1e7b714d9dd4a9,raw/attempts/pilot-parallel2_linear_n4194304-b02-r0-p4-A
pilot-parallel2_linear_n4194304-b03-r0-p1-B,pilot,parallel2_linear_n4194304,3,0,BAAB,1,B,parallel,4194304,mixed,2026082901,1,2,VALID,,False,0,False,6065125,fcb14a3d4db7d7be,fc85f7a4255832b3,0144d4ef720e2f721643a00f3b5d4775b65d753c34781efe6c1e7b714d9dd4a9,0144d4ef720e2f721643a00f3b5d4775b65d753c34781efe6c1e7b714d9dd4a9,raw/attempts/pilot-parallel2_linear_n4194304-b03-r0-p1-B
pilot-parallel2_linear_n4194304-b03-r0-p2-A,pilot,parallel2_linear_n4194304,3,0,BAAB,2,A,linear,4194304,mixed,2026082901,1,2,VALID,,False,0,False,3633584,fcb14a3d4db7d7be,fc85f7a4255832b3,0144d4ef720e2f721643a00f3b5d4775b65d753c34781efe6c1e7b714d9dd4a9,0144d4ef720e2f721643a00f3b5d4775b65d753c34781efe6c1e7b714d9dd4a9,raw/attempts/pilot-parallel2_linear_n4194304-b03-r0-p2-A
pilot-parallel2_linear_n4194304-b03-r0-p3-A,pilot,parallel2_linear_n4194304,3,0,BAAB,3,A,linear,4194304,mixed,2026082901,1,2,VALID,,False,0,False,5184875,fcb14a3d4db7d7be,fc85f7a4255832b3,0144d4ef720e2f721643a00f3b5d4775b65d753c34781efe6c1e7b714d9dd4a9,0144d4ef720e2f721643a00f3b5d4775b65d753c34781efe6c1e7b714d9dd4a9,raw/attempts/pilot-parallel2_linear_n4194304-b03-r0-p3-A
pilot-parallel2_linear_n4194304-b03-r0-p4-B,pilot,parallel2_linear_n4194304,3,0,BAAB,4,B,parallel,4194304,mixed,2026082901,1,2,VALID,,False,0,False,4296750,fcb14a3d4db7d7be,fc85f7a4255832b3,0144d4ef720e2f721643a00f3b5d4775b65d753c34781efe6c1e7b714d9dd4a9,0144d4ef720e2f721643a00f3b5d4775b65d753c34781efe6c1e7b714d9dd4a9,raw/attempts/pilot-parallel2_linear_n4194304-b03-r0-p4-B
pilot-parallel2_linear_n4194304-b04-r0-p1-B,pilot,parallel2_linear_n4194304,4,0,BAAB,1,B,parallel,4194304,mixed,2026082901,1,2,VALID,,False,0,False,5144958,fcb14a3d4db7d7be,fc85f7a4255832b3,0144d4ef720e2f721643a00f3b5d4775b65d753c34781efe6c1e7b714d9dd4a9,0144d4ef720e2f721643a00f3b5d4775b65d753c34781efe6c1e7b714d9dd4a9,raw/attempts/pilot-parallel2_linear_n4194304-b04-r0-p1-B
pilot-parallel2_linear_n4194304-b04-r0-p2-A,pilot,parallel2_linear_n4194304,4,0,BAAB,2,A,linear,4194304,mixed,2026082901,1,2,VALID,,False,0,False,6123292,fcb14a3d4db7d7be,fc85f7a4255832b3,0144d4ef720e2f721643a00f3b5d4775b65d753c34781efe6c1e7b714d9dd4a9,0144d4ef720e2f721643a00f3b5d4775b65d753c34781efe6c1e7b714d9dd4a9,raw/attempts/pilot-parallel2_linear_n4194304-b04-r0-p2-A
pilot-parallel2_linear_n4194304-b04-r0-p3-A,pilot,parallel2_linear_n4194304,4,0,BAAB,3,A,linear,4194304,mixed,2026082901,1,2,VALID,,False,0,False,4699375,fcb14a3d4db7d7be,fc85f7a4255832b3,0144d4ef720e2f721643a00f3b5d4775b65d753c34781efe6c1e7b714d9dd4a9,0144d4ef720e2f721643a00f3b5d4775b65d753c34781efe6c1e7b714d9dd4a9,raw/attempts/pilot-parallel2_linear_n4194304-b04-r0-p3-A
pilot-parallel2_linear_n4194304-b04-r0-p4-B,pilot,parallel2_linear_n4194304,4,0,BAAB,4,B,parallel,4194304,mixed,2026082901,1,2,VALID,,False,0,False,6876917,fcb14a3d4db7d7be,fc85f7a4255832b3,0144d4ef720e2f721643a00f3b5d4775b65d753c34781efe6c1e7b714d9dd4a9,0144d4ef720e2f721643a00f3b5d4775b65d753c34781efe6c1e7b714d9dd4a9,raw/attempts/pilot-parallel2_linear_n4194304-b04-r0-p4-B
pilot-parallel4_linear_n4194304-b01-r0-p1-A,pilot,parallel4_linear_n4194304,1,0,ABBA,1,A,linear,4194304,mixed,2026082901,1,4,VALID,,False,0,False,5120416,fcb14a3d4db7d7be,fc85f7a4255832b3,0144d4ef720e2f721643a00f3b5d4775b65d753c34781efe6c1e7b714d9dd4a9,0144d4ef720e2f721643a00f3b5d4775b65d753c34781efe6c1e7b714d9dd4a9,raw/attempts/pilot-parallel4_linear_n4194304-b01-r0-p1-A
pilot-parallel4_linear_n4194304-b01-r0-p2-B,pilot,parallel4_linear_n4194304,1,0,ABBA,2,B,parallel,4194304,mixed,2026082901,1,4,VALID,,False,0,False,3536167,fcb14a3d4db7d7be,fc85f7a4255832b3,0144d4ef720e2f721643a00f3b5d4775b65d753c34781efe6c1e7b714d9dd4a9,0144d4ef720e2f721643a00f3b5d4775b65d753c34781efe6c1e7b714d9dd4a9,raw/attempts/pilot-parallel4_linear_n4194304-b01-r0-p2-B
pilot-parallel4_linear_n4194304-b01-r0-p3-B,pilot,parallel4_linear_n4194304,1,0,ABBA,3,B,parallel,4194304,mixed,2026082901,1,4,VALID,,False,0,False,3838458,fcb14a3d4db7d7be,fc85f7a4255832b3,0144d4ef720e2f721643a00f3b5d4775b65d753c34781efe6c1e7b714d9dd4a9,0144d4ef720e2f721643a00f3b5d4775b65d753c34781efe6c1e7b714d9dd4a9,raw/attempts/pilot-parallel4_linear_n4194304-b01-r0-p3-B
pilot-parallel4_linear_n4194304-b01-r0-p4-A,pilot,parallel4_linear_n4194304,1,0,ABBA,4,A,linear,4194304,mixed,2026082901,1,4,VALID,,False,0,False,6906500,fcb14a3d4db7d7be,fc85f7a4255832b3,0144d4ef720e2f721643a00f3b5d4775b65d753c34781efe6c1e7b714d9dd4a9,0144d4ef720e2f721643a00f3b5d4775b65d753c34781efe6c1e7b714d9dd4a9,raw/attempts/pilot-parallel4_linear_n4194304-b01-r0-p4-A
pilot-parallel4_linear_n4194304-b02-r0-p1-B,pilot,parallel4_linear_n4194304,2,0,BAAB,1,B,parallel,4194304,mixed,2026082901,1,4,VALID,,False,0,False,3519916,fcb14a3d4db7d7be,fc85f7a4255832b3,0144d4ef720e2f721643a00f3b5d4775b65d753c34781efe6c1e7b714d9dd4a9,0144d4ef720e2f721643a00f3b5d4775b65d753c34781efe6c1e7b714d9dd4a9,raw/attempts/pilot-parallel4_linear_n4194304-b02-r0-p1-B
pilot-parallel4_linear_n4194304-b02-r0-p2-A,pilot,parallel4_linear_n4194304,2,0,BAAB,2,A,linear,4194304,mixed,2026082901,1,4,VALID,,False,0,False,2935500,fcb14a3d4db7d7be,fc85f7a4255832b3,0144d4ef720e2f721643a00f3b5d4775b65d753c34781efe6c1e7b714d9dd4a9,0144d4ef720e2f721643a00f3b5d4775b65d753c34781efe6c1e7b714d9dd4a9,raw/attempts/pilot-parallel4_linear_n4194304-b02-r0-p2-A
pilot-parallel4_linear_n4194304-b02-r0-p3-A,pilot,parallel4_linear_n4194304,2,0,BAAB,3,A,linear,4194304,mixed,2026082901,1,4,VALID,,False,0,False,3830917,fcb14a3d4db7d7be,fc85f7a4255832b3,0144d4ef720e2f721643a00f3b5d4775b65d753c34781efe6c1e7b714d9dd4a9,0144d4ef720e2f721643a00f3b5d4775b65d753c34781efe6c1e7b714d9dd4a9,raw/attempts/pilot-parallel4_linear_n4194304-b02-r0-p3-A
pilot-parallel4_linear_n4194304-b02-r0-p4-B,pilot,parallel4_linear_n4194304,2,0,BAAB,4,B,parallel,4194304,mixed,2026082901,1,4,VALID,,False,0,False,3515458,fcb14a3d4db7d7be,fc85f7a4255832b3,0144d4ef720e2f721643a00f3b5d4775b65d753c34781efe6c1e7b714d9dd4a9,0144d4ef720e2f721643a00f3b5d4775b65d753c34781efe6c1e7b714d9dd4a9,raw/attempts/pilot-parallel4_linear_n4194304-b02-r0-p4-B
pilot-parallel4_linear_n4194304-b03-r0-p1-A,pilot,parallel4_linear_n4194304,3,0,ABBA,1,A,linear,4194304,mixed,2026082901,1,4,VALID,,False,0,False,3707625,fcb14a3d4db7d7be,fc85f7a4255832b3,0144d4ef720e2f721643a00f3b5d4775b65d753c34781efe6c1e7b714d9dd4a9,0144d4ef720e2f721643a00f3b5d4775b65d753c34781efe6c1e7b714d9dd4a9,raw/attempts/pilot-parallel4_linear_n4194304-b03-r0-p1-A
pilot-parallel4_linear_n4194304-b03-r0-p2-B,pilot,parallel4_linear_n4194304,3,0,ABBA,2,B,parallel,4194304,mixed,2026082901,1,4,VALID,,False,0,False,4325458,fcb14a3d4db7d7be,fc85f7a4255832b3,0144d4ef720e2f721643a00f3b5d4775b65d753c34781efe6c1e7b714d9dd4a9,0144d4ef720e2f721643a00f3b5d4775b65d753c34781efe6c1e7b714d9dd4a9,raw/attempts/pilot-parallel4_linear_n4194304-b03-r0-p2-B
pilot-parallel4_linear_n4194304-b03-r0-p3-B,pilot,parallel4_linear_n4194304,3,0,ABBA,3,B,parallel,4194304,mixed,2026082901,1,4,VALID,,False,0,False,3531750,fcb14a3d4db7d7be,fc85f7a4255832b3,0144d4ef720e2f721643a00f3b5d4775b65d753c34781efe6c1e7b714d9dd4a9,0144d4ef720e2f721643a00f3b5d4775b65d753c34781efe6c1e7b714d9dd4a9,raw/attempts/pilot-parallel4_linear_n4194304-b03-r0-p3-B
pilot-parallel4_linear_n4194304-b03-r0-p4-A,pilot,parallel4_linear_n4194304,3,0,ABBA,4,A,linear,4194304,mixed,2026082901,1,4,VALID,,False,0,False,4150667,fcb14a3d4db7d7be,fc85f7a4255832b3,0144d4ef720e2f721643a00f3b5d4775b65d753c34781efe6c1e7b714d9dd4a9,0144d4ef720e2f721643a00f3b5d4775b65d753c34781efe6c1e7b714d9dd4a9,raw/attempts/pilot-parallel4_linear_n4194304-b03-r0-p4-A
pilot-parallel4_linear_n4194304-b04-r0-p1-B,pilot,parallel4_linear_n4194304,4,0,BAAB,1,B,parallel,4194304,mixed,2026082901,1,4,VALID,,False,0,False,3822708,fcb14a3d4db7d7be,fc85f7a4255832b3,0144d4ef720e2f721643a00f3b5d4775b65d753c34781efe6c1e7b714d9dd4a9,0144d4ef720e2f721643a00f3b5d4775b65d753c34781efe6c1e7b714d9dd4a9,raw/attempts/pilot-parallel4_linear_n4194304-b04-r0-p1-B
pilot-parallel4_linear_n4194304-b04-r0-p2-A,pilot,parallel4_linear_n4194304,4,0,BAAB,2,A,linear,4194304,mixed,2026082901,1,4,VALID,,False,0,False,4296292,fcb14a3d4db7d7be,fc85f7a4255832b3,0144d4ef720e2f721643a00f3b5d4775b65d753c34781efe6c1e7b714d9dd4a9,0144d4ef720e2f721643a00f3b5d4775b65d753c34781efe6c1e7b714d9dd4a9,raw/attempts/pilot-parallel4_linear_n4194304-b04-r0-p2-A
pilot-parallel4_linear_n4194304-b04-r0-p3-A,pilot,parallel4_linear_n4194304,4,0,BAAB,3,A,linear,4194304,mixed,2026082901,1,4,VALID,,False,0,False,6005459,fcb14a3d4db7d7be,fc85f7a4255832b3,0144d4ef720e2f721643a00f3b5d4775b65d753c34781efe6c1e7b714d9dd4a9,0144d4ef720e2f721643a00f3b5d4775b65d753c34781efe6c1e7b714d9dd4a9,raw/attempts/pilot-parallel4_linear_n4194304-b04-r0-p3-A
pilot-parallel4_linear_n4194304-b04-r0-p4-B,pilot,parallel4_linear_n4194304,4,0,BAAB,4,B,parallel,4194304,mixed,2026082901,1,4,VALID,,False,0,False,4935667,fcb14a3d4db7d7be,fc85f7a4255832b3,0144d4ef720e2f721643a00f3b5d4775b65d753c34781efe6c1e7b714d9dd4a9,0144d4ef720e2f721643a00f3b5d4775b65d753c34781efe6c1e7b714d9dd4a9,raw/attempts/pilot-parallel4_linear_n4194304-b04-r0-p4-B
pilot-parallel8_linear_n4194304-b01-r0-p1-B,pilot,parallel8_linear_n4194304,1,0,BAAB,1,B,parallel,4194304,mixed,2026082901,1,8,VALID,,False,0,False,3740000,fcb14a3d4db7d7be,fc85f7a4255832b3,0144d4ef720e2f721643a00f3b5d4775b65d753c34781efe6c1e7b714d9dd4a9,0144d4ef720e2f721643a00f3b5d4775b65d753c34781efe6c1e7b714d9dd4a9,raw/attempts/pilot-parallel8_linear_n4194304-b01-r0-p1-B
pilot-parallel8_linear_n4194304-b01-r0-p2-A,pilot,parallel8_linear_n4194304,1,0,BAAB,2,A,linear,4194304,mixed,2026082901,1,8,VALID,,False,0,False,7490833,fcb14a3d4db7d7be,fc85f7a4255832b3,0144d4ef720e2f721643a00f3b5d4775b65d753c34781efe6c1e7b714d9dd4a9,0144d4ef720e2f721643a00f3b5d4775b65d753c34781efe6c1e7b714d9dd4a9,raw/attempts/pilot-parallel8_linear_n4194304-b01-r0-p2-A
pilot-parallel8_linear_n4194304-b01-r0-p3-A,pilot,parallel8_linear_n4194304,1,0,BAAB,3,A,linear,4194304,mixed,2026082901,1,8,VALID,,False,0,False,6012167,fcb14a3d4db7d7be,fc85f7a4255832b3,0144d4ef720e2f721643a00f3b5d4775b65d753c34781efe6c1e7b714d9dd4a9,0144d4ef720e2f721643a00f3b5d4775b65d753c34781efe6c1e7b714d9dd4a9,raw/attempts/pilot-parallel8_linear_n4194304-b01-r0-p3-A
pilot-parallel8_linear_n4194304-b01-r0-p4-B,pilot,parallel8_linear_n4194304,1,0,BAAB,4,B,parallel,4194304,mixed,2026082901,1,8,VALID,,False,0,False,3110667,fcb14a3d4db7d7be,fc85f7a4255832b3,0144d4ef720e2f721643a00f3b5d4775b65d753c34781efe6c1e7b714d9dd4a9,0144d4ef720e2f721643a00f3b5d4775b65d753c34781efe6c1e7b714d9dd4a9,raw/attempts/pilot-parallel8_linear_n4194304-b01-r0-p4-B
pilot-parallel8_linear_n4194304-b02-r0-p1-B,pilot,parallel8_linear_n4194304,2,0,BAAB,1,B,parallel,4194304,mixed,2026082901,1,8,VALID,,False,0,False,2886375,fcb14a3d4db7d7be,fc85f7a4255832b3,0144d4ef720e2f721643a00f3b5d4775b65d753c34781efe6c1e7b714d9dd4a9,0144d4ef720e2f721643a00f3b5d4775b65d753c34781efe6c1e7b714d9dd4a9,raw/attempts/pilot-parallel8_linear_n4194304-b02-r0-p1-B
pilot-parallel8_linear_n4194304-b02-r0-p2-A,pilot,parallel8_linear_n4194304,2,0,BAAB,2,A,linear,4194304,mixed,2026082901,1,8,VALID,,False,0,False,4432416,fcb14a3d4db7d7be,fc85f7a4255832b3,0144d4ef720e2f721643a00f3b5d4775b65d753c34781efe6c1e7b714d9dd4a9,0144d4ef720e2f721643a00f3b5d4775b65d753c34781efe6c1e7b714d9dd4a9,raw/attempts/pilot-parallel8_linear_n4194304-b02-r0-p2-A
pilot-parallel8_linear_n4194304-b02-r0-p3-A,pilot,parallel8_linear_n4194304,2,0,BAAB,3,A,linear,4194304,mixed,2026082901,1,8,VALID,,False,0,False,6072458,fcb14a3d4db7d7be,fc85f7a4255832b3,0144d4ef720e2f721643a00f3b5d4775b65d753c34781efe6c1e7b714d9dd4a9,0144d4ef720e2f721643a00f3b5d4775b65d753c34781efe6c1e7b714d9dd4a9,raw/attempts/pilot-parallel8_linear_n4194304-b02-r0-p3-A
pilot-parallel8_linear_n4194304-b02-r0-p4-B,pilot,parallel8_linear_n4194304,2,0,BAAB,4,B,parallel,4194304,mixed,2026082901,1,8,VALID,,False,0,False,3292500,fcb14a3d4db7d7be,fc85f7a4255832b3,0144d4ef720e2f721643a00f3b5d4775b65d753c34781efe6c1e7b714d9dd4a9,0144d4ef720e2f721643a00f3b5d4775b65d753c34781efe6c1e7b714d9dd4a9,raw/attempts/pilot-parallel8_linear_n4194304-b02-r0-p4-B
pilot-parallel8_linear_n4194304-b03-r0-p1-A,pilot,parallel8_linear_n4194304,3,0,ABBA,1,A,linear,4194304,mixed,2026082901,1,8,VALID,,False,0,False,3464500,fcb14a3d4db7d7be,fc85f7a4255832b3,0144d4ef720e2f721643a00f3b5d4775b65d753c34781efe6c1e7b714d9dd4a9,0144d4ef720e2f721643a00f3b5d4775b65d753c34781efe6c1e7b714d9dd4a9,raw/attempts/pilot-parallel8_linear_n4194304-b03-r0-p1-A
pilot-parallel8_linear_n4194304-b03-r0-p2-B,pilot,parallel8_linear_n4194304,3,0,ABBA,2,B,parallel,4194304,mixed,2026082901,1,8,VALID,,False,0,False,3220625,fcb14a3d4db7d7be,fc85f7a4255832b3,0144d4ef720e2f721643a00f3b5d4775b65d753c34781efe6c1e7b714d9dd4a9,0144d4ef720e2f721643a00f3b5d4775b65d753c34781efe6c1e7b714d9dd4a9,raw/attempts/pilot-parallel8_linear_n4194304-b03-r0-p2-B
pilot-parallel8_linear_n4194304-b03-r0-p3-B,pilot,parallel8_linear_n4194304,3,0,ABBA,3,B,parallel,4194304,mixed,2026082901,1,8,VALID,,False,0,False,3415209,fcb14a3d4db7d7be,fc85f7a4255832b3,0144d4ef720e2f721643a00f3b5d4775b65d753c34781efe6c1e7b714d9dd4a9,0144d4ef720e2f721643a00f3b5d4775b65d753c34781efe6c1e7b714d9dd4a9,raw/attempts/pilot-parallel8_linear_n4194304-b03-r0-p3-B
pilot-parallel8_linear_n4194304-b03-r0-p4-A,pilot,parallel8_linear_n4194304,3,0,ABBA,4,A,linear,4194304,mixed,2026082901,1,8,VALID,,False,0,False,2811625,fcb14a3d4db7d7be,fc85f7a4255832b3,0144d4ef720e2f721643a00f3b5d4775b65d753c34781efe6c1e7b714d9dd4a9,0144d4ef720e2f721643a00f3b5d4775b65d753c34781efe6c1e7b714d9dd4a9,raw/attempts/pilot-parallel8_linear_n4194304-b03-r0-p4-A
pilot-parallel8_linear_n4194304-b04-r0-p1-A,pilot,parallel8_linear_n4194304,4,0,ABBA,1,A,linear,4194304,mixed,2026082901,1,8,VALID,,False,0,False,6865458,fcb14a3d4db7d7be,fc85f7a4255832b3,0144d4ef720e2f721643a00f3b5d4775b65d753c34781efe6c1e7b714d9dd4a9,0144d4ef720e2f721643a00f3b5d4775b65d753c34781efe6c1e7b714d9dd4a9,raw/attempts/pilot-parallel8_linear_n4194304-b04-r0-p1-A
pilot-parallel8_linear_n4194304-b04-r0-p2-B,pilot,parallel8_linear_n4194304,4,0,ABBA,2,B,parallel,4194304,mixed,2026082901,1,8,VALID,,False,0,False,2498541,fcb14a3d4db7d7be,fc85f7a4255832b3,0144d4ef720e2f721643a00f3b5d4775b65d753c34781efe6c1e7b714d9dd4a9,0144d4ef720e2f721643a00f3b5d4775b65d753c34781efe6c1e7b714d9dd4a9,raw/attempts/pilot-parallel8_linear_n4194304-b04-r0-p2-B
pilot-parallel8_linear_n4194304-b04-r0-p3-B,pilot,parallel8_linear_n4194304,4,0,ABBA,3,B,parallel,4194304,mixed,2026082901,1,8,VALID,,False,0,False,3020708,fcb14a3d4db7d7be,fc85f7a4255832b3,0144d4ef720e2f721643a00f3b5d4775b65d753c34781efe6c1e7b714d9dd4a9,0144d4ef720e2f721643a00f3b5d4775b65d753c34781efe6c1e7b714d9dd4a9,raw/attempts/pilot-parallel8_linear_n4194304-b04-r0-p3-B
pilot-parallel8_linear_n4194304-b04-r0-p4-A,pilot,parallel8_linear_n4194304,4,0,ABBA,4,A,linear,4194304,mixed,2026082901,1,8,VALID,,False,0,False,3437916,fcb14a3d4db7d7be,fc85f7a4255832b3,0144d4ef720e2f721643a00f3b5d4775b65d753c34781efe6c1e7b714d9dd4a9,0144d4ef720e2f721643a00f3b5d4775b65d753c34781efe6c1e7b714d9dd4a9,raw/attempts/pilot-parallel8_linear_n4194304-b04-r0-p4-A
main-ref_linear_n64-b01-r0-p1-B,main,ref_linear_n64,1,0,BAAB,1,B,reference,64,mixed,2026082901,1,1,VALID,,False,0,False,542,71fbefaa1dbb8cb1,99ee45b7b2d0ab69,0144d4ef720e2f721643a00f3b5d4775b65d753c34781efe6c1e7b714d9dd4a9,0144d4ef720e2f721643a00f3b5d4775b65d753c34781efe6c1e7b714d9dd4a9,raw/attempts/main-ref_linear_n64-b01-r0-p1-B
main-ref_linear_n64-b01-r0-p2-A,main,ref_linear_n64,1,0,BAAB,2,A,linear,64,mixed,2026082901,1,1,VALID,,False,0,False,84,71fbefaa1dbb8cb1,99ee45b7b2d0ab69,0144d4ef720e2f721643a00f3b5d4775b65d753c34781efe6c1e7b714d9dd4a9,0144d4ef720e2f721643a00f3b5d4775b65d753c34781efe6c1e7b714d9dd4a9,raw/attempts/main-ref_linear_n64-b01-r0-p2-A
main-ref_linear_n64-b01-r0-p3-A,main,ref_linear_n64,1,0,BAAB,3,A,linear,64,mixed,2026082901,1,1,VALID,,False,0,False,83,71fbefaa1dbb8cb1,99ee45b7b2d0ab69,0144d4ef720e2f721643a00f3b5d4775b65d753c34781efe6c1e7b714d9dd4a9,0144d4ef720e2f721643a00f3b5d4775b65d753c34781efe6c1e7b714d9dd4a9,raw/attempts/main-ref_linear_n64-b01-r0-p3-A
main-ref_linear_n64-b01-r0-p4-B,main,ref_linear_n64,1,0,BAAB,4,B,reference,64,mixed,2026082901,1,1,VALID,,False,0,False,458,71fbefaa1dbb8cb1,99ee45b7b2d0ab69,0144d4ef720e2f721643a00f3b5d4775b65d753c34781efe6c1e7b714d9dd4a9,0144d4ef720e2f721643a00f3b5d4775b65d753c34781efe6c1e7b714d9dd4a9,raw/attempts/main-ref_linear_n64-b01-r0-p4-B
main-ref_linear_n64-b02-r0-p1-B,main,ref_linear_n64,2,0,BAAB,1,B,reference,64,mixed,2026082901,1,1,VALID,,False,0,False,542,71fbefaa1dbb8cb1,99ee45b7b2d0ab69,0144d4ef720e2f721643a00f3b5d4775b65d753c34781efe6c1e7b714d9dd4a9,0144d4ef720e2f721643a00f3b5d4775b65d753c34781efe6c1e7b714d9dd4a9,raw/attempts/main-ref_linear_n64-b02-r0-p1-B
main-ref_linear_n64-b02-r0-p2-A,main,ref_linear_n64,2,0,BAAB,2,A,linear,64,mixed,2026082901,1,1,VALID,,False,0,False,42,71fbefaa1dbb8cb1,99ee45b7b2d0ab69,0144d4ef720e2f721643a00f3b5d4775b65d753c34781efe6c1e7b714d9dd4a9,0144d4ef720e2f721643a00f3b5d4775b65d753c34781efe6c1e7b714d9dd4a9,raw/attempts/main-ref_linear_n64-b02-r0-p2-A
main-ref_linear_n64-b02-r0-p3-A,main,ref_linear_n64,2,0,BAAB,3,A,linear,64,mixed,2026082901,1,1,VALID,,False,0,False,83,71fbefaa1dbb8cb1,99ee45b7b2d0ab69,0144d4ef720e2f721643a00f3b5d4775b65d753c34781efe6c1e7b714d9dd4a9,0144d4ef720e2f721643a00f3b5d4775b65d753c34781efe6c1e7b714d9dd4a9,raw/attempts/main-ref_linear_n64-b02-r0-p3-A
main-ref_linear_n64-b02-r0-p4-B,main,ref_linear_n64,2,0,BAAB,4,B,reference,64,mixed,2026082901,1,1,VALID,,False,0,False,417,71fbefaa1dbb8cb1,99ee45b7b2d0ab69,0144d4ef720e2f721643a00f3b5d4775b65d753c34781efe6c1e7b714d9dd4a9,0144d4ef720e2f721643a00f3b5d4775b65d753c34781efe6c1e7b714d9dd4a9,raw/attempts/main-ref_linear_n64-b02-r0-p4-B
main-ref_linear_n64-b03-r0-p1-A,main,ref_linear_n64,3,0,ABBA,1,A,linear,64,mixed,2026082901,1,1,VALID,,False,0,False,41,71fbefaa1dbb8cb1,99ee45b7b2d0ab69,0144d4ef720e2f721643a00f3b5d4775b65d753c34781efe6c1e7b714d9dd4a9,0144d4ef720e2f721643a00f3b5d4775b65d753c34781efe6c1e7b714d9dd4a9,raw/attempts/main-ref_linear_n64-b03-r0-p1-A
main-ref_linear_n64-b03-r0-p2-B,main,ref_linear_n64,3,0,ABBA,2,B,reference,64,mixed,2026082901,1,1,VALID,,False,0,False,417,71fbefaa1dbb8cb1,99ee45b7b2d0ab69,0144d4ef720e2f721643a00f3b5d4775b65d753c34781efe6c1e7b714d9dd4a9,0144d4ef720e2f721643a00f3b5d4775b65d753c34781efe6c1e7b714d9dd4a9,raw/attempts/main-ref_linear_n64-b03-r0-p2-B
main-ref_linear_n64-b03-r0-p3-B,main,ref_linear_n64,3,0,ABBA,3,B,reference,64,mixed,2026082901,1,1,VALID,,False,0,False,458,71fbefaa1dbb8cb1,99ee45b7b2d0ab69,0144d4ef720e2f721643a00f3b5d4775b65d753c34781efe6c1e7b714d9dd4a9,0144d4ef720e2f721643a00f3b5d4775b65d753c34781efe6c1e7b714d9dd4a9,raw/attempts/main-ref_linear_n64-b03-r0-p3-B
main-ref_linear_n64-b03-r0-p4-A,main,ref_linear_n64,3,0,ABBA,4,A,linear,64,mixed,2026082901,1,1,VALID,,False,0,False,84,71fbefaa1dbb8cb1,99ee45b7b2d0ab69,0144d4ef720e2f721643a00f3b5d4775b65d753c34781efe6c1e7b714d9dd4a9,0144d4ef720e2f721643a00f3b5d4775b65d753c34781efe6c1e7b714d9dd4a9,raw/attempts/main-ref_linear_n64-b03-r0-p4-A
main-ref_linear_n64-b04-r0-p1-A,main,ref_linear_n64,4,0,ABBA,1,A,linear,64,mixed,2026082901,1,1,VALID,,False,0,False,83,71fbefaa1dbb8cb1,99ee45b7b2d0ab69,0144d4ef720e2f721643a00f3b5d4775b65d753c34781efe6c1e7b714d9dd4a9,0144d4ef720e2f721643a00f3b5d4775b65d753c34781efe6c1e7b714d9dd4a9,raw/attempts/main-ref_linear_n64-b04-r0-p1-A
main-ref_linear_n64-b04-r0-p2-B,main,ref_linear_n64,4,0,ABBA,2,B,reference,64,mixed,2026082901,1,1,VALID,,False,0,False,500,71fbefaa1dbb8cb1,99ee45b7b2d0ab69,0144d4ef720e2f721643a00f3b5d4775b65d753c34781efe6c1e7b714d9dd4a9,0144d4ef720e2f721643a00f3b5d4775b65d753c34781efe6c1e7b714d9dd4a9,raw/attempts/main-ref_linear_n64-b04-r0-p2-B
main-ref_linear_n64-b04-r0-p3-B,main,ref_linear_n64,4,0,ABBA,3,B,reference,64,mixed,2026082901,1,1,VALID,,False,0,False,458,71fbefaa1dbb8cb1,99ee45b7b2d0ab69,0144d4ef720e2f721643a00f3b5d4775b65d753c34781efe6c1e7b714d9dd4a9,0144d4ef720e2f721643a00f3b5d4775b65d753c34781efe6c1e7b714d9dd4a9,raw/attempts/main-ref_linear_n64-b04-r0-p3-B
main-ref_linear_n64-b04-r0-p4-A,main,ref_linear_n64,4,0,ABBA,4,A,linear,64,mixed,2026082901,1,1,VALID,,False,0,False,83,71fbefaa1dbb8cb1,99ee45b7b2d0ab69,0144d4ef720e2f721643a00f3b5d4775b65d753c34781efe6c1e7b714d9dd4a9,0144d4ef720e2f721643a00f3b5d4775b65d753c34781efe6c1e7b714d9dd4a9,raw/attempts/main-ref_linear_n64-b04-r0-p4-A
main-ref_linear_n64-b05-r0-p1-A,main,ref_linear_n64,5,0,ABBA,1,A,linear,64,mixed,2026082901,1,1,VALID,,False,0,False,83,71fbefaa1dbb8cb1,99ee45b7b2d0ab69,0144d4ef720e2f721643a00f3b5d4775b65d753c34781efe6c1e7b714d9dd4a9,0144d4ef720e2f721643a00f3b5d4775b65d753c34781efe6c1e7b714d9dd4a9,raw/attempts/main-ref_linear_n64-b05-r0-p1-A
main-ref_linear_n64-b05-r0-p2-B,main,ref_linear_n64,5,0,ABBA,2,B,reference,64,mixed,2026082901,1,1,VALID,,False,0,False,459,71fbefaa1dbb8cb1,99ee45b7b2d0ab69,0144d4ef720e2f721643a00f3b5d4775b65d753c34781efe6c1e7b714d9dd4a9,0144d4ef720e2f721643a00f3b5d4775b65d753c34781efe6c1e7b714d9dd4a9,raw/attempts/main-ref_linear_n64-b05-r0-p2-B
main-ref_linear_n64-b05-r0-p3-B,main,ref_linear_n64,5,0,ABBA,3,B,reference,64,mixed,2026082901,1,1,VALID,,False,0,False,542,71fbefaa1dbb8cb1,99ee45b7b2d0ab69,0144d4ef720e2f721643a00f3b5d4775b65d753c34781efe6c1e7b714d9dd4a9,0144d4ef720e2f721643a00f3b5d4775b65d753c34781efe6c1e7b714d9dd4a9,raw/attempts/main-ref_linear_n64-b05-r0-p3-B
main-ref_linear_n64-b05-r0-p4-A,main,ref_linear_n64,5,0,ABBA,4,A,linear,64,mixed,2026082901,1,1,VALID,,False,0,False,84,71fbefaa1dbb8cb1,99ee45b7b2d0ab69,0144d4ef720e2f721643a00f3b5d4775b65d753c34781efe6c1e7b714d9dd4a9,0144d4ef720e2f721643a00f3b5d4775b65d753c34781efe6c1e7b714d9dd4a9,raw/attempts/main-ref_linear_n64-b05-r0-p4-A
main-ref_linear_n64-b06-r0-p1-A,main,ref_linear_n64,6,0,ABBA,1,A,linear,64,mixed,2026082901,1,1,VALID,,False,0,False,42,71fbefaa1dbb8cb1,99ee45b7b2d0ab69,0144d4ef720e2f721643a00f3b5d4775b65d753c34781efe6c1e7b714d9dd4a9,0144d4ef720e2f721643a00f3b5d4775b65d753c34781efe6c1e7b714d9dd4a9,raw/attempts/main-ref_linear_n64-b06-r0-p1-A
main-ref_linear_n64-b06-r0-p2-B,main,ref_linear_n64,6,0,ABBA,2,B,reference,64,mixed,2026082901,1,1,VALID,,False,0,False,459,71fbefaa1dbb8cb1,99ee45b7b2d0ab69,0144d4ef720e2f721643a00f3b5d4775b65d753c34781efe6c1e7b714d9dd4a9,0144d4ef720e2f721643a00f3b5d4775b65d753c34781efe6c1e7b714d9dd4a9,raw/attempts/main-ref_linear_n64-b06-r0-p2-B
main-ref_linear_n64-b06-r0-p3-B,main,ref_linear_n64,6,0,ABBA,3,B,reference,64,mixed,2026082901,1,1,VALID,,False,0,False,500,71fbefaa1dbb8cb1,99ee45b7b2d0ab69,0144d4ef720e2f721643a00f3b5d4775b65d753c34781efe6c1e7b714d9dd4a9,0144d4ef720e2f721643a00f3b5d4775b65d753c34781efe6c1e7b714d9dd4a9,raw/attempts/main-ref_linear_n64-b06-r0-p3-B
main-ref_linear_n64-b06-r0-p4-A,main,ref_linear_n64,6,0,ABBA,4,A,linear,64,mixed,2026082901,1,1,VALID,,False,0,False,84,71fbefaa1dbb8cb1,99ee45b7b2d0ab69,0144d4ef720e2f721643a00f3b5d4775b65d753c34781efe6c1e7b714d9dd4a9,0144d4ef720e2f721643a00f3b5d4775b65d753c34781efe6c1e7b714d9dd4a9,raw/attempts/main-ref_linear_n64-b06-r0-p4-A
main-ref_linear_n64-b07-r0-p1-B,main,ref_linear_n64,7,0,BAAB,1,B,reference,64,mixed,2026082901,1,1,VALID,,False,0,False,416,71fbefaa1dbb8cb1,99ee45b7b2d0ab69,0144d4ef720e2f721643a00f3b5d4775b65d753c34781efe6c1e7b714d9dd4a9,0144d4ef720e2f721643a00f3b5d4775b65d753c34781efe6c1e7b714d9dd4a9,raw/attempts/main-ref_linear_n64-b07-r0-p1-B
main-ref_linear_n64-b07-r0-p2-A,main,ref_linear_n64,7,0,BAAB,2,A,linear,64,mixed,2026082901,1,1,VALID,,False,0,False,42,71fbefaa1dbb8cb1,99ee45b7b2d0ab69,0144d4ef720e2f721643a00f3b5d4775b65d753c34781efe6c1e7b714d9dd4a9,0144d4ef720e2f721643a00f3b5d4775b65d753c34781efe6c1e7b714d9dd4a9,raw/attempts/main-ref_linear_n64-b07-r0-p2-A
main-ref_linear_n64-b07-r0-p3-A,main,ref_linear_n64,7,0,BAAB,3,A,linear,64,mixed,2026082901,1,1,VALID,,False,0,False,41,71fbefaa1dbb8cb1,99ee45b7b2d0ab69,0144d4ef720e2f721643a00f3b5d4775b65d753c34781efe6c1e7b714d9dd4a9,0144d4ef720e2f721643a00f3b5d4775b65d753c34781efe6c1e7b714d9dd4a9,raw/attempts/main-ref_linear_n64-b07-r0-p3-A
main-ref_linear_n64-b07-r0-p4-B,main,ref_linear_n64,7,0,BAAB,4,B,reference,64,mixed,2026082901,1,1,VALID,,False,0,False,417,71fbefaa1dbb8cb1,99ee45b7b2d0ab69,0144d4ef720e2f721643a00f3b5d4775b65d753c34781efe6c1e7b714d9dd4a9,0144d4ef720e2f721643a00f3b5d4775b65d753c34781efe6c1e7b714d9dd4a9,raw/attempts/main-ref_linear_n64-b07-r0-p4-B
main-ref_linear_n64-b08-r0-p1-B,main,ref_linear_n64,8,0,BAAB,1,B,reference,64,mixed,2026082901,1,1,VALID,,False,0,False,458,71fbefaa1dbb8cb1,99ee45b7b2d0ab69,0144d4ef720e2f721643a00f3b5d4775b65d753c34781efe6c1e7b714d9dd4a9,0144d4ef720e2f721643a00f3b5d4775b65d753c34781efe6c1e7b714d9dd4a9,raw/attempts/main-ref_linear_n64-b08-r0-p1-B
main-ref_linear_n64-b08-r0-p2-A,main,ref_linear_n64,8,0,BAAB,2,A,linear,64,mixed,2026082901,1,1,VALID,,False,0,False,84,71fbefaa1dbb8cb1,99ee45b7b2d0ab69,0144d4ef720e2f721643a00f3b5d4775b65d753c34781efe6c1e7b714d9dd4a9,0144d4ef720e2f721643a00f3b5d4775b65d753c34781efe6c1e7b714d9dd4a9,raw/attempts/main-ref_linear_n64-b08-r0-p2-A
main-ref_linear_n64-b08-r0-p3-A,main,ref_linear_n64,8,0,BAAB,3,A,linear,64,mixed,2026082901,1,1,VALID,,False,0,False,84,71fbefaa1dbb8cb1,99ee45b7b2d0ab69,0144d4ef720e2f721643a00f3b5d4775b65d753c34781efe6c1e7b714d9dd4a9,0144d4ef720e2f721643a00f3b5d4775b65d753c34781efe6c1e7b714d9dd4a9,raw/attempts/main-ref_linear_n64-b08-r0-p3-A
main-ref_linear_n64-b08-r0-p4-B,main,ref_linear_n64,8,0,BAAB,4,B,reference,64,mixed,2026082901,1,1,VALID,,False,0,False,541,71fbefaa1dbb8cb1,99ee45b7b2d0ab69,0144d4ef720e2f721643a00f3b5d4775b65d753c34781efe6c1e7b714d9dd4a9,0144d4ef720e2f721643a00f3b5d4775b65d753c34781efe6c1e7b714d9dd4a9,raw/attempts/main-ref_linear_n64-b08-r0-p4-B
main-ref_linear_n64-b09-r0-p1-B,main,ref_linear_n64,9,0,BAAB,1,B,reference,64,mixed,2026082901,1,1,VALID,,False,0,False,416,71fbefaa1dbb8cb1,99ee45b7b2d0ab69,0144d4ef720e2f721643a00f3b5d4775b65d753c34781efe6c1e7b714d9dd4a9,0144d4ef720e2f721643a00f3b5d4775b65d753c34781efe6c1e7b714d9dd4a9,raw/attempts/main-ref_linear_n64-b09-r0-p1-B
main-ref_linear_n64-b09-r0-p2-A,main,ref_linear_n64,9,0,BAAB,2,A,linear,64,mixed,2026082901,1,1,VALID,,False,0,False,42,71fbefaa1dbb8cb1,99ee45b7b2d0ab69,0144d4ef720e2f721643a00f3b5d4775b65d753c34781efe6c1e7b714d9dd4a9,0144d4ef720e2f721643a00f3b5d4775b65d753c34781efe6c1e7b714d9dd4a9,raw/attempts/main-ref_linear_n64-b09-r0-p2-A
main-ref_linear_n64-b09-r0-p3-A,main,ref_linear_n64,9,0,BAAB,3,A,linear,64,mixed,2026082901,1,1,VALID,,False,0,False,84,71fbefaa1dbb8cb1,99ee45b7b2d0ab69,0144d4ef720e2f721643a00f3b5d4775b65d753c34781efe6c1e7b714d9dd4a9,0144d4ef720e2f721643a00f3b5d4775b65d753c34781efe6c1e7b714d9dd4a9,raw/attempts/main-ref_linear_n64-b09-r0-p3-A
main-ref_linear_n64-b09-r0-p4-B,main,ref_linear_n64,9,0,BAAB,4,B,reference,64,mixed,2026082901,1,1,VALID,,False,0,False,500,71fbefaa1dbb8cb1,99ee45b7b2d0ab69,0144d4ef720e2f721643a00f3b5d4775b65d753c34781efe6c1e7b714d9dd4a9,0144d4ef720e2f721643a00f3b5d4775b65d753c34781efe6c1e7b714d9dd4a9,raw/attempts/main-ref_linear_n64-b09-r0-p4-B
main-ref_linear_n64-b10-r0-p1-B,main,ref_linear_n64,10,0,BAAB,1,B,reference,64,mixed,2026082901,1,1,VALID,,False,0,False,459,71fbefaa1dbb8cb1,99ee45b7b2d0ab69,0144d4ef720e2f721643a00f3b5d4775b65d753c34781efe6c1e7b714d9dd4a9,0144d4ef720e2f721643a00f3b5d4775b65d753c34781efe6c1e7b714d9dd4a9,raw/attempts/main-ref_linear_n64-b10-r0-p1-B
main-ref_linear_n64-b10-r0-p2-A,main,ref_linear_n64,10,0,BAAB,2,A,linear,64,mixed,2026082901,1,1,VALID,,False,0,False,83,71fbefaa1dbb8cb1,99ee45b7b2d0ab69,0144d4ef720e2f721643a00f3b5d4775b65d753c34781efe6c1e7b714d9dd4a9,0144d4ef720e2f721643a00f3b5d4775b65d753c34781efe6c1e7b714d9dd4a9,raw/attempts/main-ref_linear_n64-b10-r0-p2-A
main-ref_linear_n64-b10-r0-p3-A,main,ref_linear_n64,10,0,BAAB,3,A,linear,64,mixed,2026082901,1,1,VALID,,False,0,False,83,71fbefaa1dbb8cb1,99ee45b7b2d0ab69,0144d4ef720e2f721643a00f3b5d4775b65d753c34781efe6c1e7b714d9dd4a9,0144d4ef720e2f721643a00f3b5d4775b65d753c34781efe6c1e7b714d9dd4a9,raw/attempts/main-ref_linear_n64-b10-r0-p3-A
main-ref_linear_n64-b10-r0-p4-B,main,ref_linear_n64,10,0,BAAB,4,B,reference,64,mixed,2026082901,1,1,VALID,,False,0,False,541,71fbefaa1dbb8cb1,99ee45b7b2d0ab69,0144d4ef720e2f721643a00f3b5d4775b65d753c34781efe6c1e7b714d9dd4a9,0144d4ef720e2f721643a00f3b5d4775b65d753c34781efe6c1e7b714d9dd4a9,raw/attempts/main-ref_linear_n64-b10-r0-p4-B
main-ref_linear_n64-b11-r0-p1-A,main,ref_linear_n64,11,0,ABBA,1,A,linear,64,mixed,2026082901,1,1,VALID,,False,0,False,84,71fbefaa1dbb8cb1,99ee45b7b2d0ab69,0144d4ef720e2f721643a00f3b5d4775b65d753c34781efe6c1e7b714d9dd4a9,0144d4ef720e2f721643a00f3b5d4775b65d753c34781efe6c1e7b714d9dd4a9,raw/attempts/main-ref_linear_n64-b11-r0-p1-A
main-ref_linear_n64-b11-r0-p2-B,main,ref_linear_n64,11,0,ABBA,2,B,reference,64,mixed,2026082901,1,1,VALID,,False,0,False,458,71fbefaa1dbb8cb1,99ee45b7b2d0ab69,0144d4ef720e2f721643a00f3b5d4775b65d753c34781efe6c1e7b714d9dd4a9,0144d4ef720e2f721643a00f3b5d4775b65d753c34781efe6c1e7b714d9dd4a9,raw/attempts/main-ref_linear_n64-b11-r0-p2-B
main-ref_linear_n64-b11-r0-p3-B,main,ref_linear_n64,11,0,ABBA,3,B,reference,64,mixed,2026082901,1,1,VALID,,False,0,False,458,71fbefaa1dbb8cb1,99ee45b7b2d0ab69,0144d4ef720e2f721643a00f3b5d4775b65d753c34781efe6c1e7b714d9dd4a9,0144d4ef720e2f721643a00f3b5d4775b65d753c34781efe6c1e7b714d9dd4a9,raw/attempts/main-ref_linear_n64-b11-r0-p3-B
main-ref_linear_n64-b11-r0-p4-A,main,ref_linear_n64,11,0,ABBA,4,A,linear,64,mixed,2026082901,1,1,VALID,,False,0,False,84,71fbefaa1dbb8cb1,99ee45b7b2d0ab69,0144d4ef720e2f721643a00f3b5d4775b65d753c34781efe6c1e7b714d9dd4a9,0144d4ef720e2f721643a00f3b5d4775b65d753c34781efe6c1e7b714d9dd4a9,raw/attempts/main-ref_linear_n64-b11-r0-p4-A
main-ref_linear_n64-b12-r0-p1-A,main,ref_linear_n64,12,0,ABBA,1,A,linear,64,mixed,2026082901,1,1,VALID,,False,0,False,84,71fbefaa1dbb8cb1,99ee45b7b2d0ab69,0144d4ef720e2f721643a00f3b5d4775b65d753c34781efe6c1e7b714d9dd4a9,0144d4ef720e2f721643a00f3b5d4775b65d753c34781efe6c1e7b714d9dd4a9,raw/attempts/main-ref_linear_n64-b12-r0-p1-A
main-ref_linear_n64-b12-r0-p2-B,main,ref_linear_n64,12,0,ABBA,2,B,reference,64,mixed,2026082901,1,1,VALID,,False,0,False,500,71fbefaa1dbb8cb1,99ee45b7b2d0ab69,0144d4ef720e2f721643a00f3b5d4775b65d753c34781efe6c1e7b714d9dd4a9,0144d4ef720e2f721643a00f3b5d4775b65d753c34781efe6c1e7b714d9dd4a9,raw/attempts/main-ref_linear_n64-b12-r0-p2-B
main-ref_linear_n64-b12-r0-p3-B,main,ref_linear_n64,12,0,ABBA,3,B,reference,64,mixed,2026082901,1,1,VALID,,False,0,False,459,71fbefaa1dbb8cb1,99ee45b7b2d0ab69,0144d4ef720e2f721643a00f3b5d4775b65d753c34781efe6c1e7b714d9dd4a9,0144d4ef720e2f721643a00f3b5d4775b65d753c34781efe6c1e7b714d9dd4a9,raw/attempts/main-ref_linear_n64-b12-r0-p3-B
main-ref_linear_n64-b12-r0-p4-A,main,ref_linear_n64,12,0,ABBA,4,A,linear,64,mixed,2026082901,1,1,VALID,,False,0,False,84,71fbefaa1dbb8cb1,99ee45b7b2d0ab69,0144d4ef720e2f721643a00f3b5d4775b65d753c34781efe6c1e7b714d9dd4a9,0144d4ef720e2f721643a00f3b5d4775b65d753c34781efe6c1e7b714d9dd4a9,raw/attempts/main-ref_linear_n64-b12-r0-p4-A
main-ref_linear_n512-b01-r0-p1-A,main,ref_linear_n512,1,0,ABBA,1,A,linear,512,mixed,2026082901,1,1,VALID,,False,0,False,333,c7a33e0dae2278d8,30701cd1672a9867,0144d4ef720e2f721643a00f3b5d4775b65d753c34781efe6c1e7b714d9dd4a9,0144d4ef720e2f721643a00f3b5d4775b65d753c34781efe6c1e7b714d9dd4a9,raw/attempts/main-ref_linear_n512-b01-r0-p1-A
main-ref_linear_n512-b01-r0-p2-B,main,ref_linear_n512,1,0,ABBA,2,B,reference,512,mixed,2026082901,1,1,VALID,,False,0,False,11667,c7a33e0dae2278d8,30701cd1672a9867,0144d4ef720e2f721643a00f3b5d4775b65d753c34781efe6c1e7b714d9dd4a9,0144d4ef720e2f721643a00f3b5d4775b65d753c34781efe6c1e7b714d9dd4a9,raw/attempts/main-ref_linear_n512-b01-r0-p2-B
main-ref_linear_n512-b01-r0-p3-B,main,ref_linear_n512,1,0,ABBA,3,B,reference,512,mixed,2026082901,1,1,VALID,,False,0,False,12000,c7a33e0dae2278d8,30701cd1672a9867,0144d4ef720e2f721643a00f3b5d4775b65d753c34781efe6c1e7b714d9dd4a9,0144d4ef720e2f721643a00f3b5d4775b65d753c34781efe6c1e7b714d9dd4a9,raw/attempts/main-ref_linear_n512-b01-r0-p3-B
main-ref_linear_n512-b01-r0-p4-A,main,ref_linear_n512,1,0,ABBA,4,A,linear,512,mixed,2026082901,1,1,VALID,,False,0,False,333,c7a33e0dae2278d8,30701cd1672a9867,0144d4ef720e2f721643a00f3b5d4775b65d753c34781efe6c1e7b714d9dd4a9,0144d4ef720e2f721643a00f3b5d4775b65d753c34781efe6c1e7b714d9dd4a9,raw/attempts/main-ref_linear_n512-b01-r0-p4-A
main-ref_linear_n512-b02-r0-p1-A,main,ref_linear_n512,2,0,ABBA,1,A,linear,512,mixed,2026082901,1,1,VALID,,False,0,False,416,c7a33e0dae2278d8,30701cd1672a9867,0144d4ef720e2f721643a00f3b5d4775b65d753c34781efe6c1e7b714d9dd4a9,0144d4ef720e2f721643a00f3b5d4775b65d753c34781efe6c1e7b714d9dd4a9,raw/attempts/main-ref_linear_n512-b02-r0-p1-A
main-ref_linear_n512-b02-r0-p2-B,main,ref_linear_n512,2,0,ABBA,2,B,reference,512,mixed,2026082901,1,1,VALID,,False,0,False,12083,c7a33e0dae2278d8,30701cd1672a9867,0144d4ef720e2f721643a00f3b5d4775b65d753c34781efe6c1e7b714d9dd4a9,0144d4ef720e2f721643a00f3b5d4775b65d753c34781efe6c1e7b714d9dd4a9,raw/attempts/main-ref_linear_n512-b02-r0-p2-B
main-ref_linear_n512-b02-r0-p3-B,main,ref_linear_n512,2,0,ABBA,3,B,reference,512,mixed,2026082901,1,1,VALID,,False,0,False,12125,c7a33e0dae2278d8,30701cd1672a9867,0144d4ef720e2f721643a00f3b5d4775b65d753c34781efe6c1e7b714d9dd4a9,0144d4ef720e2f721643a00f3b5d4775b65d753c34781efe6c1e7b714d9dd4a9,raw/attempts/main-ref_linear_n512-b02-r0-p3-B
main-ref_linear_n512-b02-r0-p4-A,main,ref_linear_n512,2,0,ABBA,4,A,linear,512,mixed,2026082901,1,1,VALID,,False,0,False,375,c7a33e0dae2278d8,30701cd1672a9867,0144d4ef720e2f721643a00f3b5d4775b65d753c34781efe6c1e7b714d9dd4a9,0144d4ef720e2f721643a00f3b5d4775b65d753c34781efe6c1e7b714d9dd4a9,raw/attempts/main-ref_linear_n512-b02-r0-p4-A
main-ref_linear_n512-b03-r0-p1-B,main,ref_linear_n512,3,0,BAAB,1,B,reference,512,mixed,2026082901,1,1,VALID,,False,0,False,11834,c7a33e0dae2278d8,30701cd1672a9867,0144d4ef720e2f721643a00f3b5d4775b65d753c34781efe6c1e7b714d9dd4a9,0144d4ef720e2f721643a00f3b5d4775b65d753c34781efe6c1e7b714d9dd4a9,raw/attempts/main-ref_linear_n512-b03-r0-p1-B
main-ref_linear_n512-b03-r0-p2-A,main,ref_linear_n512,3,0,BAAB,2,A,linear,512,mixed,2026082901,1,1,VALID,,False,0,False,333,c7a33e0dae2278d8,30701cd1672a9867,0144d4ef720e2f721643a00f3b5d4775b65d753c34781efe6c1e7b714d9dd4a9,0144d4ef720e2f721643a00f3b5d4775b65d753c34781efe6c1e7b714d9dd4a9,raw/attempts/main-ref_linear_n512-b03-r0-p2-A
main-ref_linear_n512-b03-r0-p3-A,main,ref_linear_n512,3,0,BAAB,3,A,linear,512,mixed,2026082901,1,1,VALID,,False,0,False,333,c7a33e0dae2278d8,30701cd1672a9867,0144d4ef720e2f721643a00f3b5d4775b65d753c34781efe6c1e7b714d9dd4a9,0144d4ef720e2f721643a00f3b5d4775b65d753c34781efe6c1e7b714d9dd4a9,raw/attempts/main-ref_linear_n512-b03-r0-p3-A
main-ref_linear_n512-b03-r0-p4-B,main,ref_linear_n512,3,0,BAAB,4,B,reference,512,mixed,2026082901,1,1,VALID,,False,0,False,11875,c7a33e0dae2278d8,30701cd1672a9867,0144d4ef720e2f721643a00f3b5d4775b65d753c34781efe6c1e7b714d9dd4a9,0144d4ef720e2f721643a00f3b5d4775b65d753c34781efe6c1e7b714d9dd4a9,raw/attempts/main-ref_linear_n512-b03-r0-p4-B
main-ref_linear_n512-b04-r0-p1-B,main,ref_linear_n512,4,0,BAAB,1,B,reference,512,mixed,2026082901,1,1,VALID,,False,0,False,11583,c7a33e0dae2278d8,30701cd1672a9867,0144d4ef720e2f721643a00f3b5d4775b65d753c34781efe6c1e7b714d9dd4a9,0144d4ef720e2f721643a00f3b5d4775b65d753c34781efe6c1e7b714d9dd4a9,raw/attempts/main-ref_linear_n512-b04-r0-p1-B
main-ref_linear_n512-b04-r0-p2-A,main,ref_linear_n512,4,0,BAAB,2,A,linear,512,mixed,2026082901,1,1,VALID,,False,0,False,333,c7a33e0dae2278d8,30701cd1672a9867,0144d4ef720e2f721643a00f3b5d4775b65d753c34781efe6c1e7b714d9dd4a9,0144d4ef720e2f721643a00f3b5d4775b65d753c34781efe6c1e7b714d9dd4a9,raw/attempts/main-ref_linear_n512-b04-r0-p2-A
main-ref_linear_n512-b04-r0-p3-A,main,ref_linear_n512,4,0,BAAB,3,A,linear,512,mixed,2026082901,1,1,VALID,,False,0,False,292,c7a33e0dae2278d8,30701cd1672a9867,0144d4ef720e2f721643a00f3b5d4775b65d753c34781efe6c1e7b714d9dd4a9,0144d4ef720e2f721643a00f3b5d4775b65d753c34781efe6c1e7b714d9dd4a9,raw/attempts/main-ref_linear_n512-b04-r0-p3-A
main-ref_linear_n512-b04-r0-p4-B,main,ref_linear_n512,4,0,BAAB,4,B,reference,512,mixed,2026082901,1,1,VALID,,False,0,False,11667,c7a33e0dae2278d8,30701cd1672a9867,0144d4ef720e2f721643a00f3b5d4775b65d753c34781efe6c1e7b714d9dd4a9,0144d4ef720e2f721643a00f3b5d4775b65d753c34781efe6c1e7b714d9dd4a9,raw/attempts/main-ref_linear_n512-b04-r0-p4-B
main-ref_linear_n512-b05-r0-p1-B,main,ref_linear_n512,5,0,BAAB,1,B,reference,512,mixed,2026082901,1,1,VALID,,False,0,False,11625,c7a33e0dae2278d8,30701cd1672a9867,0144d4ef720e2f721643a00f3b5d4775b65d753c34781efe6c1e7b714d9dd4a9,0144d4ef720e2f721643a00f3b5d4775b65d753c34781efe6c1e7b714d9dd4a9,raw/attempts/main-ref_linear_n512-b05-r0-p1-B
main-ref_linear_n512-b05-r0-p2-A,main,ref_linear_n512,5,0,BAAB,2,A,linear,512,mixed,2026082901,1,1,VALID,,False,0,False,375,c7a33e0dae2278d8,30701cd1672a9867,0144d4ef720e2f721643a00f3b5d4775b65d753c34781efe6c1e7b714d9dd4a9,0144d4ef720e2f721643a00f3b5d4775b65d753c34781efe6c1e7b714d9dd4a9,raw/attempts/main-ref_linear_n512-b05-r0-p2-A
main-ref_linear_n512-b05-r0-p3-A,main,ref_linear_n512,5,0,BAAB,3,A,linear,512,mixed,2026082901,1,1,VALID,,False,0,False,375,c7a33e0dae2278d8,30701cd1672a9867,0144d4ef720e2f721643a00f3b5d4775b65d753c34781efe6c1e7b714d9dd4a9,0144d4ef720e2f721643a00f3b5d4775b65d753c34781efe6c1e7b714d9dd4a9,raw/attempts/main-ref_linear_n512-b05-r0-p3-A
main-ref_linear_n512-b05-r0-p4-B,main,ref_linear_n512,5,0,BAAB,4,B,reference,512,mixed,2026082901,1,1,VALID,,False,0,False,11625,c7a33e0dae2278d8,30701cd1672a9867,0144d4ef720e2f721643a00f3b5d4775b65d753c34781efe6c1e7b714d9dd4a9,0144d4ef720e2f721643a00f3b5d4775b65d753c34781efe6c1e7b714d9dd4a9,raw/attempts/main-ref_linear_n512-b05-r0-p4-B
main-ref_linear_n512-b06-r0-p1-B,main,ref_linear_n512,6,0,BAAB,1,B,reference,512,mixed,2026082901,1,1,VALID,,False,0,False,12083,c7a33e0dae2278d8,30701cd1672a9867,0144d4ef720e2f721643a00f3b5d4775b65d753c34781efe6c1e7b714d9dd4a9,0144d4ef720e2f721643a00f3b5d4775b65d753c34781efe6c1e7b714d9dd4a9,raw/attempts/main-ref_linear_n512-b06-r0-p1-B
main-ref_linear_n512-b06-r0-p2-A,main,ref_linear_n512,6,0,BAAB,2,A,linear,512,mixed,2026082901,1,1,VALID,,False,0,False,375,c7a33e0dae2278d8,30701cd1672a9867,0144d4ef720e2f721643a00f3b5d4775b65d753c34781efe6c1e7b714d9dd4a9,0144d4ef720e2f721643a00f3b5d4775b65d753c34781efe6c1e7b714d9dd4a9,raw/attempts/main-ref_linear_n512-b06-r0-p2-A
main-ref_linear_n512-b06-r0-p3-A,main,ref_linear_n512,6,0,BAAB,3,A,linear,512,mixed,2026082901,1,1,VALID,,False,0,False,333,c7a33e0dae2278d8,30701cd1672a9867,0144d4ef720e2f721643a00f3b5d4775b65d753c34781efe6c1e7b714d9dd4a9,0144d4ef720e2f721643a00f3b5d4775b65d753c34781efe6c1e7b714d9dd4a9,raw/attempts/main-ref_linear_n512-b06-r0-p3-A
main-ref_linear_n512-b06-r0-p4-B,main,ref_linear_n512,6,0,BAAB,4,B,reference,512,mixed,2026082901,1,1,VALID,,False,0,False,12209,c7a33e0dae2278d8,30701cd1672a9867,0144d4ef720e2f721643a00f3b5d4775b65d753c34781efe6c1e7b714d9dd4a9,0144d4ef720e2f721643a00f3b5d4775b65d753c34781efe6c1e7b714d9dd4a9,raw/attempts/main-ref_linear_n512-b06-r0-p4-B
main-ref_linear_n512-b07-r0-p1-A,main,ref_linear_n512,7,0,ABBA,1,A,linear,512,mixed,2026082901,1,1,VALID,,False,0,False,375,c7a33e0dae2278d8,30701cd1672a9867,0144d4ef720e2f721643a00f3b5d4775b65d753c34781efe6c1e7b714d9dd4a9,0144d4ef720e2f721643a00f3b5d4775b65d753c34781efe6c1e7b714d9dd4a9,raw/attempts/main-ref_linear_n512-b07-r0-p1-A
main-ref_linear_n512-b07-r0-p2-B,main,ref_linear_n512,7,0,ABBA,2,B,reference,512,mixed,2026082901,1,1,VALID,,False,0,False,11709,c7a33e0dae2278d8,30701cd1672a9867,0144d4ef720e2f721643a00f3b5d4775b65d753c34781efe6c1e7b714d9dd4a9,0144d4ef720e2f721643a00f3b5d4775b65d753c34781efe6c1e7b714d9dd4a9,raw/attempts/main-ref_linear_n512-b07-r0-p2-B
main-ref_linear_n512-b07-r0-p3-B,main,ref_linear_n512,7,0,ABBA,3,B,reference,512,mixed,2026082901,1,1,VALID,,False,0,False,11667,c7a33e0dae2278d8,30701cd1672a9867,0144d4ef720e2f721643a00f3b5d4775b65d753c34781efe6c1e7b714d9dd4a9,0144d4ef720e2f721643a00f3b5d4775b65d753c34781efe6c1e7b714d9dd4a9,raw/attempts/main-ref_linear_n512-b07-r0-p3-B
main-ref_linear_n512-b07-r0-p4-A,main,ref_linear_n512,7,0,ABBA,4,A,linear,512,mixed,2026082901,1,1,VALID,,False,0,False,375,c7a33e0dae2278d8,30701cd1672a9867,0144d4ef720e2f721643a00f3b5d4775b65d753c34781efe6c1e7b714d9dd4a9,0144d4ef720e2f721643a00f3b5d4775b65d753c34781efe6c1e7b714d9dd4a9,raw/attempts/main-ref_linear_n512-b07-r0-p4-A
main-ref_linear_n512-b08-r0-p1-B,main,ref_linear_n512,8,0,BAAB,1,B,reference,512,mixed,2026082901,1,1,VALID,,False,0,False,11916,c7a33e0dae2278d8,30701cd1672a9867,0144d4ef720e2f721643a00f3b5d4775b65d753c34781efe6c1e7b714d9dd4a9,0144d4ef720e2f721643a00f3b5d4775b65d753c34781efe6c1e7b714d9dd4a9,raw/attempts/main-ref_linear_n512-b08-r0-p1-B
main-ref_linear_n512-b08-r0-p2-A,main,ref_linear_n512,8,0,BAAB,2,A,linear,512,mixed,2026082901,1,1,VALID,,False,0,False,417,c7a33e0dae2278d8,30701cd1672a9867,0144d4ef720e2f721643a00f3b5d4775b65d753c34781efe6c1e7b714d9dd4a9,0144d4ef720e2f721643a00f3b5d4775b65d753c34781efe6c1e7b714d9dd4a9,raw/attempts/main-ref_linear_n512-b08-r0-p2-A
main-ref_linear_n512-b08-r0-p3-A,main,ref_linear_n512,8,0,BAAB,3,A,linear,512,mixed,2026082901,1,1,VALID,,False,0,False,333,c7a33e0dae2278d8,30701cd1672a9867,0144d4ef720e2f721643a00f3b5d4775b65d753c34781efe6c1e7b714d9dd4a9,0144d4ef720e2f721643a00f3b5d4775b65d753c34781efe6c1e7b714d9dd4a9,raw/attempts/main-ref_linear_n512-b08-r0-p3-A
main-ref_linear_n512-b08-r0-p4-B,main,ref_linear_n512,8,0,BAAB,4,B,reference,512,mixed,2026082901,1,1,VALID,,False,0,False,11792,c7a33e0dae2278d8,30701cd1672a9867,0144d4ef720e2f721643a00f3b5d4775b65d753c34781efe6c1e7b714d9dd4a9,0144d4ef720e2f721643a00f3b5d4775b65d753c34781efe6c1e7b714d9dd4a9,raw/attempts/main-ref_linear_n512-b08-r0-p4-B
main-ref_linear_n512-b09-r0-p1-B,main,ref_linear_n512,9,0,BAAB,1,B,reference,512,mixed,2026082901,1,1,VALID,,False,0,False,11625,c7a33e0dae2278d8,30701cd1672a9867,0144d4ef720e2f721643a00f3b5d4775b65d753c34781efe6c1e7b714d9dd4a9,0144d4ef720e2f721643a00f3b5d4775b65d753c34781efe6c1e7b714d9dd4a9,raw/attempts/main-ref_linear_n512-b09-r0-p1-B
main-ref_linear_n512-b09-r0-p2-A,main,ref_linear_n512,9,0,BAAB,2,A,linear,512,mixed,2026082901,1,1,VALID,,False,0,False,333,c7a33e0dae2278d8,30701cd1672a9867,0144d4ef720e2f721643a00f3b5d4775b65d753c34781efe6c1e7b714d9dd4a9,0144d4ef720e2f721643a00f3b5d4775b65d753c34781efe6c1e7b714d9dd4a9,raw/attempts/main-ref_linear_n512-b09-r0-p2-A
main-ref_linear_n512-b09-r0-p3-A,main,ref_linear_n512,9,0,BAAB,3,A,linear,512,mixed,2026082901,1,1,VALID,,False,0,False,333,c7a33e0dae2278d8,30701cd1672a9867,0144d4ef720e2f721643a00f3b5d4775b65d753c34781efe6c1e7b714d9dd4a9,0144d4ef720e2f721643a00f3b5d4775b65d753c34781efe6c1e7b714d9dd4a9,raw/attempts/main-ref_linear_n512-b09-r0-p3-A
main-ref_linear_n512-b09-r0-p4-B,main,ref_linear_n512,9,0,BAAB,4,B,reference,512,mixed,2026082901,1,1,VALID,,False,0,False,11625,c7a33e0dae2278d8,30701cd1672a9867,0144d4ef720e2f721643a00f3b5d4775b65d753c34781efe6c1e7b714d9dd4a9,0144d4ef720e2f721643a00f3b5d4775b65d753c34781efe6c1e7b714d9dd4a9,raw/attempts/main-ref_linear_n512-b09-r0-p4-B
main-ref_linear_n512-b10-r0-p1-A,main,ref_linear_n512,10,0,ABBA,1,A,linear,512,mixed,2026082901,1,1,VALID,,False,0,False,417,c7a33e0dae2278d8,30701cd1672a9867,0144d4ef720e2f721643a00f3b5d4775b65d753c34781efe6c1e7b714d9dd4a9,0144d4ef720e2f721643a00f3b5d4775b65d753c34781efe6c1e7b714d9dd4a9,raw/attempts/main-ref_linear_n512-b10-r0-p1-A
main-ref_linear_n512-b10-r0-p2-B,main,ref_linear_n512,10,0,ABBA,2,B,reference,512,mixed,2026082901,1,1,VALID,,False,0,False,11833,c7a33e0dae2278d8,30701cd1672a9867,0144d4ef720e2f721643a00f3b5d4775b65d753c34781efe6c1e7b714d9dd4a9,0144d4ef720e2f721643a00f3b5d4775b65d753c34781efe6c1e7b714d9dd4a9,raw/attempts/main-ref_linear_n512-b10-r0-p2-B
main-ref_linear_n512-b10-r0-p3-B,main,ref_linear_n512,10,0,ABBA,3,B,reference,512,mixed,2026082901,1,1,VALID,,False,0,False,11208,c7a33e0dae2278d8,30701cd1672a9867,0144d4ef720e2f721643a00f3b5d4775b65d753c34781efe6c1e7b714d9dd4a9,0144d4ef720e2f721643a00f3b5d4775b65d753c34781efe6c1e7b714d9dd4a9,raw/attempts/main-ref_linear_n512-b10-r0-p3-B
main-ref_linear_n512-b10-r0-p4-A,main,ref_linear_n512,10,0,ABBA,4,A,linear,512,mixed,2026082901,1,1,VALID,,False,0,False,333,c7a33e0dae2278d8,30701cd1672a9867,0144d4ef720e2f721643a00f3b5d4775b65d753c34781efe6c1e7b714d9dd4a9,0144d4ef720e2f721643a00f3b5d4775b65d753c34781efe6c1e7b714d9dd4a9,raw/attempts/main-ref_linear_n512-b10-r0-p4-A
main-ref_linear_n512-b11-r0-p1-A,main,ref_linear_n512,11,0,ABBA,1,A,linear,512,mixed,2026082901,1,1,VALID,,False,0,False,334,c7a33e0dae2278d8,30701cd1672a9867,0144d4ef720e2f721643a00f3b5d4775b65d753c34781efe6c1e7b714d9dd4a9,0144d4ef720e2f721643a00f3b5d4775b65d753c34781efe6c1e7b714d9dd4a9,raw/attempts/main-ref_linear_n512-b11-r0-p1-A
main-ref_linear_n512-b11-r0-p2-B,main,ref_linear_n512,11,0,ABBA,2,B,reference,512,mixed,2026082901,1,1,VALID,,False,0,False,12000,c7a33e0dae2278d8,30701cd1672a9867,0144d4ef720e2f721643a00f3b5d4775b65d753c34781efe6c1e7b714d9dd4a9,0144d4ef720e2f721643a00f3b5d4775b65d753c34781efe6c1e7b714d9dd4a9,raw/attempts/main-ref_linear_n512-b11-r0-p2-B
main-ref_linear_n512-b11-r0-p3-B,main,ref_linear_n512,11,0,ABBA,3,B,reference,512,mixed,2026082901,1,1,VALID,,False,0,False,11833,c7a33e0dae2278d8,30701cd1672a9867,0144d4ef720e2f721643a00f3b5d4775b65d753c34781efe6c1e7b714d9dd4a9,0144d4ef720e2f721643a00f3b5d4775b65d753c34781efe6c1e7b714d9dd4a9,raw/attempts/main-ref_linear_n512-b11-r0-p3-B
main-ref_linear_n512-b11-r0-p4-A,main,ref_linear_n512,11,0,ABBA,4,A,linear,512,mixed,2026082901,1,1,VALID,,False,0,False,375,c7a33e0dae2278d8,30701cd1672a9867,0144d4ef720e2f721643a00f3b5d4775b65d753c34781efe6c1e7b714d9dd4a9,0144d4ef720e2f721643a00f3b5d4775b65d753c34781efe6c1e7b714d9dd4a9,raw/attempts/main-ref_linear_n512-b11-r0-p4-A
main-ref_linear_n512-b12-r0-p1-A,main,ref_linear_n512,12,0,ABBA,1,A,linear,512,mixed,2026082901,1,1,VALID,,False,0,False,375,c7a33e0dae2278d8,30701cd1672a9867,0144d4ef720e2f721643a00f3b5d4775b65d753c34781efe6c1e7b714d9dd4a9,0144d4ef720e2f721643a00f3b5d4775b65d753c34781efe6c1e7b714d9dd4a9,raw/attempts/main-ref_linear_n512-b12-r0-p1-A
main-ref_linear_n512-b12-r0-p2-B,main,ref_linear_n512,12,0,ABBA,2,B,reference,512,mixed,2026082901,1,1,VALID,,False,0,False,12250,c7a33e0dae2278d8,30701cd1672a9867,0144d4ef720e2f721643a00f3b5d4775b65d753c34781efe6c1e7b714d9dd4a9,0144d4ef720e2f721643a00f3b5d4775b65d753c34781efe6c1e7b714d9dd4a9,raw/attempts/main-ref_linear_n512-b12-r0-p2-B
main-ref_linear_n512-b12-r0-p3-B,main,ref_linear_n512,12,0,ABBA,3,B,reference,512,mixed,2026082901,1,1,VALID,,False,0,False,11875,c7a33e0dae2278d8,30701cd1672a9867,0144d4ef720e2f721643a00f3b5d4775b65d753c34781efe6c1e7b714d9dd4a9,0144d4ef720e2f721643a00f3b5d4775b65d753c34781efe6c1e7b714d9dd4a9,raw/attempts/main-ref_linear_n512-b12-r0-p3-B
main-ref_linear_n512-b12-r0-p4-A,main,ref_linear_n512,12,0,ABBA,4,A,linear,512,mixed,2026082901,1,1,VALID,,False,0,False,417,c7a33e0dae2278d8,30701cd1672a9867,0144d4ef720e2f721643a00f3b5d4775b65d753c34781efe6c1e7b714d9dd4a9,0144d4ef720e2f721643a00f3b5d4775b65d753c34781efe6c1e7b714d9dd4a9,raw/attempts/main-ref_linear_n512-b12-r0-p4-A
main-ref_linear_n4096-b01-r0-p1-B,main,ref_linear_n4096,1,0,BAAB,1,B,reference,4096,mixed,2026082901,1,1,VALID,,False,0,False,680542,c29f6e9a49eb3454,25339d9aebc6ec46,0144d4ef720e2f721643a00f3b5d4775b65d753c34781efe6c1e7b714d9dd4a9,0144d4ef720e2f721643a00f3b5d4775b65d753c34781efe6c1e7b714d9dd4a9,raw/attempts/main-ref_linear_n4096-b01-r0-p1-B
main-ref_linear_n4096-b01-r0-p2-A,main,ref_linear_n4096,1,0,BAAB,2,A,linear,4096,mixed,2026082901,1,1,VALID,,False,0,False,2042,c29f6e9a49eb3454,25339d9aebc6ec46,0144d4ef720e2f721643a00f3b5d4775b65d753c34781efe6c1e7b714d9dd4a9,0144d4ef720e2f721643a00f3b5d4775b65d753c34781efe6c1e7b714d9dd4a9,raw/attempts/main-ref_linear_n4096-b01-r0-p2-A
main-ref_linear_n4096-b01-r0-p3-A,main,ref_linear_n4096,1,0,BAAB,3,A,linear,4096,mixed,2026082901,1,1,VALID,,False,0,False,1917,c29f6e9a49eb3454,25339d9aebc6ec46,0144d4ef720e2f721643a00f3b5d4775b65d753c34781efe6c1e7b714d9dd4a9,0144d4ef720e2f721643a00f3b5d4775b65d753c34781efe6c1e7b714d9dd4a9,raw/attempts/main-ref_linear_n4096-b01-r0-p3-A
main-ref_linear_n4096-b01-r0-p4-B,main,ref_linear_n4096,1,0,BAAB,4,B,reference,4096,mixed,2026082901,1,1,VALID,,False,0,False,674458,c29f6e9a49eb3454,25339d9aebc6ec46,0144d4ef720e2f721643a00f3b5d4775b65d753c34781efe6c1e7b714d9dd4a9,0144d4ef720e2f721643a00f3b5d4775b65d753c34781efe6c1e7b714d9dd4a9,raw/attempts/main-ref_linear_n4096-b01-r0-p4-B
main-ref_linear_n4096-b02-r0-p1-A,main,ref_linear_n4096,2,0,ABBA,1,A,linear,4096,mixed,2026082901,1,1,VALID,,False,0,False,2000,c29f6e9a49eb3454,25339d9aebc6ec46,0144d4ef720e2f721643a00f3b5d4775b65d753c34781efe6c1e7b714d9dd4a9,0144d4ef720e2f721643a00f3b5d4775b65d753c34781efe6c1e7b714d9dd4a9,raw/attempts/main-ref_linear_n4096-b02-r0-p1-A
main-ref_linear_n4096-b02-r0-p2-B,main,ref_linear_n4096,2,0,ABBA,2,B,reference,4096,mixed,2026082901,1,1,VALID,,False,0,False,673625,c29f6e9a49eb3454,25339d9aebc6ec46,0144d4ef720e2f721643a00f3b5d4775b65d753c34781efe6c1e7b714d9dd4a9,0144d4ef720e2f721643a00f3b5d4775b65d753c34781efe6c1e7b714d9dd4a9,raw/attempts/main-ref_linear_n4096-b02-r0-p2-B
main-ref_linear_n4096-b02-r0-p3-B,main,ref_linear_n4096,2,0,ABBA,3,B,reference,4096,mixed,2026082901,1,1,VALID,,False,0,False,674750,c29f6e9a49eb3454,25339d9aebc6ec46,0144d4ef720e2f721643a00f3b5d4775b65d753c34781efe6c1e7b714d9dd4a9,0144d4ef720e2f721643a00f3b5d4775b65d753c34781efe6c1e7b714d9dd4a9,raw/attempts/main-ref_linear_n4096-b02-r0-p3-B
main-ref_linear_n4096-b02-r0-p4-A,main,ref_linear_n4096,2,0,ABBA,4,A,linear,4096,mixed,2026082901,1,1,VALID,,False,0,False,2041,c29f6e9a49eb3454,25339d9aebc6ec46,0144d4ef720e2f721643a00f3b5d4775b65d753c34781efe6c1e7b714d9dd4a9,0144d4ef720e2f721643a00f3b5d4775b65d753c34781efe6c1e7b714d9dd4a9,raw/attempts/main-ref_linear_n4096-b02-r0-p4-A
main-ref_linear_n4096-b03-r0-p1-A,main,ref_linear_n4096,3,0,ABBA,1,A,linear,4096,mixed,2026082901,1,1,VALID,,False,0,False,2000,c29f6e9a49eb3454,25339d9aebc6ec46,0144d4ef720e2f721643a00f3b5d4775b65d753c34781efe6c1e7b714d9dd4a9,0144d4ef720e2f721643a00f3b5d4775b65d753c34781efe6c1e7b714d9dd4a9,raw/attempts/main-ref_linear_n4096-b03-r0-p1-A
main-ref_linear_n4096-b03-r0-p2-B,main,ref_linear_n4096,3,0,ABBA,2,B,reference,4096,mixed,2026082901,1,1,VALID,,False,0,False,674208,c29f6e9a49eb3454,25339d9aebc6ec46,0144d4ef720e2f721643a00f3b5d4775b65d753c34781efe6c1e7b714d9dd4a9,0144d4ef720e2f721643a00f3b5d4775b65d753c34781efe6c1e7b714d9dd4a9,raw/attempts/main-ref_linear_n4096-b03-r0-p2-B
main-ref_linear_n4096-b03-r0-p3-B,main,ref_linear_n4096,3,0,ABBA,3,B,reference,4096,mixed,2026082901,1,1,VALID,,False,0,False,716166,c29f6e9a49eb3454,25339d9aebc6ec46,0144d4ef720e2f721643a00f3b5d4775b65d753c34781efe6c1e7b714d9dd4a9,0144d4ef720e2f721643a00f3b5d4775b65d753c34781efe6c1e7b714d9dd4a9,raw/attempts/main-ref_linear_n4096-b03-r0-p3-B
main-ref_linear_n4096-b03-r0-p4-A,main,ref_linear_n4096,3,0,ABBA,4,A,linear,4096,mixed,2026082901,1,1,VALID,,False,0,False,2041,c29f6e9a49eb3454,25339d9aebc6ec46,0144d4ef720e2f721643a00f3b5d4775b65d753c34781efe6c1e7b714d9dd4a9,0144d4ef720e2f721643a00f3b5d4775b65d753c34781efe6c1e7b714d9dd4a9,raw/attempts/main-ref_linear_n4096-b03-r0-p4-A
main-ref_linear_n4096-b04-r0-p1-B,main,ref_linear_n4096,4,0,BAAB,1,B,reference,4096,mixed,2026082901,1,1,VALID,,False,0,False,674250,c29f6e9a49eb3454,25339d9aebc6ec46,0144d4ef720e2f721643a00f3b5d4775b65d753c34781efe6c1e7b714d9dd4a9,0144d4ef720e2f721643a00f3b5d4775b65d753c34781efe6c1e7b714d9dd4a9,raw/attempts/main-ref_linear_n4096-b04-r0-p1-B
main-ref_linear_n4096-b04-r0-p2-A,main,ref_linear_n4096,4,0,BAAB,2,A,linear,4096,mixed,2026082901,1,1,VALID,,False,0,False,2000,c29f6e9a49eb3454,25339d9aebc6ec46,0144d4ef720e2f721643a00f3b5d4775b65d753c34781efe6c1e7b714d9dd4a9,0144d4ef720e2f721643a00f3b5d4775b65d753c34781efe6c1e7b714d9dd4a9,raw/attempts/main-ref_linear_n4096-b04-r0-p2-A
main-ref_linear_n4096-b04-r0-p3-A,main,ref_linear_n4096,4,0,BAAB,3,A,linear,4096,mixed,2026082901,1,1,VALID,,False,0,False,2000,c29f6e9a49eb3454,25339d9aebc6ec46,0144d4ef720e2f721643a00f3b5d4775b65d753c34781efe6c1e7b714d9dd4a9,0144d4ef720e2f721643a00f3b5d4775b65d753c34781efe6c1e7b714d9dd4a9,raw/attempts/main-ref_linear_n4096-b04-r0-p3-A
main-ref_linear_n4096-b04-r0-p4-B,main,ref_linear_n4096,4,0,BAAB,4,B,reference,4096,mixed,2026082901,1,1,VALID,,False,0,False,686041,c29f6e9a49eb3454,25339d9aebc6ec46,0144d4ef720e2f721643a00f3b5d4775b65d753c34781efe6c1e7b714d9dd4a9,0144d4ef720e2f721643a00f3b5d4775b65d753c34781efe6c1e7b714d9dd4a9,raw/attempts/main-ref_linear_n4096-b04-r0-p4-B
main-ref_linear_n4096-b05-r0-p1-B,main,ref_linear_n4096,5,0,BAAB,1,B,reference,4096,mixed,2026082901,1,1,VALID,,False,0,False,675084,c29f6e9a49eb3454,25339d9aebc6ec46,0144d4ef720e2f721643a00f3b5d4775b65d753c34781efe6c1e7b714d9dd4a9,0144d4ef720e2f721643a00f3b5d4775b65d753c34781efe6c1e7b714d9dd4a9,raw/attempts/main-ref_linear_n4096-b05-r0-p1-B
main-ref_linear_n4096-b05-r0-p2-A,main,ref_linear_n4096,5,0,BAAB,2,A,linear,4096,mixed,2026082901,1,1,VALID,,False,0,False,2042,c29f6e9a49eb3454,25339d9aebc6ec46,0144d4ef720e2f721643a00f3b5d4775b65d753c34781efe6c1e7b714d9dd4a9,0144d4ef720e2f721643a00f3b5d4775b65d753c34781efe6c1e7b714d9dd4a9,raw/attempts/main-ref_linear_n4096-b05-r0-p2-A
main-ref_linear_n4096-b05-r0-p3-A,main,ref_linear_n4096,5,0,BAAB,3,A,linear,4096,mixed,2026082901,1,1,VALID,,False,0,False,2000,c29f6e9a49eb3454,25339d9aebc6ec46,0144d4ef720e2f721643a00f3b5d4775b65d753c34781efe6c1e7b714d9dd4a9,0144d4ef720e2f721643a00f3b5d4775b65d753c34781efe6c1e7b714d9dd4a9,raw/attempts/main-ref_linear_n4096-b05-r0-p3-A
main-ref_linear_n4096-b05-r0-p4-B,main,ref_linear_n4096,5,0,BAAB,4,B,reference,4096,mixed,2026082901,1,1,VALID,,False,0,False,674833,c29f6e9a49eb3454,25339d9aebc6ec46,0144d4ef720e2f721643a00f3b5d4775b65d753c34781efe6c1e7b714d9dd4a9,0144d4ef720e2f721643a00f3b5d4775b65d753c34781efe6c1e7b714d9dd4a9,raw/attempts/main-ref_linear_n4096-b05-r0-p4-B
main-ref_linear_n4096-b06-r0-p1-B,main,ref_linear_n4096,6,0,BAAB,1,B,reference,4096,mixed,2026082901,1,1,VALID,,False,0,False,649083,c29f6e9a49eb3454,25339d9aebc6ec46,0144d4ef720e2f721643a00f3b5d4775b65d753c34781efe6c1e7b714d9dd4a9,0144d4ef720e2f721643a00f3b5d4775b65d753c34781efe6c1e7b714d9dd4a9,raw/attempts/main-ref_linear_n4096-b06-r0-p1-B
main-ref_linear_n4096-b06-r0-p2-A,main,ref_linear_n4096,6,0,BAAB,2,A,linear,4096,mixed,2026082901,1,1,VALID,,False,0,False,2000,c29f6e9a49eb3454,25339d9aebc6ec46,0144d4ef720e2f721643a00f3b5d4775b65d753c34781efe6c1e7b714d9dd4a9,0144d4ef720e2f721643a00f3b5d4775b65d753c34781efe6c1e7b714d9dd4a9,raw/attempts/main-ref_linear_n4096-b06-r0-p2-A
main-ref_linear_n4096-b06-r0-p3-A,main,ref_linear_n4096,6,0,BAAB,3,A,linear,4096,mixed,2026082901,1,1,VALID,,False,0,False,2083,c29f6e9a49eb3454,25339d9aebc6ec46,0144d4ef720e2f721643a00f3b5d4775b65d753c34781efe6c1e7b714d9dd4a9,0144d4ef720e2f721643a00f3b5d4775b65d753c34781efe6c1e7b714d9dd4a9,raw/attempts/main-ref_linear_n4096-b06-r0-p3-A
main-ref_linear_n4096-b06-r0-p4-B,main,ref_linear_n4096,6,0,BAAB,4,B,reference,4096,mixed,2026082901,1,1,VALID,,False,0,False,674000,c29f6e9a49eb3454,25339d9aebc6ec46,0144d4ef720e2f721643a00f3b5d4775b65d753c34781efe6c1e7b714d9dd4a9,0144d4ef720e2f721643a00f3b5d4775b65d753c34781efe6c1e7b714d9dd4a9,raw/attempts/main-ref_linear_n4096-b06-r0-p4-B
main-ref_linear_n4096-b07-r0-p1-B,main,ref_linear_n4096,7,0,BAAB,1,B,reference,4096,mixed,2026082901,1,1,VALID,,False,0,False,674250,c29f6e9a49eb3454,25339d9aebc6ec46,0144d4ef720e2f721643a00f3b5d4775b65d753c34781efe6c1e7b714d9dd4a9,0144d4ef720e2f721643a00f3b5d4775b65d753c34781efe6c1e7b714d9dd4a9,raw/attempts/main-ref_linear_n4096-b07-r0-p1-B
main-ref_linear_n4096-b07-r0-p2-A,main,ref_linear_n4096,7,0,BAAB,2,A,linear,4096,mixed,2026082901,1,1,VALID,,False,0,False,1875,c29f6e9a49eb3454,25339d9aebc6ec46,0144d4ef720e2f721643a00f3b5d4775b65d753c34781efe6c1e7b714d9dd4a9,0144d4ef720e2f721643a00f3b5d4775b65d753c34781efe6c1e7b714d9dd4a9,raw/attempts/main-ref_linear_n4096-b07-r0-p2-A
main-ref_linear_n4096-b07-r0-p3-A,main,ref_linear_n4096,7,0,BAAB,3,A,linear,4096,mixed,2026082901,1,1,VALID,,False,0,False,2000,c29f6e9a49eb3454,25339d9aebc6ec46,0144d4ef720e2f721643a00f3b5d4775b65d753c34781efe6c1e7b714d9dd4a9,0144d4ef720e2f721643a00f3b5d4775b65d753c34781efe6c1e7b714d9dd4a9,raw/attempts/main-ref_linear_n4096-b07-r0-p3-A
main-ref_linear_n4096-b07-r0-p4-B,main,ref_linear_n4096,7,0,BAAB,4,B,reference,4096,mixed,2026082901,1,1,VALID,,False,0,False,733292,c29f6e9a49eb3454,25339d9aebc6ec46,0144d4ef720e2f721643a00f3b5d4775b65d753c34781efe6c1e7b714d9dd4a9,0144d4ef720e2f721643a00f3b5d4775b65d753c34781efe6c1e7b714d9dd4a9,raw/attempts/main-ref_linear_n4096-b07-r0-p4-B
main-ref_linear_n4096-b08-r0-p1-A,main,ref_linear_n4096,8,0,ABBA,1,A,linear,4096,mixed,2026082901,1,1,VALID,,False,0,False,2000,c29f6e9a49eb3454,25339d9aebc6ec46,0144d4ef720e2f721643a00f3b5d4775b65d753c34781efe6c1e7b714d9dd4a9,0144d4ef720e2f721643a00f3b5d4775b65d753c34781efe6c1e7b714d9dd4a9,raw/attempts/main-ref_linear_n4096-b08-r0-p1-A
main-ref_linear_n4096-b08-r0-p2-B,main,ref_linear_n4096,8,0,ABBA,2,B,reference,4096,mixed,2026082901,1,1,VALID,,False,0,False,664625,c29f6e9a49eb3454,25339d9aebc6ec46,0144d4ef720e2f721643a00f3b5d4775b65d753c34781efe6c1e7b714d9dd4a9,0144d4ef720e2f721643a00f3b5d4775b65d753c34781efe6c1e7b714d9dd4a9,raw/attempts/main-ref_linear_n4096-b08-r0-p2-B
main-ref_linear_n4096-b08-r0-p3-B,main,ref_linear_n4096,8,0,ABBA,3,B,reference,4096,mixed,2026082901,1,1,VALID,,False,0,False,658625,c29f6e9a49eb3454,25339d9aebc6ec46,0144d4ef720e2f721643a00f3b5d4775b65d753c34781efe6c1e7b714d9dd4a9,0144d4ef720e2f721643a00f3b5d4775b65d753c34781efe6c1e7b714d9dd4a9,raw/attempts/main-ref_linear_n4096-b08-r0-p3-B
main-ref_linear_n4096-b08-r0-p4-A,main,ref_linear_n4096,8,0,ABBA,4,A,linear,4096,mixed,2026082901,1,1,VALID,,False,0,False,2042,c29f6e9a49eb3454,25339d9aebc6ec46,0144d4ef720e2f721643a00f3b5d4775b65d753c34781efe6c1e7b714d9dd4a9,0144d4ef720e2f721643a00f3b5d4775b65d753c34781efe6c1e7b714d9dd4a9,raw/attempts/main-ref_linear_n4096-b08-r0-p4-A
main-ref_linear_n4096-b09-r0-p1-B,main,ref_linear_n4096,9,0,BAAB,1,B,reference,4096,mixed,2026082901,1,1,VALID,,False,0,False,680542,c29f6e9a49eb3454,25339d9aebc6ec46,0144d4ef720e2f721643a00f3b5d4775b65d753c34781efe6c1e7b714d9dd4a9,0144d4ef720e2f721643a00f3b5d4775b65d753c34781efe6c1e7b714d9dd4a9,raw/attempts/main-ref_linear_n4096-b09-r0-p1-B
main-ref_linear_n4096-b09-r0-p2-A,main,ref_linear_n4096,9,0,BAAB,2,A,linear,4096,mixed,2026082901,1,1,VALID,,False,0,False,1958,c29f6e9a49eb3454,25339d9aebc6ec46,0144d4ef720e2f721643a00f3b5d4775b65d753c34781efe6c1e7b714d9dd4a9,0144d4ef720e2f721643a00f3b5d4775b65d753c34781efe6c1e7b714d9dd4a9,raw/attempts/main-ref_linear_n4096-b09-r0-p2-A
main-ref_linear_n4096-b09-r0-p3-A,main,ref_linear_n4096,9,0,BAAB,3,A,linear,4096,mixed,2026082901,1,1,VALID,,False,0,False,1959,c29f6e9a49eb3454,25339d9aebc6ec46,0144d4ef720e2f721643a00f3b5d4775b65d753c34781efe6c1e7b714d9dd4a9,0144d4ef720e2f721643a00f3b5d4775b65d753c34781efe6c1e7b714d9dd4a9,raw/attempts/main-ref_linear_n4096-b09-r0-p3-A
main-ref_linear_n4096-b09-r0-p4-B,main,ref_linear_n4096,9,0,BAAB,4,B,reference,4096,mixed,2026082901,1,1,VALID,,False,0,False,665250,c29f6e9a49eb3454,25339d9aebc6ec46,0144d4ef720e2f721643a00f3b5d4775b65d753c34781efe6c1e7b714d9dd4a9,0144d4ef720e2f721643a00f3b5d4775b65d753c34781efe6c1e7b714d9dd4a9,raw/attempts/main-ref_linear_n4096-b09-r0-p4-B
main-ref_linear_n4096-b10-r0-p1-A,main,ref_linear_n4096,10,0,ABBA,1,A,linear,4096,mixed,2026082901,1,1,VALID,,False,0,False,1916,c29f6e9a49eb3454,25339d9aebc6ec46,0144d4ef720e2f721643a00f3b5d4775b65d753c34781efe6c1e7b714d9dd4a9,0144d4ef720e2f721643a00f3b5d4775b65d753c34781efe6c1e7b714d9dd4a9,raw/attempts/main-ref_linear_n4096-b10-r0-p1-A
main-ref_linear_n4096-b10-r0-p2-B,main,ref_linear_n4096,10,0,ABBA,2,B,reference,4096,mixed,2026082901,1,1,VALID,,False,0,False,675458,c29f6e9a49eb3454,25339d9aebc6ec46,0144d4ef720e2f721643a00f3b5d4775b65d753c34781efe6c1e7b714d9dd4a9,0144d4ef720e2f721643a00f3b5d4775b65d753c34781efe6c1e7b714d9dd4a9,raw/attempts/main-ref_linear_n4096-b10-r0-p2-B
main-ref_linear_n4096-b10-r0-p3-B,main,ref_linear_n4096,10,0,ABBA,3,B,reference,4096,mixed,2026082901,1,1,VALID,,False,0,False,677709,c29f6e9a49eb3454,25339d9aebc6ec46,0144d4ef720e2f721643a00f3b5d4775b65d753c34781efe6c1e7b714d9dd4a9,0144d4ef720e2f721643a00f3b5d4775b65d753c34781efe6c1e7b714d9dd4a9,raw/attempts/main-ref_linear_n4096-b10-r0-p3-B
main-ref_linear_n4096-b10-r0-p4-A,main,ref_linear_n4096,10,0,ABBA,4,A,linear,4096,mixed,2026082901,1,1,VALID,,False,0,False,2083,c29f6e9a49eb3454,25339d9aebc6ec46,0144d4ef720e2f721643a00f3b5d4775b65d753c34781efe6c1e7b714d9dd4a9,0144d4ef720e2f721643a00f3b5d4775b65d753c34781efe6c1e7b714d9dd4a9,raw/attempts/main-ref_linear_n4096-b10-r0-p4-A
main-ref_linear_n4096-b11-r0-p1-A,main,ref_linear_n4096,11,0,ABBA,1,A,linear,4096,mixed,2026082901,1,1,VALID,,False,0,False,1917,c29f6e9a49eb3454,25339d9aebc6ec46,0144d4ef720e2f721643a00f3b5d4775b65d753c34781efe6c1e7b714d9dd4a9,0144d4ef720e2f721643a00f3b5d4775b65d753c34781efe6c1e7b714d9dd4a9,raw/attempts/main-ref_linear_n4096-b11-r0-p1-A
main-ref_linear_n4096-b11-r0-p2-B,main,ref_linear_n4096,11,0,ABBA,2,B,reference,4096,mixed,2026082901,1,1,VALID,,False,0,False,672583,c29f6e9a49eb3454,25339d9aebc6ec46,0144d4ef720e2f721643a00f3b5d4775b65d753c34781efe6c1e7b714d9dd4a9,0144d4ef720e2f721643a00f3b5d4775b65d753c34781efe6c1e7b714d9dd4a9,raw/attempts/main-ref_linear_n4096-b11-r0-p2-B
main-ref_linear_n4096-b11-r0-p3-B,main,ref_linear_n4096,11,0,ABBA,3,B,reference,4096,mixed,2026082901,1,1,VALID,,False,0,False,677000,c29f6e9a49eb3454,25339d9aebc6ec46,0144d4ef720e2f721643a00f3b5d4775b65d753c34781efe6c1e7b714d9dd4a9,0144d4ef720e2f721643a00f3b5d4775b65d753c34781efe6c1e7b714d9dd4a9,raw/attempts/main-ref_linear_n4096-b11-r0-p3-B
main-ref_linear_n4096-b11-r0-p4-A,main,ref_linear_n4096,11,0,ABBA,4,A,linear,4096,mixed,2026082901,1,1,VALID,,False,0,False,2000,c29f6e9a49eb3454,25339d9aebc6ec46,0144d4ef720e2f721643a00f3b5d4775b65d753c34781efe6c1e7b714d9dd4a9,0144d4ef720e2f721643a00f3b5d4775b65d753c34781efe6c1e7b714d9dd4a9,raw/attempts/main-ref_linear_n4096-b11-r0-p4-A
main-ref_linear_n4096-b12-r0-p1-A,main,ref_linear_n4096,12,0,ABBA,1,A,linear,4096,mixed,2026082901,1,1,VALID,,False,0,False,1917,c29f6e9a49eb3454,25339d9aebc6ec46,0144d4ef720e2f721643a00f3b5d4775b65d753c34781efe6c1e7b714d9dd4a9,0144d4ef720e2f721643a00f3b5d4775b65d753c34781efe6c1e7b714d9dd4a9,raw/attempts/main-ref_linear_n4096-b12-r0-p1-A
main-ref_linear_n4096-b12-r0-p2-B,main,ref_linear_n4096,12,0,ABBA,2,B,reference,4096,mixed,2026082901,1,1,VALID,,False,0,False,659500,c29f6e9a49eb3454,25339d9aebc6ec46,0144d4ef720e2f721643a00f3b5d4775b65d753c34781efe6c1e7b714d9dd4a9,0144d4ef720e2f721643a00f3b5d4775b65d753c34781efe6c1e7b714d9dd4a9,raw/attempts/main-ref_linear_n4096-b12-r0-p2-B
main-ref_linear_n4096-b12-r0-p3-B,main,ref_linear_n4096,12,0,ABBA,3,B,reference,4096,mixed,2026082901,1,1,VALID,,False,0,False,681334,c29f6e9a49eb3454,25339d9aebc6ec46,0144d4ef720e2f721643a00f3b5d4775b65d753c34781efe6c1e7b714d9dd4a9,0144d4ef720e2f721643a00f3b5d4775b65d753c34781efe6c1e7b714d9dd4a9,raw/attempts/main-ref_linear_n4096-b12-r0-p3-B
main-ref_linear_n4096-b12-r0-p4-A,main,ref_linear_n4096,12,0,ABBA,4,A,linear,4096,mixed,2026082901,1,1,VALID,,False,0,False,2125,c29f6e9a49eb3454,25339d9aebc6ec46,0144d4ef720e2f721643a00f3b5d4775b65d753c34781efe6c1e7b714d9dd4a9,0144d4ef720e2f721643a00f3b5d4775b65d753c34781efe6c1e7b714d9dd4a9,raw/attempts/main-ref_linear_n4096-b12-r0-p4-A
main-blocked_linear_n4096_b16384-b01-r0-p1-A,main,blocked_linear_n4096_b16384,1,0,ABBA,1,A,linear,4096,mixed,2026082901,16384,1,VALID,,False,0,False,1959,c29f6e9a49eb3454,25339d9aebc6ec46,0144d4ef720e2f721643a00f3b5d4775b65d753c34781efe6c1e7b714d9dd4a9,0144d4ef720e2f721643a00f3b5d4775b65d753c34781efe6c1e7b714d9dd4a9,raw/attempts/main-blocked_linear_n4096_b16384-b01-r0-p1-A
main-blocked_linear_n4096_b16384-b01-r0-p2-B,main,blocked_linear_n4096_b16384,1,0,ABBA,2,B,blocked,4096,mixed,2026082901,16384,1,VALID,,False,0,False,2708,c29f6e9a49eb3454,25339d9aebc6ec46,0144d4ef720e2f721643a00f3b5d4775b65d753c34781efe6c1e7b714d9dd4a9,0144d4ef720e2f721643a00f3b5d4775b65d753c34781efe6c1e7b714d9dd4a9,raw/attempts/main-blocked_linear_n4096_b16384-b01-r0-p2-B
main-blocked_linear_n4096_b16384-b01-r0-p3-B,main,blocked_linear_n4096_b16384,1,0,ABBA,3,B,blocked,4096,mixed,2026082901,16384,1,VALID,,False,0,False,2583,c29f6e9a49eb3454,25339d9aebc6ec46,0144d4ef720e2f721643a00f3b5d4775b65d753c34781efe6c1e7b714d9dd4a9,0144d4ef720e2f721643a00f3b5d4775b65d753c34781efe6c1e7b714d9dd4a9,raw/attempts/main-blocked_linear_n4096_b16384-b01-r0-p3-B
main-blocked_linear_n4096_b16384-b01-r0-p4-A,main,blocked_linear_n4096_b16384,1,0,ABBA,4,A,linear,4096,mixed,2026082901,16384,1,VALID,,False,0,False,1875,c29f6e9a49eb3454,25339d9aebc6ec46,0144d4ef720e2f721643a00f3b5d4775b65d753c34781efe6c1e7b714d9dd4a9,0144d4ef720e2f721643a00f3b5d4775b65d753c34781efe6c1e7b714d9dd4a9,raw/attempts/main-blocked_linear_n4096_b16384-b01-r0-p4-A
main-blocked_linear_n4096_b16384-b02-r0-p1-B,main,blocked_linear_n4096_b16384,2,0,BAAB,1,B,blocked,4096,mixed,2026082901,16384,1,VALID,,False,0,False,2666,c29f6e9a49eb3454,25339d9aebc6ec46,0144d4ef720e2f721643a00f3b5d4775b65d753c34781efe6c1e7b714d9dd4a9,0144d4ef720e2f721643a00f3b5d4775b65d753c34781efe6c1e7b714d9dd4a9,raw/attempts/main-blocked_linear_n4096_b16384-b02-r0-p1-B
main-blocked_linear_n4096_b16384-b02-r0-p2-A,main,blocked_linear_n4096_b16384,2,0,BAAB,2,A,linear,4096,mixed,2026082901,16384,1,VALID,,False,0,False,1917,c29f6e9a49eb3454,25339d9aebc6ec46,0144d4ef720e2f721643a00f3b5d4775b65d753c34781efe6c1e7b714d9dd4a9,0144d4ef720e2f721643a00f3b5d4775b65d753c34781efe6c1e7b714d9dd4a9,raw/attempts/main-blocked_linear_n4096_b16384-b02-r0-p2-A
main-blocked_linear_n4096_b16384-b02-r0-p3-A,main,blocked_linear_n4096_b16384,2,0,BAAB,3,A,linear,4096,mixed,2026082901,16384,1,VALID,,False,0,False,1958,c29f6e9a49eb3454,25339d9aebc6ec46,0144d4ef720e2f721643a00f3b5d4775b65d753c34781efe6c1e7b714d9dd4a9,0144d4ef720e2f721643a00f3b5d4775b65d753c34781efe6c1e7b714d9dd4a9,raw/attempts/main-blocked_linear_n4096_b16384-b02-r0-p3-A
main-blocked_linear_n4096_b16384-b02-r0-p4-B,main,blocked_linear_n4096_b16384,2,0,BAAB,4,B,blocked,4096,mixed,2026082901,16384,1,VALID,,False,0,False,2666,c29f6e9a49eb3454,25339d9aebc6ec46,0144d4ef720e2f721643a00f3b5d4775b65d753c34781efe6c1e7b714d9dd4a9,0144d4ef720e2f721643a00f3b5d4775b65d753c34781efe6c1e7b714d9dd4a9,raw/attempts/main-blocked_linear_n4096_b16384-b02-r0-p4-B
main-blocked_linear_n4096_b16384-b03-r0-p1-A,main,blocked_linear_n4096_b16384,3,0,ABBA,1,A,linear,4096,mixed,2026082901,16384,1,VALID,,False,0,False,1959,c29f6e9a49eb3454,25339d9aebc6ec46,0144d4ef720e2f721643a00f3b5d4775b65d753c34781efe6c1e7b714d9dd4a9,0144d4ef720e2f721643a00f3b5d4775b65d753c34781efe6c1e7b714d9dd4a9,raw/attempts/main-blocked_linear_n4096_b16384-b03-r0-p1-A
main-blocked_linear_n4096_b16384-b03-r0-p2-B,main,blocked_linear_n4096_b16384,3,0,ABBA,2,B,blocked,4096,mixed,2026082901,16384,1,VALID,,False,0,False,2708,c29f6e9a49eb3454,25339d9aebc6ec46,0144d4ef720e2f721643a00f3b5d4775b65d753c34781efe6c1e7b714d9dd4a9,0144d4ef720e2f721643a00f3b5d4775b65d753c34781efe6c1e7b714d9dd4a9,raw/attempts/main-blocked_linear_n4096_b16384-b03-r0-p2-B
main-blocked_linear_n4096_b16384-b03-r0-p3-B,main,blocked_linear_n4096_b16384,3,0,ABBA,3,B,blocked,4096,mixed,2026082901,16384,1,VALID,,False,0,False,2709,c29f6e9a49eb3454,25339d9aebc6ec46,0144d4ef720e2f721643a00f3b5d4775b65d753c34781efe6c1e7b714d9dd4a9,0144d4ef720e2f721643a00f3b5d4775b65d753c34781efe6c1e7b714d9dd4a9,raw/attempts/main-blocked_linear_n4096_b16384-b03-r0-p3-B
main-blocked_linear_n4096_b16384-b03-r0-p4-A,main,blocked_linear_n4096_b16384,3,0,ABBA,4,A,linear,4096,mixed,2026082901,16384,1,VALID,,False,0,False,1958,c29f6e9a49eb3454,25339d9aebc6ec46,0144d4ef720e2f721643a00f3b5d4775b65d753c34781efe6c1e7b714d9dd4a9,0144d4ef720e2f721643a00f3b5d4775b65d753c34781efe6c1e7b714d9dd4a9,raw/attempts/main-blocked_linear_n4096_b16384-b03-r0-p4-A
main-blocked_linear_n4096_b16384-b04-r0-p1-B,main,blocked_linear_n4096_b16384,4,0,BAAB,1,B,blocked,4096,mixed,2026082901,16384,1,VALID,,False,0,False,2709,c29f6e9a49eb3454,25339d9aebc6ec46,0144d4ef720e2f721643a00f3b5d4775b65d753c34781efe6c1e7b714d9dd4a9,0144d4ef720e2f721643a00f3b5d4775b65d753c34781efe6c1e7b714d9dd4a9,raw/attempts/main-blocked_linear_n4096_b16384-b04-r0-p1-B
main-blocked_linear_n4096_b16384-b04-r0-p2-A,main,blocked_linear_n4096_b16384,4,0,BAAB,2,A,linear,4096,mixed,2026082901,16384,1,VALID,,False,0,False,1917,c29f6e9a49eb3454,25339d9aebc6ec46,0144d4ef720e2f721643a00f3b5d4775b65d753c34781efe6c1e7b714d9dd4a9,0144d4ef720e2f721643a00f3b5d4775b65d753c34781efe6c1e7b714d9dd4a9,raw/attempts/main-blocked_linear_n4096_b16384-b04-r0-p2-A
main-blocked_linear_n4096_b16384-b04-r0-p3-A,main,blocked_linear_n4096_b16384,4,0,BAAB,3,A,linear,4096,mixed,2026082901,16384,1,VALID,,False,0,False,1958,c29f6e9a49eb3454,25339d9aebc6ec46,0144d4ef720e2f721643a00f3b5d4775b65d753c34781efe6c1e7b714d9dd4a9,0144d4ef720e2f721643a00f3b5d4775b65d753c34781efe6c1e7b714d9dd4a9,raw/attempts/main-blocked_linear_n4096_b16384-b04-r0-p3-A
main-blocked_linear_n4096_b16384-b04-r0-p4-B,main,blocked_linear_n4096_b16384,4,0,BAAB,4,B,blocked,4096,mixed,2026082901,16384,1,VALID,,False,0,False,2708,c29f6e9a49eb3454,25339d9aebc6ec46,0144d4ef720e2f721643a00f3b5d4775b65d753c34781efe6c1e7b714d9dd4a9,0144d4ef720e2f721643a00f3b5d4775b65d753c34781efe6c1e7b714d9dd4a9,raw/attempts/main-blocked_linear_n4096_b16384-b04-r0-p4-B
main-blocked_linear_n4096_b16384-b05-r0-p1-B,main,blocked_linear_n4096_b16384,5,0,BAAB,1,B,blocked,4096,mixed,2026082901,16384,1,VALID,,False,0,False,2583,c29f6e9a49eb3454,25339d9aebc6ec46,0144d4ef720e2f721643a00f3b5d4775b65d753c34781efe6c1e7b714d9dd4a9,0144d4ef720e2f721643a00f3b5d4775b65d753c34781efe6c1e7b714d9dd4a9,raw/attempts/main-blocked_linear_n4096_b16384-b05-r0-p1-B
main-blocked_linear_n4096_b16384-b05-r0-p2-A,main,blocked_linear_n4096_b16384,5,0,BAAB,2,A,linear,4096,mixed,2026082901,16384,1,VALID,,False,0,False,2000,c29f6e9a49eb3454,25339d9aebc6ec46,0144d4ef720e2f721643a00f3b5d4775b65d753c34781efe6c1e7b714d9dd4a9,0144d4ef720e2f721643a00f3b5d4775b65d753c34781efe6c1e7b714d9dd4a9,raw/attempts/main-blocked_linear_n4096_b16384-b05-r0-p2-A
main-blocked_linear_n4096_b16384-b05-r0-p3-A,main,blocked_linear_n4096_b16384,5,0,BAAB,3,A,linear,4096,mixed,2026082901,16384,1,VALID,,False,0,False,2000,c29f6e9a49eb3454,25339d9aebc6ec46,0144d4ef720e2f721643a00f3b5d4775b65d753c34781efe6c1e7b714d9dd4a9,0144d4ef720e2f721643a00f3b5d4775b65d753c34781efe6c1e7b714d9dd4a9,raw/attempts/main-blocked_linear_n4096_b16384-b05-r0-p3-A
main-blocked_linear_n4096_b16384-b05-r0-p4-B,main,blocked_linear_n4096_b16384,5,0,BAAB,4,B,blocked,4096,mixed,2026082901,16384,1,VALID,,False,0,False,2708,c29f6e9a49eb3454,25339d9aebc6ec46,0144d4ef720e2f721643a00f3b5d4775b65d753c34781efe6c1e7b714d9dd4a9,0144d4ef720e2f721643a00f3b5d4775b65d753c34781efe6c1e7b714d9dd4a9,raw/attempts/main-blocked_linear_n4096_b16384-b05-r0-p4-B
main-blocked_linear_n4096_b16384-b06-r0-p1-A,main,blocked_linear_n4096_b16384,6,0,ABBA,1,A,linear,4096,mixed,2026082901,16384,1,VALID,,False,0,False,2000,c29f6e9a49eb3454,25339d9aebc6ec46,0144d4ef720e2f721643a00f3b5d4775b65d753c34781efe6c1e7b714d9dd4a9,0144d4ef720e2f721643a00f3b5d4775b65d753c34781efe6c1e7b714d9dd4a9,raw/attempts/main-blocked_linear_n4096_b16384-b06-r0-p1-A
main-blocked_linear_n4096_b16384-b06-r0-p2-B,main,blocked_linear_n4096_b16384,6,0,ABBA,2,B,blocked,4096,mixed,2026082901,16384,1,VALID,,False,0,False,2584,c29f6e9a49eb3454,25339d9aebc6ec46,0144d4ef720e2f721643a00f3b5d4775b65d753c34781efe6c1e7b714d9dd4a9,0144d4ef720e2f721643a00f3b5d4775b65d753c34781efe6c1e7b714d9dd4a9,raw/attempts/main-blocked_linear_n4096_b16384-b06-r0-p2-B
main-blocked_linear_n4096_b16384-b06-r0-p3-B,main,blocked_linear_n4096_b16384,6,0,ABBA,3,B,blocked,4096,mixed,2026082901,16384,1,VALID,,False,0,False,2584,c29f6e9a49eb3454,25339d9aebc6ec46,0144d4ef720e2f721643a00f3b5d4775b65d753c34781efe6c1e7b714d9dd4a9,0144d4ef720e2f721643a00f3b5d4775b65d753c34781efe6c1e7b714d9dd4a9,raw/attempts/main-blocked_linear_n4096_b16384-b06-r0-p3-B
main-blocked_linear_n4096_b16384-b06-r0-p4-A,main,blocked_linear_n4096_b16384,6,0,ABBA,4,A,linear,4096,mixed,2026082901,16384,1,VALID,,False,0,False,2000,c29f6e9a49eb3454,25339d9aebc6ec46,0144d4ef720e2f721643a00f3b5d4775b65d753c34781efe6c1e7b714d9dd4a9,0144d4ef720e2f721643a00f3b5d4775b65d753c34781efe6c1e7b714d9dd4a9,raw/attempts/main-blocked_linear_n4096_b16384-b06-r0-p4-A
main-blocked_linear_n4096_b16384-b07-r0-p1-A,main,blocked_linear_n4096_b16384,7,0,ABBA,1,A,linear,4096,mixed,2026082901,16384,1,VALID,,False,0,False,1958,c29f6e9a49eb3454,25339d9aebc6ec46,0144d4ef720e2f721643a00f3b5d4775b65d753c34781efe6c1e7b714d9dd4a9,0144d4ef720e2f721643a00f3b5d4775b65d753c34781efe6c1e7b714d9dd4a9,raw/attempts/main-blocked_linear_n4096_b16384-b07-r0-p1-A
main-blocked_linear_n4096_b16384-b07-r0-p2-B,main,blocked_linear_n4096_b16384,7,0,ABBA,2,B,blocked,4096,mixed,2026082901,16384,1,VALID,,False,0,False,2667,c29f6e9a49eb3454,25339d9aebc6ec46,0144d4ef720e2f721643a00f3b5d4775b65d753c34781efe6c1e7b714d9dd4a9,0144d4ef720e2f721643a00f3b5d4775b65d753c34781efe6c1e7b714d9dd4a9,raw/attempts/main-blocked_linear_n4096_b16384-b07-r0-p2-B
main-blocked_linear_n4096_b16384-b07-r0-p3-B,main,blocked_linear_n4096_b16384,7,0,ABBA,3,B,blocked,4096,mixed,2026082901,16384,1,VALID,,False,0,False,2709,c29f6e9a49eb3454,25339d9aebc6ec46,0144d4ef720e2f721643a00f3b5d4775b65d753c34781efe6c1e7b714d9dd4a9,0144d4ef720e2f721643a00f3b5d4775b65d753c34781efe6c1e7b714d9dd4a9,raw/attempts/main-blocked_linear_n4096_b16384-b07-r0-p3-B
main-blocked_linear_n4096_b16384-b07-r0-p4-A,main,blocked_linear_n4096_b16384,7,0,ABBA,4,A,linear,4096,mixed,2026082901,16384,1,VALID,,False,0,False,1959,c29f6e9a49eb3454,25339d9aebc6ec46,0144d4ef720e2f721643a00f3b5d4775b65d753c34781efe6c1e7b714d9dd4a9,0144d4ef720e2f721643a00f3b5d4775b65d753c34781efe6c1e7b714d9dd4a9,raw/attempts/main-blocked_linear_n4096_b16384-b07-r0-p4-A
main-blocked_linear_n4096_b16384-b08-r0-p1-B,main,blocked_linear_n4096_b16384,8,0,BAAB,1,B,blocked,4096,mixed,2026082901,16384,1,VALID,,False,0,False,2791,c29f6e9a49eb3454,25339d9aebc6ec46,0144d4ef720e2f721643a00f3b5d4775b65d753c34781efe6c1e7b714d9dd4a9,0144d4ef720e2f721643a00f3b5d4775b65d753c34781efe6c1e7b714d9dd4a9,raw/attempts/main-blocked_linear_n4096_b16384-b08-r0-p1-B
main-blocked_linear_n4096_b16384-b08-r0-p2-A,main,blocked_linear_n4096_b16384,8,0,BAAB,2,A,linear,4096,mixed,2026082901,16384,1,VALID,,False,0,False,2000,c29f6e9a49eb3454,25339d9aebc6ec46,0144d4ef720e2f721643a00f3b5d4775b65d753c34781efe6c1e7b714d9dd4a9,0144d4ef720e2f721643a00f3b5d4775b65d753c34781efe6c1e7b714d9dd4a9,raw/attempts/main-blocked_linear_n4096_b16384-b08-r0-p2-A
main-blocked_linear_n4096_b16384-b08-r0-p3-A,main,blocked_linear_n4096_b16384,8,0,BAAB,3,A,linear,4096,mixed,2026082901,16384,1,VALID,,False,0,False,1875,c29f6e9a49eb3454,25339d9aebc6ec46,0144d4ef720e2f721643a00f3b5d4775b65d753c34781efe6c1e7b714d9dd4a9,0144d4ef720e2f721643a00f3b5d4775b65d753c34781efe6c1e7b714d9dd4a9,raw/attempts/main-blocked_linear_n4096_b16384-b08-r0-p3-A
main-blocked_linear_n4096_b16384-b08-r0-p4-B,main,blocked_linear_n4096_b16384,8,0,BAAB,4,B,blocked,4096,mixed,2026082901,16384,1,VALID,,False,0,False,2834,c29f6e9a49eb3454,25339d9aebc6ec46,0144d4ef720e2f721643a00f3b5d4775b65d753c34781efe6c1e7b714d9dd4a9,0144d4ef720e2f721643a00f3b5d4775b65d753c34781efe6c1e7b714d9dd4a9,raw/attempts/main-blocked_linear_n4096_b16384-b08-r0-p4-B
main-blocked_linear_n4096_b16384-b09-r0-p1-B,main,blocked_linear_n4096_b16384,9,0,BAAB,1,B,blocked,4096,mixed,2026082901,16384,1,VALID,,False,0,False,2792,c29f6e9a49eb3454,25339d9aebc6ec46,0144d4ef720e2f721643a00f3b5d4775b65d753c34781efe6c1e7b714d9dd4a9,0144d4ef720e2f721643a00f3b5d4775b65d753c34781efe6c1e7b714d9dd4a9,raw/attempts/main-blocked_linear_n4096_b16384-b09-r0-p1-B
main-blocked_linear_n4096_b16384-b09-r0-p2-A,main,blocked_linear_n4096_b16384,9,0,BAAB,2,A,linear,4096,mixed,2026082901,16384,1,VALID,,False,0,False,1958,c29f6e9a49eb3454,25339d9aebc6ec46,0144d4ef720e2f721643a00f3b5d4775b65d753c34781efe6c1e7b714d9dd4a9,0144d4ef720e2f721643a00f3b5d4775b65d753c34781efe6c1e7b714d9dd4a9,raw/attempts/main-blocked_linear_n4096_b16384-b09-r0-p2-A
main-blocked_linear_n4096_b16384-b09-r0-p3-A,main,blocked_linear_n4096_b16384,9,0,BAAB,3,A,linear,4096,mixed,2026082901,16384,1,VALID,,False,0,False,1958,c29f6e9a49eb3454,25339d9aebc6ec46,0144d4ef720e2f721643a00f3b5d4775b65d753c34781efe6c1e7b714d9dd4a9,0144d4ef720e2f721643a00f3b5d4775b65d753c34781efe6c1e7b714d9dd4a9,raw/attempts/main-blocked_linear_n4096_b16384-b09-r0-p3-A
main-blocked_linear_n4096_b16384-b09-r0-p4-B,main,blocked_linear_n4096_b16384,9,0,BAAB,4,B,blocked,4096,mixed,2026082901,16384,1,VALID,,False,0,False,2708,c29f6e9a49eb3454,25339d9aebc6ec46,0144d4ef720e2f721643a00f3b5d4775b65d753c34781efe6c1e7b714d9dd4a9,0144d4ef720e2f721643a00f3b5d4775b65d753c34781efe6c1e7b714d9dd4a9,raw/attempts/main-blocked_linear_n4096_b16384-b09-r0-p4-B
main-blocked_linear_n4096_b16384-b10-r0-p1-A,main,blocked_linear_n4096_b16384,10,0,ABBA,1,A,linear,4096,mixed,2026082901,16384,1,VALID,,False,0,False,1916,c29f6e9a49eb3454,25339d9aebc6ec46,0144d4ef720e2f721643a00f3b5d4775b65d753c34781efe6c1e7b714d9dd4a9,0144d4ef720e2f721643a00f3b5d4775b65d753c34781efe6c1e7b714d9dd4a9,raw/attempts/main-blocked_linear_n4096_b16384-b10-r0-p1-A
main-blocked_linear_n4096_b16384-b10-r0-p2-B,main,blocked_linear_n4096_b16384,10,0,ABBA,2,B,blocked,4096,mixed,2026082901,16384,1,VALID,,False,0,False,2667,c29f6e9a49eb3454,25339d9aebc6ec46,0144d4ef720e2f721643a00f3b5d4775b65d753c34781efe6c1e7b714d9dd4a9,0144d4ef720e2f721643a00f3b5d4775b65d753c34781efe6c1e7b714d9dd4a9,raw/attempts/main-blocked_linear_n4096_b16384-b10-r0-p2-B
main-blocked_linear_n4096_b16384-b10-r0-p3-B,main,blocked_linear_n4096_b16384,10,0,ABBA,3,B,blocked,4096,mixed,2026082901,16384,1,VALID,,False,0,False,2667,c29f6e9a49eb3454,25339d9aebc6ec46,0144d4ef720e2f721643a00f3b5d4775b65d753c34781efe6c1e7b714d9dd4a9,0144d4ef720e2f721643a00f3b5d4775b65d753c34781efe6c1e7b714d9dd4a9,raw/attempts/main-blocked_linear_n4096_b16384-b10-r0-p3-B
main-blocked_linear_n4096_b16384-b10-r0-p4-A,main,blocked_linear_n4096_b16384,10,0,ABBA,4,A,linear,4096,mixed,2026082901,16384,1,VALID,,False,0,False,2000,c29f6e9a49eb3454,25339d9aebc6ec46,0144d4ef720e2f721643a00f3b5d4775b65d753c34781efe6c1e7b714d9dd4a9,0144d4ef720e2f721643a00f3b5d4775b65d753c34781efe6c1e7b714d9dd4a9,raw/attempts/main-blocked_linear_n4096_b16384-b10-r0-p4-A
main-blocked_linear_n4096_b16384-b11-r0-p1-A,main,blocked_linear_n4096_b16384,11,0,ABBA,1,A,linear,4096,mixed,2026082901,16384,1,VALID,,False,0,False,1958,c29f6e9a49eb3454,25339d9aebc6ec46,0144d4ef720e2f721643a00f3b5d4775b65d753c34781efe6c1e7b714d9dd4a9,0144d4ef720e2f721643a00f3b5d4775b65d753c34781efe6c1e7b714d9dd4a9,raw/attempts/main-blocked_linear_n4096_b16384-b11-r0-p1-A
main-blocked_linear_n4096_b16384-b11-r0-p2-B,main,blocked_linear_n4096_b16384,11,0,ABBA,2,B,blocked,4096,mixed,2026082901,16384,1,VALID,,False,0,False,2666,c29f6e9a49eb3454,25339d9aebc6ec46,0144d4ef720e2f721643a00f3b5d4775b65d753c34781efe6c1e7b714d9dd4a9,0144d4ef720e2f721643a00f3b5d4775b65d753c34781efe6c1e7b714d9dd4a9,raw/attempts/main-blocked_linear_n4096_b16384-b11-r0-p2-B
main-blocked_linear_n4096_b16384-b11-r0-p3-B,main,blocked_linear_n4096_b16384,11,0,ABBA,3,B,blocked,4096,mixed,2026082901,16384,1,VALID,,False,0,False,2667,c29f6e9a49eb3454,25339d9aebc6ec46,0144d4ef720e2f721643a00f3b5d4775b65d753c34781efe6c1e7b714d9dd4a9,0144d4ef720e2f721643a00f3b5d4775b65d753c34781efe6c1e7b714d9dd4a9,raw/attempts/main-blocked_linear_n4096_b16384-b11-r0-p3-B
main-blocked_linear_n4096_b16384-b11-r0-p4-A,main,blocked_linear_n4096_b16384,11,0,ABBA,4,A,linear,4096,mixed,2026082901,16384,1,VALID,,False,0,False,1959,c29f6e9a49eb3454,25339d9aebc6ec46,0144d4ef720e2f721643a00f3b5d4775b65d753c34781efe6c1e7b714d9dd4a9,0144d4ef720e2f721643a00f3b5d4775b65d753c34781efe6c1e7b714d9dd4a9,raw/attempts/main-blocked_linear_n4096_b16384-b11-r0-p4-A
main-blocked_linear_n4096_b16384-b12-r0-p1-B,main,blocked_linear_n4096_b16384,12,0,BAAB,1,B,blocked,4096,mixed,2026082901,16384,1,VALID,,False,0,False,2708,c29f6e9a49eb3454,25339d9aebc6ec46,0144d4ef720e2f721643a00f3b5d4775b65d753c34781efe6c1e7b714d9dd4a9,0144d4ef720e2f721643a00f3b5d4775b65d753c34781efe6c1e7b714d9dd4a9,raw/attempts/main-blocked_linear_n4096_b16384-b12-r0-p1-B
main-blocked_linear_n4096_b16384-b12-r0-p2-A,main,blocked_linear_n4096_b16384,12,0,BAAB,2,A,linear,4096,mixed,2026082901,16384,1,VALID,,False,0,False,1958,c29f6e9a49eb3454,25339d9aebc6ec46,0144d4ef720e2f721643a00f3b5d4775b65d753c34781efe6c1e7b714d9dd4a9,0144d4ef720e2f721643a00f3b5d4775b65d753c34781efe6c1e7b714d9dd4a9,raw/attempts/main-blocked_linear_n4096_b16384-b12-r0-p2-A
main-blocked_linear_n4096_b16384-b12-r0-p3-A,main,blocked_linear_n4096_b16384,12,0,BAAB,3,A,linear,4096,mixed,2026082901,16384,1,VALID,,False,0,False,2042,c29f6e9a49eb3454,25339d9aebc6ec46,0144d4ef720e2f721643a00f3b5d4775b65d753c34781efe6c1e7b714d9dd4a9,0144d4ef720e2f721643a00f3b5d4775b65d753c34781efe6c1e7b714d9dd4a9,raw/attempts/main-blocked_linear_n4096_b16384-b12-r0-p3-A
main-blocked_linear_n4096_b16384-b12-r0-p4-B,main,blocked_linear_n4096_b16384,12,0,BAAB,4,B,blocked,4096,mixed,2026082901,16384,1,VALID,,False,0,False,2625,c29f6e9a49eb3454,25339d9aebc6ec46,0144d4ef720e2f721643a00f3b5d4775b65d753c34781efe6c1e7b714d9dd4a9,0144d4ef720e2f721643a00f3b5d4775b65d753c34781efe6c1e7b714d9dd4a9,raw/attempts/main-blocked_linear_n4096_b16384-b12-r0-p4-B
main-blocked_linear_n262144_b16384-b01-r0-p1-B,main,blocked_linear_n262144_b16384,1,0,BAAB,1,B,blocked,262144,mixed,2026082901,16384,1,VALID,,False,0,False,375541,21fc62b48ab2a3a5,528ae490751b6dcb,0144d4ef720e2f721643a00f3b5d4775b65d753c34781efe6c1e7b714d9dd4a9,0144d4ef720e2f721643a00f3b5d4775b65d753c34781efe6c1e7b714d9dd4a9,raw/attempts/main-blocked_linear_n262144_b16384-b01-r0-p1-B
main-blocked_linear_n262144_b16384-b01-r0-p2-A,main,blocked_linear_n262144_b16384,1,0,BAAB,2,A,linear,262144,mixed,2026082901,16384,1,VALID,,False,0,False,527000,21fc62b48ab2a3a5,528ae490751b6dcb,0144d4ef720e2f721643a00f3b5d4775b65d753c34781efe6c1e7b714d9dd4a9,0144d4ef720e2f721643a00f3b5d4775b65d753c34781efe6c1e7b714d9dd4a9,raw/attempts/main-blocked_linear_n262144_b16384-b01-r0-p2-A
main-blocked_linear_n262144_b16384-b01-r0-p3-A,main,blocked_linear_n262144_b16384,1,0,BAAB,3,A,linear,262144,mixed,2026082901,16384,1,VALID,,False,0,False,139167,21fc62b48ab2a3a5,528ae490751b6dcb,0144d4ef720e2f721643a00f3b5d4775b65d753c34781efe6c1e7b714d9dd4a9,0144d4ef720e2f721643a00f3b5d4775b65d753c34781efe6c1e7b714d9dd4a9,raw/attempts/main-blocked_linear_n262144_b16384-b01-r0-p3-A
main-blocked_linear_n262144_b16384-b01-r0-p4-B,main,blocked_linear_n262144_b16384,1,0,BAAB,4,B,blocked,262144,mixed,2026082901,16384,1,VALID,,False,0,False,396917,21fc62b48ab2a3a5,528ae490751b6dcb,0144d4ef720e2f721643a00f3b5d4775b65d753c34781efe6c1e7b714d9dd4a9,0144d4ef720e2f721643a00f3b5d4775b65d753c34781efe6c1e7b714d9dd4a9,raw/attempts/main-blocked_linear_n262144_b16384-b01-r0-p4-B
main-blocked_linear_n262144_b16384-b02-r0-p1-B,main,blocked_linear_n262144_b16384,2,0,BAAB,1,B,blocked,262144,mixed,2026082901,16384,1,VALID,,False,0,False,343500,21fc62b48ab2a3a5,528ae490751b6dcb,0144d4ef720e2f721643a00f3b5d4775b65d753c34781efe6c1e7b714d9dd4a9,0144d4ef720e2f721643a00f3b5d4775b65d753c34781efe6c1e7b714d9dd4a9,raw/attempts/main-blocked_linear_n262144_b16384-b02-r0-p1-B
main-blocked_linear_n262144_b16384-b02-r0-p2-A,main,blocked_linear_n262144_b16384,2,0,BAAB,2,A,linear,262144,mixed,2026082901,16384,1,VALID,,False,0,False,502375,21fc62b48ab2a3a5,528ae490751b6dcb,0144d4ef720e2f721643a00f3b5d4775b65d753c34781efe6c1e7b714d9dd4a9,0144d4ef720e2f721643a00f3b5d4775b65d753c34781efe6c1e7b714d9dd4a9,raw/attempts/main-blocked_linear_n262144_b16384-b02-r0-p2-A
main-blocked_linear_n262144_b16384-b02-r0-p3-A,main,blocked_linear_n262144_b16384,2,0,BAAB,3,A,linear,262144,mixed,2026082901,16384,1,VALID,,False,0,False,520291,21fc62b48ab2a3a5,528ae490751b6dcb,0144d4ef720e2f721643a00f3b5d4775b65d753c34781efe6c1e7b714d9dd4a9,0144d4ef720e2f721643a00f3b5d4775b65d753c34781efe6c1e7b714d9dd4a9,raw/attempts/main-blocked_linear_n262144_b16384-b02-r0-p3-A
main-blocked_linear_n262144_b16384-b02-r0-p4-B,main,blocked_linear_n262144_b16384,2,0,BAAB,4,B,blocked,262144,mixed,2026082901,16384,1,VALID,,False,0,False,365666,21fc62b48ab2a3a5,528ae490751b6dcb,0144d4ef720e2f721643a00f3b5d4775b65d753c34781efe6c1e7b714d9dd4a9,0144d4ef720e2f721643a00f3b5d4775b65d753c34781efe6c1e7b714d9dd4a9,raw/attempts/main-blocked_linear_n262144_b16384-b02-r0-p4-B
main-blocked_linear_n262144_b16384-b03-r0-p1-A,main,blocked_linear_n262144_b16384,3,0,ABBA,1,A,linear,262144,mixed,2026082901,16384,1,VALID,,False,0,False,441625,21fc62b48ab2a3a5,528ae490751b6dcb,0144d4ef720e2f721643a00f3b5d4775b65d753c34781efe6c1e7b714d9dd4a9,0144d4ef720e2f721643a00f3b5d4775b65d753c34781efe6c1e7b714d9dd4a9,raw/attempts/main-blocked_linear_n262144_b16384-b03-r0-p1-A
main-blocked_linear_n262144_b16384-b03-r0-p2-B,main,blocked_linear_n262144_b16384,3,0,ABBA,2,B,blocked,262144,mixed,2026082901,16384,1,VALID,,False,0,False,359334,21fc62b48ab2a3a5,528ae490751b6dcb,0144d4ef720e2f721643a00f3b5d4775b65d753c34781efe6c1e7b714d9dd4a9,0144d4ef720e2f721643a00f3b5d4775b65d753c34781efe6c1e7b714d9dd4a9,raw/attempts/main-blocked_linear_n262144_b16384-b03-r0-p2-B
main-blocked_linear_n262144_b16384-b03-r0-p3-B,main,blocked_linear_n262144_b16384,3,0,ABBA,3,B,blocked,262144,mixed,2026082901,16384,1,VALID,,False,0,False,377000,21fc62b48ab2a3a5,528ae490751b6dcb,0144d4ef720e2f721643a00f3b5d4775b65d753c34781efe6c1e7b714d9dd4a9,0144d4ef720e2f721643a00f3b5d4775b65d753c34781efe6c1e7b714d9dd4a9,raw/attempts/main-blocked_linear_n262144_b16384-b03-r0-p3-B
main-blocked_linear_n262144_b16384-b03-r0-p4-A,main,blocked_linear_n262144_b16384,3,0,ABBA,4,A,linear,262144,mixed,2026082901,16384,1,VALID,,False,0,False,482333,21fc62b48ab2a3a5,528ae490751b6dcb,0144d4ef720e2f721643a00f3b5d4775b65d753c34781efe6c1e7b714d9dd4a9,0144d4ef720e2f721643a00f3b5d4775b65d753c34781efe6c1e7b714d9dd4a9,raw/attempts/main-blocked_linear_n262144_b16384-b03-r0-p4-A
main-blocked_linear_n262144_b16384-b04-r0-p1-A,main,blocked_linear_n262144_b16384,4,0,ABBA,1,A,linear,262144,mixed,2026082901,16384,1,VALID,,False,0,False,493000,21fc62b48ab2a3a5,528ae490751b6dcb,0144d4ef720e2f721643a00f3b5d4775b65d753c34781efe6c1e7b714d9dd4a9,0144d4ef720e2f721643a00f3b5d4775b65d753c34781efe6c1e7b714d9dd4a9,raw/attempts/main-blocked_linear_n262144_b16384-b04-r0-p1-A
main-blocked_linear_n262144_b16384-b04-r0-p2-B,main,blocked_linear_n262144_b16384,4,0,ABBA,2,B,blocked,262144,mixed,2026082901,16384,1,VALID,,False,0,False,391292,21fc62b48ab2a3a5,528ae490751b6dcb,0144d4ef720e2f721643a00f3b5d4775b65d753c34781efe6c1e7b714d9dd4a9,0144d4ef720e2f721643a00f3b5d4775b65d753c34781efe6c1e7b714d9dd4a9,raw/attempts/main-blocked_linear_n262144_b16384-b04-r0-p2-B
main-blocked_linear_n262144_b16384-b04-r0-p3-B,main,blocked_linear_n262144_b16384,4,0,ABBA,3,B,blocked,262144,mixed,2026082901,16384,1,VALID,,False,0,False,358083,21fc62b48ab2a3a5,528ae490751b6dcb,0144d4ef720e2f721643a00f3b5d4775b65d753c34781efe6c1e7b714d9dd4a9,0144d4ef720e2f721643a00f3b5d4775b65d753c34781efe6c1e7b714d9dd4a9,raw/attempts/main-blocked_linear_n262144_b16384-b04-r0-p3-B
main-blocked_linear_n262144_b16384-b04-r0-p4-A,main,blocked_linear_n262144_b16384,4,0,ABBA,4,A,linear,262144,mixed,2026082901,16384,1,VALID,,False,0,False,521083,21fc62b48ab2a3a5,528ae490751b6dcb,0144d4ef720e2f721643a00f3b5d4775b65d753c34781efe6c1e7b714d9dd4a9,0144d4ef720e2f721643a00f3b5d4775b65d753c34781efe6c1e7b714d9dd4a9,raw/attempts/main-blocked_linear_n262144_b16384-b04-r0-p4-A
main-blocked_linear_n262144_b16384-b05-r0-p1-A,main,blocked_linear_n262144_b16384,5,0,ABBA,1,A,linear,262144,mixed,2026082901,16384,1,VALID,,False,0,False,506416,21fc62b48ab2a3a5,528ae490751b6dcb,0144d4ef720e2f721643a00f3b5d4775b65d753c34781efe6c1e7b714d9dd4a9,0144d4ef720e2f721643a00f3b5d4775b65d753c34781efe6c1e7b714d9dd4a9,raw/attempts/main-blocked_linear_n262144_b16384-b05-r0-p1-A
main-blocked_linear_n262144_b16384-b05-r0-p2-B,main,blocked_linear_n262144_b16384,5,0,ABBA,2,B,blocked,262144,mixed,2026082901,16384,1,VALID,,False,0,False,356416,21fc62b48ab2a3a5,528ae490751b6dcb,0144d4ef720e2f721643a00f3b5d4775b65d753c34781efe6c1e7b714d9dd4a9,0144d4ef720e2f721643a00f3b5d4775b65d753c34781efe6c1e7b714d9dd4a9,raw/attempts/main-blocked_linear_n262144_b16384-b05-r0-p2-B
main-blocked_linear_n262144_b16384-b05-r0-p3-B,main,blocked_linear_n262144_b16384,5,0,ABBA,3,B,blocked,262144,mixed,2026082901,16384,1,VALID,,False,0,False,366750,21fc62b48ab2a3a5,528ae490751b6dcb,0144d4ef720e2f721643a00f3b5d4775b65d753c34781efe6c1e7b714d9dd4a9,0144d4ef720e2f721643a00f3b5d4775b65d753c34781efe6c1e7b714d9dd4a9,raw/attempts/main-blocked_linear_n262144_b16384-b05-r0-p3-B
main-blocked_linear_n262144_b16384-b05-r0-p4-A,main,blocked_linear_n262144_b16384,5,0,ABBA,4,A,linear,262144,mixed,2026082901,16384,1,VALID,,False,0,False,135292,21fc62b48ab2a3a5,528ae490751b6dcb,0144d4ef720e2f721643a00f3b5d4775b65d753c34781efe6c1e7b714d9dd4a9,0144d4ef720e2f721643a00f3b5d4775b65d753c34781efe6c1e7b714d9dd4a9,raw/attempts/main-blocked_linear_n262144_b16384-b05-r0-p4-A
main-blocked_linear_n262144_b16384-b06-r0-p1-A,main,blocked_linear_n262144_b16384,6,0,ABBA,1,A,linear,262144,mixed,2026082901,16384,1,VALID,,False,0,False,171750,21fc62b48ab2a3a5,528ae490751b6dcb,0144d4ef720e2f721643a00f3b5d4775b65d753c34781efe6c1e7b714d9dd4a9,0144d4ef720e2f721643a00f3b5d4775b65d753c34781efe6c1e7b714d9dd4a9,raw/attempts/main-blocked_linear_n262144_b16384-b06-r0-p1-A
main-blocked_linear_n262144_b16384-b06-r0-p2-B,main,blocked_linear_n262144_b16384,6,0,ABBA,2,B,blocked,262144,mixed,2026082901,16384,1,VALID,,False,0,False,361709,21fc62b48ab2a3a5,528ae490751b6dcb,0144d4ef720e2f721643a00f3b5d4775b65d753c34781efe6c1e7b714d9dd4a9,0144d4ef720e2f721643a00f3b5d4775b65d753c34781efe6c1e7b714d9dd4a9,raw/attempts/main-blocked_linear_n262144_b16384-b06-r0-p2-B
main-blocked_linear_n262144_b16384-b06-r0-p3-B,main,blocked_linear_n262144_b16384,6,0,ABBA,3,B,blocked,262144,mixed,2026082901,16384,1,VALID,,False,0,False,372708,21fc62b48ab2a3a5,528ae490751b6dcb,0144d4ef720e2f721643a00f3b5d4775b65d753c34781efe6c1e7b714d9dd4a9,0144d4ef720e2f721643a00f3b5d4775b65d753c34781efe6c1e7b714d9dd4a9,raw/attempts/main-blocked_linear_n262144_b16384-b06-r0-p3-B
main-blocked_linear_n262144_b16384-b06-r0-p4-A,main,blocked_linear_n262144_b16384,6,0,ABBA,4,A,linear,262144,mixed,2026082901,16384,1,VALID,,False,0,False,496584,21fc62b48ab2a3a5,528ae490751b6dcb,0144d4ef720e2f721643a00f3b5d4775b65d753c34781efe6c1e7b714d9dd4a9,0144d4ef720e2f721643a00f3b5d4775b65d753c34781efe6c1e7b714d9dd4a9,raw/attempts/main-blocked_linear_n262144_b16384-b06-r0-p4-A
main-blocked_linear_n262144_b16384-b07-r0-p1-B,main,blocked_linear_n262144_b16384,7,0,BAAB,1,B,blocked,262144,mixed,2026082901,16384,1,VALID,,False,0,False,389084,21fc62b48ab2a3a5,528ae490751b6dcb,0144d4ef720e2f721643a00f3b5d4775b65d753c34781efe6c1e7b714d9dd4a9,0144d4ef720e2f721643a00f3b5d4775b65d753c34781efe6c1e7b714d9dd4a9,raw/attempts/main-blocked_linear_n262144_b16384-b07-r0-p1-B
main-blocked_linear_n262144_b16384-b07-r0-p2-A,main,blocked_linear_n262144_b16384,7,0,BAAB,2,A,linear,262144,mixed,2026082901,16384,1,VALID,,False,0,False,464292,21fc62b48ab2a3a5,528ae490751b6dcb,0144d4ef720e2f721643a00f3b5d4775b65d753c34781efe6c1e7b714d9dd4a9,0144d4ef720e2f721643a00f3b5d4775b65d753c34781efe6c1e7b714d9dd4a9,raw/attempts/main-blocked_linear_n262144_b16384-b07-r0-p2-A
main-blocked_linear_n262144_b16384-b07-r0-p3-A,main,blocked_linear_n262144_b16384,7,0,BAAB,3,A,linear,262144,mixed,2026082901,16384,1,VALID,,False,0,False,501250,21fc62b48ab2a3a5,528ae490751b6dcb,0144d4ef720e2f721643a00f3b5d4775b65d753c34781efe6c1e7b714d9dd4a9,0144d4ef720e2f721643a00f3b5d4775b65d753c34781efe6c1e7b714d9dd4a9,raw/attempts/main-blocked_linear_n262144_b16384-b07-r0-p3-A
main-blocked_linear_n262144_b16384-b07-r0-p4-B,main,blocked_linear_n262144_b16384,7,0,BAAB,4,B,blocked,262144,mixed,2026082901,16384,1,VALID,,False,0,False,531500,21fc62b48ab2a3a5,528ae490751b6dcb,0144d4ef720e2f721643a00f3b5d4775b65d753c34781efe6c1e7b714d9dd4a9,0144d4ef720e2f721643a00f3b5d4775b65d753c34781efe6c1e7b714d9dd4a9,raw/attempts/main-blocked_linear_n262144_b16384-b07-r0-p4-B
main-blocked_linear_n262144_b16384-b08-r0-p1-B,main,blocked_linear_n262144_b16384,8,0,BAAB,1,B,blocked,262144,mixed,2026082901,16384,1,VALID,,False,0,False,377834,21fc62b48ab2a3a5,528ae490751b6dcb,0144d4ef720e2f721643a00f3b5d4775b65d753c34781efe6c1e7b714d9dd4a9,0144d4ef720e2f721643a00f3b5d4775b65d753c34781efe6c1e7b714d9dd4a9,raw/attempts/main-blocked_linear_n262144_b16384-b08-r0-p1-B
main-blocked_linear_n262144_b16384-b08-r0-p2-A,main,blocked_linear_n262144_b16384,8,0,BAAB,2,A,linear,262144,mixed,2026082901,16384,1,VALID,,False,0,False,140208,21fc62b48ab2a3a5,528ae490751b6dcb,0144d4ef720e2f721643a00f3b5d4775b65d753c34781efe6c1e7b714d9dd4a9,0144d4ef720e2f721643a00f3b5d4775b65d753c34781efe6c1e7b714d9dd4a9,raw/attempts/main-blocked_linear_n262144_b16384-b08-r0-p2-A
main-blocked_linear_n262144_b16384-b08-r0-p3-A,main,blocked_linear_n262144_b16384,8,0,BAAB,3,A,linear,262144,mixed,2026082901,16384,1,VALID,,False,0,False,333375,21fc62b48ab2a3a5,528ae490751b6dcb,0144d4ef720e2f721643a00f3b5d4775b65d753c34781efe6c1e7b714d9dd4a9,0144d4ef720e2f721643a00f3b5d4775b65d753c34781efe6c1e7b714d9dd4a9,raw/attempts/main-blocked_linear_n262144_b16384-b08-r0-p3-A
main-blocked_linear_n262144_b16384-b08-r0-p4-B,main,blocked_linear_n262144_b16384,8,0,BAAB,4,B,blocked,262144,mixed,2026082901,16384,1,VALID,,False,0,False,374334,21fc62b48ab2a3a5,528ae490751b6dcb,0144d4ef720e2f721643a00f3b5d4775b65d753c34781efe6c1e7b714d9dd4a9,0144d4ef720e2f721643a00f3b5d4775b65d753c34781efe6c1e7b714d9dd4a9,raw/attempts/main-blocked_linear_n262144_b16384-b08-r0-p4-B
main-blocked_linear_n262144_b16384-b09-r0-p1-A,main,blocked_linear_n262144_b16384,9,0,ABBA,1,A,linear,262144,mixed,2026082901,16384,1,VALID,,False,0,False,525375,21fc62b48ab2a3a5,528ae490751b6dcb,0144d4ef720e2f721643a00f3b5d4775b65d753c34781efe6c1e7b714d9dd4a9,0144d4ef720e2f721643a00f3b5d4775b65d753c34781efe6c1e7b714d9dd4a9,raw/attempts/main-blocked_linear_n262144_b16384-b09-r0-p1-A
main-blocked_linear_n262144_b16384-b09-r0-p2-B,main,blocked_linear_n262144_b16384,9,0,ABBA,2,B,blocked,262144,mixed,2026082901,16384,1,VALID,,False,0,False,363000,21fc62b48ab2a3a5,528ae490751b6dcb,0144d4ef720e2f721643a00f3b5d4775b65d753c34781efe6c1e7b714d9dd4a9,0144d4ef720e2f721643a00f3b5d4775b65d753c34781efe6c1e7b714d9dd4a9,raw/attempts/main-blocked_linear_n262144_b16384-b09-r0-p2-B
main-blocked_linear_n262144_b16384-b09-r0-p3-B,main,blocked_linear_n262144_b16384,9,0,ABBA,3,B,blocked,262144,mixed,2026082901,16384,1,VALID,,False,0,False,373625,21fc62b48ab2a3a5,528ae490751b6dcb,0144d4ef720e2f721643a00f3b5d4775b65d753c34781efe6c1e7b714d9dd4a9,0144d4ef720e2f721643a00f3b5d4775b65d753c34781efe6c1e7b714d9dd4a9,raw/attempts/main-blocked_linear_n262144_b16384-b09-r0-p3-B
main-blocked_linear_n262144_b16384-b09-r0-p4-A,main,blocked_linear_n262144_b16384,9,0,ABBA,4,A,linear,262144,mixed,2026082901,16384,1,VALID,,False,0,False,145583,21fc62b48ab2a3a5,528ae490751b6dcb,0144d4ef720e2f721643a00f3b5d4775b65d753c34781efe6c1e7b714d9dd4a9,0144d4ef720e2f721643a00f3b5d4775b65d753c34781efe6c1e7b714d9dd4a9,raw/attempts/main-blocked_linear_n262144_b16384-b09-r0-p4-A
main-blocked_linear_n262144_b16384-b10-r0-p1-B,main,blocked_linear_n262144_b16384,10,0,BAAB,1,B,blocked,262144,mixed,2026082901,16384,1,VALID,,False,0,False,380375,21fc62b48ab2a3a5,528ae490751b6dcb,0144d4ef720e2f721643a00f3b5d4775b65d753c34781efe6c1e7b714d9dd4a9,0144d4ef720e2f721643a00f3b5d4775b65d753c34781efe6c1e7b714d9dd4a9,raw/attempts/main-blocked_linear_n262144_b16384-b10-r0-p1-B
main-blocked_linear_n262144_b16384-b10-r0-p2-A,main,blocked_linear_n262144_b16384,10,0,BAAB,2,A,linear,262144,mixed,2026082901,16384,1,VALID,,False,0,False,404833,21fc62b48ab2a3a5,528ae490751b6dcb,0144d4ef720e2f721643a00f3b5d4775b65d753c34781efe6c1e7b714d9dd4a9,0144d4ef720e2f721643a00f3b5d4775b65d753c34781efe6c1e7b714d9dd4a9,raw/attempts/main-blocked_linear_n262144_b16384-b10-r0-p2-A
main-blocked_linear_n262144_b16384-b10-r0-p3-A,main,blocked_linear_n262144_b16384,10,0,BAAB,3,A,linear,262144,mixed,2026082901,16384,1,VALID,,False,0,False,491291,21fc62b48ab2a3a5,528ae490751b6dcb,0144d4ef720e2f721643a00f3b5d4775b65d753c34781efe6c1e7b714d9dd4a9,0144d4ef720e2f721643a00f3b5d4775b65d753c34781efe6c1e7b714d9dd4a9,raw/attempts/main-blocked_linear_n262144_b16384-b10-r0-p3-A
main-blocked_linear_n262144_b16384-b10-r0-p4-B,main,blocked_linear_n262144_b16384,10,0,BAAB,4,B,blocked,262144,mixed,2026082901,16384,1,VALID,,False,0,False,367041,21fc62b48ab2a3a5,528ae490751b6dcb,0144d4ef720e2f721643a00f3b5d4775b65d753c34781efe6c1e7b714d9dd4a9,0144d4ef720e2f721643a00f3b5d4775b65d753c34781efe6c1e7b714d9dd4a9,raw/attempts/main-blocked_linear_n262144_b16384-b10-r0-p4-B
main-blocked_linear_n262144_b16384-b11-r0-p1-A,main,blocked_linear_n262144_b16384,11,0,ABBA,1,A,linear,262144,mixed,2026082901,16384,1,VALID,,False,0,False,507958,21fc62b48ab2a3a5,528ae490751b6dcb,0144d4ef720e2f721643a00f3b5d4775b65d753c34781efe6c1e7b714d9dd4a9,0144d4ef720e2f721643a00f3b5d4775b65d753c34781efe6c1e7b714d9dd4a9,raw/attempts/main-blocked_linear_n262144_b16384-b11-r0-p1-A
main-blocked_linear_n262144_b16384-b11-r0-p2-B,main,blocked_linear_n262144_b16384,11,0,ABBA,2,B,blocked,262144,mixed,2026082901,16384,1,VALID,,False,0,False,404542,21fc62b48ab2a3a5,528ae490751b6dcb,0144d4ef720e2f721643a00f3b5d4775b65d753c34781efe6c1e7b714d9dd4a9,0144d4ef720e2f721643a00f3b5d4775b65d753c34781efe6c1e7b714d9dd4a9,raw/attempts/main-blocked_linear_n262144_b16384-b11-r0-p2-B
main-blocked_linear_n262144_b16384-b11-r0-p3-B,main,blocked_linear_n262144_b16384,11,0,ABBA,3,B,blocked,262144,mixed,2026082901,16384,1,VALID,,False,0,False,380250,21fc62b48ab2a3a5,528ae490751b6dcb,0144d4ef720e2f721643a00f3b5d4775b65d753c34781efe6c1e7b714d9dd4a9,0144d4ef720e2f721643a00f3b5d4775b65d753c34781efe6c1e7b714d9dd4a9,raw/attempts/main-blocked_linear_n262144_b16384-b11-r0-p3-B
main-blocked_linear_n262144_b16384-b11-r0-p4-A,main,blocked_linear_n262144_b16384,11,0,ABBA,4,A,linear,262144,mixed,2026082901,16384,1,VALID,,False,0,False,501583,21fc62b48ab2a3a5,528ae490751b6dcb,0144d4ef720e2f721643a00f3b5d4775b65d753c34781efe6c1e7b714d9dd4a9,0144d4ef720e2f721643a00f3b5d4775b65d753c34781efe6c1e7b714d9dd4a9,raw/attempts/main-blocked_linear_n262144_b16384-b11-r0-p4-A
main-blocked_linear_n262144_b16384-b12-r0-p1-B,main,blocked_linear_n262144_b16384,12,0,BAAB,1,B,blocked,262144,mixed,2026082901,16384,1,VALID,,False,0,False,378750,21fc62b48ab2a3a5,528ae490751b6dcb,0144d4ef720e2f721643a00f3b5d4775b65d753c34781efe6c1e7b714d9dd4a9,0144d4ef720e2f721643a00f3b5d4775b65d753c34781efe6c1e7b714d9dd4a9,raw/attempts/main-blocked_linear_n262144_b16384-b12-r0-p1-B
main-blocked_linear_n262144_b16384-b12-r0-p2-A,main,blocked_linear_n262144_b16384,12,0,BAAB,2,A,linear,262144,mixed,2026082901,16384,1,VALID,,False,0,False,236042,21fc62b48ab2a3a5,528ae490751b6dcb,0144d4ef720e2f721643a00f3b5d4775b65d753c34781efe6c1e7b714d9dd4a9,0144d4ef720e2f721643a00f3b5d4775b65d753c34781efe6c1e7b714d9dd4a9,raw/attempts/main-blocked_linear_n262144_b16384-b12-r0-p2-A
main-blocked_linear_n262144_b16384-b12-r0-p3-A,main,blocked_linear_n262144_b16384,12,0,BAAB,3,A,linear,262144,mixed,2026082901,16384,1,VALID,,False,0,False,182917,21fc62b48ab2a3a5,528ae490751b6dcb,0144d4ef720e2f721643a00f3b5d4775b65d753c34781efe6c1e7b714d9dd4a9,0144d4ef720e2f721643a00f3b5d4775b65d753c34781efe6c1e7b714d9dd4a9,raw/attempts/main-blocked_linear_n262144_b16384-b12-r0-p3-A
main-blocked_linear_n262144_b16384-b12-r0-p4-B,main,blocked_linear_n262144_b16384,12,0,BAAB,4,B,blocked,262144,mixed,2026082901,16384,1,VALID,,False,0,False,377375,21fc62b48ab2a3a5,528ae490751b6dcb,0144d4ef720e2f721643a00f3b5d4775b65d753c34781efe6c1e7b714d9dd4a9,0144d4ef720e2f721643a00f3b5d4775b65d753c34781efe6c1e7b714d9dd4a9,raw/attempts/main-blocked_linear_n262144_b16384-b12-r0-p4-B
main-blocked_linear_n4194304_b16384-b01-r0-p1-B,main,blocked_linear_n4194304_b16384,1,0,BAAB,1,B,blocked,4194304,mixed,2026082901,16384,1,VALID,,False,0,False,6923208,fcb14a3d4db7d7be,fc85f7a4255832b3,0144d4ef720e2f721643a00f3b5d4775b65d753c34781efe6c1e7b714d9dd4a9,0144d4ef720e2f721643a00f3b5d4775b65d753c34781efe6c1e7b714d9dd4a9,raw/attempts/main-blocked_linear_n4194304_b16384-b01-r0-p1-B
main-blocked_linear_n4194304_b16384-b01-r0-p2-A,main,blocked_linear_n4194304_b16384,1,0,BAAB,2,A,linear,4194304,mixed,2026082901,16384,1,VALID,,False,0,False,5756000,fcb14a3d4db7d7be,fc85f7a4255832b3,0144d4ef720e2f721643a00f3b5d4775b65d753c34781efe6c1e7b714d9dd4a9,0144d4ef720e2f721643a00f3b5d4775b65d753c34781efe6c1e7b714d9dd4a9,raw/attempts/main-blocked_linear_n4194304_b16384-b01-r0-p2-A
main-blocked_linear_n4194304_b16384-b01-r0-p3-A,main,blocked_linear_n4194304_b16384,1,0,BAAB,3,A,linear,4194304,mixed,2026082901,16384,1,VALID,,False,0,False,4663417,fcb14a3d4db7d7be,fc85f7a4255832b3,0144d4ef720e2f721643a00f3b5d4775b65d753c34781efe6c1e7b714d9dd4a9,0144d4ef720e2f721643a00f3b5d4775b65d753c34781efe6c1e7b714d9dd4a9,raw/attempts/main-blocked_linear_n4194304_b16384-b01-r0-p3-A
main-blocked_linear_n4194304_b16384-b01-r0-p4-B,main,blocked_linear_n4194304_b16384,1,0,BAAB,4,B,blocked,4194304,mixed,2026082901,16384,1,VALID,,False,0,False,7823083,fcb14a3d4db7d7be,fc85f7a4255832b3,0144d4ef720e2f721643a00f3b5d4775b65d753c34781efe6c1e7b714d9dd4a9,0144d4ef720e2f721643a00f3b5d4775b65d753c34781efe6c1e7b714d9dd4a9,raw/attempts/main-blocked_linear_n4194304_b16384-b01-r0-p4-B
main-blocked_linear_n4194304_b16384-b02-r0-p1-B,main,blocked_linear_n4194304_b16384,2,0,BAAB,1,B,blocked,4194304,mixed,2026082901,16384,1,VALID,,False,0,False,6283417,fcb14a3d4db7d7be,fc85f7a4255832b3,0144d4ef720e2f721643a00f3b5d4775b65d753c34781efe6c1e7b714d9dd4a9,0144d4ef720e2f721643a00f3b5d4775b65d753c34781efe6c1e7b714d9dd4a9,raw/attempts/main-blocked_linear_n4194304_b16384-b02-r0-p1-B
main-blocked_linear_n4194304_b16384-b02-r0-p2-A,main,blocked_linear_n4194304_b16384,2,0,BAAB,2,A,linear,4194304,mixed,2026082901,16384,1,VALID,,False,0,False,3630583,fcb14a3d4db7d7be,fc85f7a4255832b3,0144d4ef720e2f721643a00f3b5d4775b65d753c34781efe6c1e7b714d9dd4a9,0144d4ef720e2f721643a00f3b5d4775b65d753c34781efe6c1e7b714d9dd4a9,raw/attempts/main-blocked_linear_n4194304_b16384-b02-r0-p2-A
main-blocked_linear_n4194304_b16384-b02-r0-p3-A,main,blocked_linear_n4194304_b16384,2,0,BAAB,3,A,linear,4194304,mixed,2026082901,16384,1,VALID,,False,0,False,6824875,fcb14a3d4db7d7be,fc85f7a4255832b3,0144d4ef720e2f721643a00f3b5d4775b65d753c34781efe6c1e7b714d9dd4a9,0144d4ef720e2f721643a00f3b5d4775b65d753c34781efe6c1e7b714d9dd4a9,raw/attempts/main-blocked_linear_n4194304_b16384-b02-r0-p3-A
main-blocked_linear_n4194304_b16384-b02-r0-p4-B,main,blocked_linear_n4194304_b16384,2,0,BAAB,4,B,blocked,4194304,mixed,2026082901,16384,1,VALID,,False,0,False,6846042,fcb14a3d4db7d7be,fc85f7a4255832b3,0144d4ef720e2f721643a00f3b5d4775b65d753c34781efe6c1e7b714d9dd4a9,0144d4ef720e2f721643a00f3b5d4775b65d753c34781efe6c1e7b714d9dd4a9,raw/attempts/main-blocked_linear_n4194304_b16384-b02-r0-p4-B
main-blocked_linear_n4194304_b16384-b03-r0-p1-A,main,blocked_linear_n4194304_b16384,3,0,ABBA,1,A,linear,4194304,mixed,2026082901,16384,1,VALID,,False,0,False,7274292,fcb14a3d4db7d7be,fc85f7a4255832b3,0144d4ef720e2f721643a00f3b5d4775b65d753c34781efe6c1e7b714d9dd4a9,0144d4ef720e2f721643a00f3b5d4775b65d753c34781efe6c1e7b714d9dd4a9,raw/attempts/main-blocked_linear_n4194304_b16384-b03-r0-p1-A
main-blocked_linear_n4194304_b16384-b03-r0-p2-B,main,blocked_linear_n4194304_b16384,3,0,ABBA,2,B,blocked,4194304,mixed,2026082901,16384,1,VALID,,False,0,False,7039417,fcb14a3d4db7d7be,fc85f7a4255832b3,0144d4ef720e2f721643a00f3b5d4775b65d753c34781efe6c1e7b714d9dd4a9,0144d4ef720e2f721643a00f3b5d4775b65d753c34781efe6c1e7b714d9dd4a9,raw/attempts/main-blocked_linear_n4194304_b16384-b03-r0-p2-B
main-blocked_linear_n4194304_b16384-b03-r0-p3-B,main,blocked_linear_n4194304_b16384,3,0,ABBA,3,B,blocked,4194304,mixed,2026082901,16384,1,VALID,,False,0,False,6748042,fcb14a3d4db7d7be,fc85f7a4255832b3,0144d4ef720e2f721643a00f3b5d4775b65d753c34781efe6c1e7b714d9dd4a9,0144d4ef720e2f721643a00f3b5d4775b65d753c34781efe6c1e7b714d9dd4a9,raw/attempts/main-blocked_linear_n4194304_b16384-b03-r0-p3-B
main-blocked_linear_n4194304_b16384-b03-r0-p4-A,main,blocked_linear_n4194304_b16384,3,0,ABBA,4,A,linear,4194304,mixed,2026082901,16384,1,VALID,,False,0,False,3972542,fcb14a3d4db7d7be,fc85f7a4255832b3,0144d4ef720e2f721643a00f3b5d4775b65d753c34781efe6c1e7b714d9dd4a9,0144d4ef720e2f721643a00f3b5d4775b65d753c34781efe6c1e7b714d9dd4a9,raw/attempts/main-blocked_linear_n4194304_b16384-b03-r0-p4-A
main-blocked_linear_n4194304_b16384-b04-r0-p1-A,main,blocked_linear_n4194304_b16384,4,0,ABBA,1,A,linear,4194304,mixed,2026082901,16384,1,VALID,,False,0,False,4782292,fcb14a3d4db7d7be,fc85f7a4255832b3,0144d4ef720e2f721643a00f3b5d4775b65d753c34781efe6c1e7b714d9dd4a9,0144d4ef720e2f721643a00f3b5d4775b65d753c34781efe6c1e7b714d9dd4a9,raw/attempts/main-blocked_linear_n4194304_b16384-b04-r0-p1-A
main-blocked_linear_n4194304_b16384-b04-r0-p2-B,main,blocked_linear_n4194304_b16384,4,0,ABBA,2,B,blocked,4194304,mixed,2026082901,16384,1,VALID,,False,0,False,6697000,fcb14a3d4db7d7be,fc85f7a4255832b3,0144d4ef720e2f721643a00f3b5d4775b65d753c34781efe6c1e7b714d9dd4a9,0144d4ef720e2f721643a00f3b5d4775b65d753c34781efe6c1e7b714d9dd4a9,raw/attempts/main-blocked_linear_n4194304_b16384-b04-r0-p2-B
main-blocked_linear_n4194304_b16384-b04-r0-p3-B,main,blocked_linear_n4194304_b16384,4,0,ABBA,3,B,blocked,4194304,mixed,2026082901,16384,1,VALID,,False,0,False,6602375,fcb14a3d4db7d7be,fc85f7a4255832b3,0144d4ef720e2f721643a00f3b5d4775b65d753c34781efe6c1e7b714d9dd4a9,0144d4ef720e2f721643a00f3b5d4775b65d753c34781efe6c1e7b714d9dd4a9,raw/attempts/main-blocked_linear_n4194304_b16384-b04-r0-p3-B
main-blocked_linear_n4194304_b16384-b04-r0-p4-A,main,blocked_linear_n4194304_b16384,4,0,ABBA,4,A,linear,4194304,mixed,2026082901,16384,1,VALID,,False,0,False,6330875,fcb14a3d4db7d7be,fc85f7a4255832b3,0144d4ef720e2f721643a00f3b5d4775b65d753c34781efe6c1e7b714d9dd4a9,0144d4ef720e2f721643a00f3b5d4775b65d753c34781efe6c1e7b714d9dd4a9,raw/attempts/main-blocked_linear_n4194304_b16384-b04-r0-p4-A
main-blocked_linear_n4194304_b16384-b05-r0-p1-A,main,blocked_linear_n4194304_b16384,5,0,ABBA,1,A,linear,4194304,mixed,2026082901,16384,1,VALID,,False,0,False,6278625,fcb14a3d4db7d7be,fc85f7a4255832b3,0144d4ef720e2f721643a00f3b5d4775b65d753c34781efe6c1e7b714d9dd4a9,0144d4ef720e2f721643a00f3b5d4775b65d753c34781efe6c1e7b714d9dd4a9,raw/attempts/main-blocked_linear_n4194304_b16384-b05-r0-p1-A
main-blocked_linear_n4194304_b16384-b05-r0-p2-B,main,blocked_linear_n4194304_b16384,5,0,ABBA,2,B,blocked,4194304,mixed,2026082901,16384,1,VALID,,False,0,False,6700375,fcb14a3d4db7d7be,fc85f7a4255832b3,0144d4ef720e2f721643a00f3b5d4775b65d753c34781efe6c1e7b714d9dd4a9,0144d4ef720e2f721643a00f3b5d4775b65d753c34781efe6c1e7b714d9dd4a9,raw/attempts/main-blocked_linear_n4194304_b16384-b05-r0-p2-B
main-blocked_linear_n4194304_b16384-b05-r0-p3-B,main,blocked_linear_n4194304_b16384,5,0,ABBA,3,B,blocked,4194304,mixed,2026082901,16384,1,VALID,,False,0,False,6601583,fcb14a3d4db7d7be,fc85f7a4255832b3,0144d4ef720e2f721643a00f3b5d4775b65d753c34781efe6c1e7b714d9dd4a9,0144d4ef720e2f721643a00f3b5d4775b65d753c34781efe6c1e7b714d9dd4a9,raw/attempts/main-blocked_linear_n4194304_b16384-b05-r0-p3-B
main-blocked_linear_n4194304_b16384-b05-r0-p4-A,main,blocked_linear_n4194304_b16384,5,0,ABBA,4,A,linear,4194304,mixed,2026082901,16384,1,VALID,,False,0,False,7498958,fcb14a3d4db7d7be,fc85f7a4255832b3,0144d4ef720e2f721643a00f3b5d4775b65d753c34781efe6c1e7b714d9dd4a9,0144d4ef720e2f721643a00f3b5d4775b65d753c34781efe6c1e7b714d9dd4a9,raw/attempts/main-blocked_linear_n4194304_b16384-b05-r0-p4-A
main-blocked_linear_n4194304_b16384-b06-r0-p1-B,main,blocked_linear_n4194304_b16384,6,0,BAAB,1,B,blocked,4194304,mixed,2026082901,16384,1,VALID,,False,0,False,6414333,fcb14a3d4db7d7be,fc85f7a4255832b3,0144d4ef720e2f721643a00f3b5d4775b65d753c34781efe6c1e7b714d9dd4a9,0144d4ef720e2f721643a00f3b5d4775b65d753c34781efe6c1e7b714d9dd4a9,raw/attempts/main-blocked_linear_n4194304_b16384-b06-r0-p1-B
main-blocked_linear_n4194304_b16384-b06-r0-p2-A,main,blocked_linear_n4194304_b16384,6,0,BAAB,2,A,linear,4194304,mixed,2026082901,16384,1,VALID,,False,0,False,6365209,fcb14a3d4db7d7be,fc85f7a4255832b3,0144d4ef720e2f721643a00f3b5d4775b65d753c34781efe6c1e7b714d9dd4a9,0144d4ef720e2f721643a00f3b5d4775b65d753c34781efe6c1e7b714d9dd4a9,raw/attempts/main-blocked_linear_n4194304_b16384-b06-r0-p2-A
main-blocked_linear_n4194304_b16384-b06-r0-p3-A,main,blocked_linear_n4194304_b16384,6,0,BAAB,3,A,linear,4194304,mixed,2026082901,16384,1,VALID,,False,0,False,5446167,fcb14a3d4db7d7be,fc85f7a4255832b3,0144d4ef720e2f721643a00f3b5d4775b65d753c34781efe6c1e7b714d9dd4a9,0144d4ef720e2f721643a00f3b5d4775b65d753c34781efe6c1e7b714d9dd4a9,raw/attempts/main-blocked_linear_n4194304_b16384-b06-r0-p3-A
main-blocked_linear_n4194304_b16384-b06-r0-p4-B,main,blocked_linear_n4194304_b16384,6,0,BAAB,4,B,blocked,4194304,mixed,2026082901,16384,1,VALID,,False,0,False,6541041,fcb14a3d4db7d7be,fc85f7a4255832b3,0144d4ef720e2f721643a00f3b5d4775b65d753c34781efe6c1e7b714d9dd4a9,0144d4ef720e2f721643a00f3b5d4775b65d753c34781efe6c1e7b714d9dd4a9,raw/attempts/main-blocked_linear_n4194304_b16384-b06-r0-p4-B
main-blocked_linear_n4194304_b16384-b07-r0-p1-A,main,blocked_linear_n4194304_b16384,7,0,ABBA,1,A,linear,4194304,mixed,2026082901,16384,1,VALID,,False,0,False,4544834,fcb14a3d4db7d7be,fc85f7a4255832b3,0144d4ef720e2f721643a00f3b5d4775b65d753c34781efe6c1e7b714d9dd4a9,0144d4ef720e2f721643a00f3b5d4775b65d753c34781efe6c1e7b714d9dd4a9,raw/attempts/main-blocked_linear_n4194304_b16384-b07-r0-p1-A
main-blocked_linear_n4194304_b16384-b07-r0-p2-B,main,blocked_linear_n4194304_b16384,7,0,ABBA,2,B,blocked,4194304,mixed,2026082901,16384,1,VALID,,False,0,False,7198458,fcb14a3d4db7d7be,fc85f7a4255832b3,0144d4ef720e2f721643a00f3b5d4775b65d753c34781efe6c1e7b714d9dd4a9,0144d4ef720e2f721643a00f3b5d4775b65d753c34781efe6c1e7b714d9dd4a9,raw/attempts/main-blocked_linear_n4194304_b16384-b07-r0-p2-B
main-blocked_linear_n4194304_b16384-b07-r0-p3-B,main,blocked_linear_n4194304_b16384,7,0,ABBA,3,B,blocked,4194304,mixed,2026082901,16384,1,VALID,,False,0,False,6634958,fcb14a3d4db7d7be,fc85f7a4255832b3,0144d4ef720e2f721643a00f3b5d4775b65d753c34781efe6c1e7b714d9dd4a9,0144d4ef720e2f721643a00f3b5d4775b65d753c34781efe6c1e7b714d9dd4a9,raw/attempts/main-blocked_linear_n4194304_b16384-b07-r0-p3-B
main-blocked_linear_n4194304_b16384-b07-r0-p4-A,main,blocked_linear_n4194304_b16384,7,0,ABBA,4,A,linear,4194304,mixed,2026082901,16384,1,VALID,,False,0,False,4761584,fcb14a3d4db7d7be,fc85f7a4255832b3,0144d4ef720e2f721643a00f3b5d4775b65d753c34781efe6c1e7b714d9dd4a9,0144d4ef720e2f721643a00f3b5d4775b65d753c34781efe6c1e7b714d9dd4a9,raw/attempts/main-blocked_linear_n4194304_b16384-b07-r0-p4-A
main-blocked_linear_n4194304_b16384-b08-r0-p1-B,main,blocked_linear_n4194304_b16384,8,0,BAAB,1,B,blocked,4194304,mixed,2026082901,16384,1,VALID,,False,0,False,6572584,fcb14a3d4db7d7be,fc85f7a4255832b3,0144d4ef720e2f721643a00f3b5d4775b65d753c34781efe6c1e7b714d9dd4a9,0144d4ef720e2f721643a00f3b5d4775b65d753c34781efe6c1e7b714d9dd4a9,raw/attempts/main-blocked_linear_n4194304_b16384-b08-r0-p1-B
main-blocked_linear_n4194304_b16384-b08-r0-p2-A,main,blocked_linear_n4194304_b16384,8,0,BAAB,2,A,linear,4194304,mixed,2026082901,16384,1,VALID,,False,0,False,3920959,fcb14a3d4db7d7be,fc85f7a4255832b3,0144d4ef720e2f721643a00f3b5d4775b65d753c34781efe6c1e7b714d9dd4a9,0144d4ef720e2f721643a00f3b5d4775b65d753c34781efe6c1e7b714d9dd4a9,raw/attempts/main-blocked_linear_n4194304_b16384-b08-r0-p2-A
main-blocked_linear_n4194304_b16384-b08-r0-p3-A,main,blocked_linear_n4194304_b16384,8,0,BAAB,3,A,linear,4194304,mixed,2026082901,16384,1,VALID,,False,0,False,3146417,fcb14a3d4db7d7be,fc85f7a4255832b3,0144d4ef720e2f721643a00f3b5d4775b65d753c34781efe6c1e7b714d9dd4a9,0144d4ef720e2f721643a00f3b5d4775b65d753c34781efe6c1e7b714d9dd4a9,raw/attempts/main-blocked_linear_n4194304_b16384-b08-r0-p3-A
main-blocked_linear_n4194304_b16384-b08-r0-p4-B,main,blocked_linear_n4194304_b16384,8,0,BAAB,4,B,blocked,4194304,mixed,2026082901,16384,1,VALID,,False,0,False,6542834,fcb14a3d4db7d7be,fc85f7a4255832b3,0144d4ef720e2f721643a00f3b5d4775b65d753c34781efe6c1e7b714d9dd4a9,0144d4ef720e2f721643a00f3b5d4775b65d753c34781efe6c1e7b714d9dd4a9,raw/attempts/main-blocked_linear_n4194304_b16384-b08-r0-p4-B
main-blocked_linear_n4194304_b16384-b09-r0-p1-B,main,blocked_linear_n4194304_b16384,9,0,BAAB,1,B,blocked,4194304,mixed,2026082901,16384,1,VALID,,False,0,False,7198792,fcb14a3d4db7d7be,fc85f7a4255832b3,0144d4ef720e2f721643a00f3b5d4775b65d753c34781efe6c1e7b714d9dd4a9,0144d4ef720e2f721643a00f3b5d4775b65d753c34781efe6c1e7b714d9dd4a9,raw/attempts/main-blocked_linear_n4194304_b16384-b09-r0-p1-B
main-blocked_linear_n4194304_b16384-b09-r0-p2-A,main,blocked_linear_n4194304_b16384,9,0,BAAB,2,A,linear,4194304,mixed,2026082901,16384,1,VALID,,False,0,False,6604209,fcb14a3d4db7d7be,fc85f7a4255832b3,0144d4ef720e2f721643a00f3b5d4775b65d753c34781efe6c1e7b714d9dd4a9,0144d4ef720e2f721643a00f3b5d4775b65d753c34781efe6c1e7b714d9dd4a9,raw/attempts/main-blocked_linear_n4194304_b16384-b09-r0-p2-A
main-blocked_linear_n4194304_b16384-b09-r0-p3-A,main,blocked_linear_n4194304_b16384,9,0,BAAB,3,A,linear,4194304,mixed,2026082901,16384,1,VALID,,False,0,False,5574958,fcb14a3d4db7d7be,fc85f7a4255832b3,0144d4ef720e2f721643a00f3b5d4775b65d753c34781efe6c1e7b714d9dd4a9,0144d4ef720e2f721643a00f3b5d4775b65d753c34781efe6c1e7b714d9dd4a9,raw/attempts/main-blocked_linear_n4194304_b16384-b09-r0-p3-A
main-blocked_linear_n4194304_b16384-b09-r0-p4-B,main,blocked_linear_n4194304_b16384,9,0,BAAB,4,B,blocked,4194304,mixed,2026082901,16384,1,VALID,,False,0,False,6615500,fcb14a3d4db7d7be,fc85f7a4255832b3,0144d4ef720e2f721643a00f3b5d4775b65d753c34781efe6c1e7b714d9dd4a9,0144d4ef720e2f721643a00f3b5d4775b65d753c34781efe6c1e7b714d9dd4a9,raw/attempts/main-blocked_linear_n4194304_b16384-b09-r0-p4-B
main-blocked_linear_n4194304_b16384-b10-r0-p1-B,main,blocked_linear_n4194304_b16384,10,0,BAAB,1,B,blocked,4194304,mixed,2026082901,16384,1,VALID,,False,0,False,6309416,fcb14a3d4db7d7be,fc85f7a4255832b3,0144d4ef720e2f721643a00f3b5d4775b65d753c34781efe6c1e7b714d9dd4a9,0144d4ef720e2f721643a00f3b5d4775b65d753c34781efe6c1e7b714d9dd4a9,raw/attempts/main-blocked_linear_n4194304_b16384-b10-r0-p1-B
main-blocked_linear_n4194304_b16384-b10-r0-p2-A,main,blocked_linear_n4194304_b16384,10,0,BAAB,2,A,linear,4194304,mixed,2026082901,16384,1,VALID,,False,0,False,3508542,fcb14a3d4db7d7be,fc85f7a4255832b3,0144d4ef720e2f721643a00f3b5d4775b65d753c34781efe6c1e7b714d9dd4a9,0144d4ef720e2f721643a00f3b5d4775b65d753c34781efe6c1e7b714d9dd4a9,raw/attempts/main-blocked_linear_n4194304_b16384-b10-r0-p2-A
main-blocked_linear_n4194304_b16384-b10-r0-p3-A,main,blocked_linear_n4194304_b16384,10,0,BAAB,3,A,linear,4194304,mixed,2026082901,16384,1,VALID,,False,0,False,7258750,fcb14a3d4db7d7be,fc85f7a4255832b3,0144d4ef720e2f721643a00f3b5d4775b65d753c34781efe6c1e7b714d9dd4a9,0144d4ef720e2f721643a00f3b5d4775b65d753c34781efe6c1e7b714d9dd4a9,raw/attempts/main-blocked_linear_n4194304_b16384-b10-r0-p3-A
main-blocked_linear_n4194304_b16384-b10-r0-p4-B,main,blocked_linear_n4194304_b16384,10,0,BAAB,4,B,blocked,4194304,mixed,2026082901,16384,1,VALID,,False,0,False,6390292,fcb14a3d4db7d7be,fc85f7a4255832b3,0144d4ef720e2f721643a00f3b5d4775b65d753c34781efe6c1e7b714d9dd4a9,0144d4ef720e2f721643a00f3b5d4775b65d753c34781efe6c1e7b714d9dd4a9,raw/attempts/main-blocked_linear_n4194304_b16384-b10-r0-p4-B
main-blocked_linear_n4194304_b16384-b11-r0-p1-A,main,blocked_linear_n4194304_b16384,11,0,ABBA,1,A,linear,4194304,mixed,2026082901,16384,1,VALID,,False,0,False,3492250,fcb14a3d4db7d7be,fc85f7a4255832b3,0144d4ef720e2f721643a00f3b5d4775b65d753c34781efe6c1e7b714d9dd4a9,0144d4ef720e2f721643a00f3b5d4775b65d753c34781efe6c1e7b714d9dd4a9,raw/attempts/main-blocked_linear_n4194304_b16384-b11-r0-p1-A
main-blocked_linear_n4194304_b16384-b11-r0-p2-B,main,blocked_linear_n4194304_b16384,11,0,ABBA,2,B,blocked,4194304,mixed,2026082901,16384,1,VALID,,False,0,False,7335875,fcb14a3d4db7d7be,fc85f7a4255832b3,0144d4ef720e2f721643a00f3b5d4775b65d753c34781efe6c1e7b714d9dd4a9,0144d4ef720e2f721643a00f3b5d4775b65d753c34781efe6c1e7b714d9dd4a9,raw/attempts/main-blocked_linear_n4194304_b16384-b11-r0-p2-B
main-blocked_linear_n4194304_b16384-b11-r0-p3-B,main,blocked_linear_n4194304_b16384,11,0,ABBA,3,B,blocked,4194304,mixed,2026082901,16384,1,VALID,,False,0,False,7662834,fcb14a3d4db7d7be,fc85f7a4255832b3,0144d4ef720e2f721643a00f3b5d4775b65d753c34781efe6c1e7b714d9dd4a9,0144d4ef720e2f721643a00f3b5d4775b65d753c34781efe6c1e7b714d9dd4a9,raw/attempts/main-blocked_linear_n4194304_b16384-b11-r0-p3-B
main-blocked_linear_n4194304_b16384-b11-r0-p4-A,main,blocked_linear_n4194304_b16384,11,0,ABBA,4,A,linear,4194304,mixed,2026082901,16384,1,VALID,,False,0,False,6622750,fcb14a3d4db7d7be,fc85f7a4255832b3,0144d4ef720e2f721643a00f3b5d4775b65d753c34781efe6c1e7b714d9dd4a9,0144d4ef720e2f721643a00f3b5d4775b65d753c34781efe6c1e7b714d9dd4a9,raw/attempts/main-blocked_linear_n4194304_b16384-b11-r0-p4-A
main-blocked_linear_n4194304_b16384-b12-r0-p1-A,main,blocked_linear_n4194304_b16384,12,0,ABBA,1,A,linear,4194304,mixed,2026082901,16384,1,VALID,,False,0,False,4515208,fcb14a3d4db7d7be,fc85f7a4255832b3,0144d4ef720e2f721643a00f3b5d4775b65d753c34781efe6c1e7b714d9dd4a9,0144d4ef720e2f721643a00f3b5d4775b65d753c34781efe6c1e7b714d9dd4a9,raw/attempts/main-blocked_linear_n4194304_b16384-b12-r0-p1-A
main-blocked_linear_n4194304_b16384-b12-r0-p2-B,main,blocked_linear_n4194304_b16384,12,0,ABBA,2,B,blocked,4194304,mixed,2026082901,16384,1,VALID,,False,0,False,6494375,fcb14a3d4db7d7be,fc85f7a4255832b3,0144d4ef720e2f721643a00f3b5d4775b65d753c34781efe6c1e7b714d9dd4a9,0144d4ef720e2f721643a00f3b5d4775b65d753c34781efe6c1e7b714d9dd4a9,raw/attempts/main-blocked_linear_n4194304_b16384-b12-r0-p2-B
main-blocked_linear_n4194304_b16384-b12-r0-p3-B,main,blocked_linear_n4194304_b16384,12,0,ABBA,3,B,blocked,4194304,mixed,2026082901,16384,1,VALID,,False,0,False,6324208,fcb14a3d4db7d7be,fc85f7a4255832b3,0144d4ef720e2f721643a00f3b5d4775b65d753c34781efe6c1e7b714d9dd4a9,0144d4ef720e2f721643a00f3b5d4775b65d753c34781efe6c1e7b714d9dd4a9,raw/attempts/main-blocked_linear_n4194304_b16384-b12-r0-p3-B
main-blocked_linear_n4194304_b16384-b12-r0-p4-A,main,blocked_linear_n4194304_b16384,12,0,ABBA,4,A,linear,4194304,mixed,2026082901,16384,1,VALID,,False,0,False,3971625,fcb14a3d4db7d7be,fc85f7a4255832b3,0144d4ef720e2f721643a00f3b5d4775b65d753c34781efe6c1e7b714d9dd4a9,0144d4ef720e2f721643a00f3b5d4775b65d753c34781efe6c1e7b714d9dd4a9,raw/attempts/main-blocked_linear_n4194304_b16384-b12-r0-p4-A
main-parallel2_linear_n262144-b01-r0-p1-B,main,parallel2_linear_n262144,1,0,BAAB,1,B,parallel,262144,mixed,2026082901,1,2,VALID,,False,0,False,540666,21fc62b48ab2a3a5,528ae490751b6dcb,0144d4ef720e2f721643a00f3b5d4775b65d753c34781efe6c1e7b714d9dd4a9,0144d4ef720e2f721643a00f3b5d4775b65d753c34781efe6c1e7b714d9dd4a9,raw/attempts/main-parallel2_linear_n262144-b01-r0-p1-B
main-parallel2_linear_n262144-b01-r0-p2-A,main,parallel2_linear_n262144,1,0,BAAB,2,A,linear,262144,mixed,2026082901,1,2,VALID,,False,0,False,188459,21fc62b48ab2a3a5,528ae490751b6dcb,0144d4ef720e2f721643a00f3b5d4775b65d753c34781efe6c1e7b714d9dd4a9,0144d4ef720e2f721643a00f3b5d4775b65d753c34781efe6c1e7b714d9dd4a9,raw/attempts/main-parallel2_linear_n262144-b01-r0-p2-A
main-parallel2_linear_n262144-b01-r0-p3-A,main,parallel2_linear_n262144,1,0,BAAB,3,A,linear,262144,mixed,2026082901,1,2,VALID,,False,0,False,239417,21fc62b48ab2a3a5,528ae490751b6dcb,0144d4ef720e2f721643a00f3b5d4775b65d753c34781efe6c1e7b714d9dd4a9,0144d4ef720e2f721643a00f3b5d4775b65d753c34781efe6c1e7b714d9dd4a9,raw/attempts/main-parallel2_linear_n262144-b01-r0-p3-A
main-parallel2_linear_n262144-b01-r0-p4-B,main,parallel2_linear_n262144,1,0,BAAB,4,B,parallel,262144,mixed,2026082901,1,2,VALID,,False,0,False,626583,21fc62b48ab2a3a5,528ae490751b6dcb,0144d4ef720e2f721643a00f3b5d4775b65d753c34781efe6c1e7b714d9dd4a9,0144d4ef720e2f721643a00f3b5d4775b65d753c34781efe6c1e7b714d9dd4a9,raw/attempts/main-parallel2_linear_n262144-b01-r0-p4-B
main-parallel2_linear_n262144-b02-r0-p1-A,main,parallel2_linear_n262144,2,0,ABBA,1,A,linear,262144,mixed,2026082901,1,2,VALID,,False,0,False,493916,21fc62b48ab2a3a5,528ae490751b6dcb,0144d4ef720e2f721643a00f3b5d4775b65d753c34781efe6c1e7b714d9dd4a9,0144d4ef720e2f721643a00f3b5d4775b65d753c34781efe6c1e7b714d9dd4a9,raw/attempts/main-parallel2_linear_n262144-b02-r0-p1-A
main-parallel2_linear_n262144-b02-r0-p2-B,main,parallel2_linear_n262144,2,0,ABBA,2,B,parallel,262144,mixed,2026082901,1,2,VALID,,False,0,False,572625,21fc62b48ab2a3a5,528ae490751b6dcb,0144d4ef720e2f721643a00f3b5d4775b65d753c34781efe6c1e7b714d9dd4a9,0144d4ef720e2f721643a00f3b5d4775b65d753c34781efe6c1e7b714d9dd4a9,raw/attempts/main-parallel2_linear_n262144-b02-r0-p2-B
main-parallel2_linear_n262144-b02-r0-p3-B,main,parallel2_linear_n262144,2,0,ABBA,3,B,parallel,262144,mixed,2026082901,1,2,VALID,,False,0,False,448625,21fc62b48ab2a3a5,528ae490751b6dcb,0144d4ef720e2f721643a00f3b5d4775b65d753c34781efe6c1e7b714d9dd4a9,0144d4ef720e2f721643a00f3b5d4775b65d753c34781efe6c1e7b714d9dd4a9,raw/attempts/main-parallel2_linear_n262144-b02-r0-p3-B
main-parallel2_linear_n262144-b02-r0-p4-A,main,parallel2_linear_n262144,2,0,ABBA,4,A,linear,262144,mixed,2026082901,1,2,VALID,,False,0,False,504917,21fc62b48ab2a3a5,528ae490751b6dcb,0144d4ef720e2f721643a00f3b5d4775b65d753c34781efe6c1e7b714d9dd4a9,0144d4ef720e2f721643a00f3b5d4775b65d753c34781efe6c1e7b714d9dd4a9,raw/attempts/main-parallel2_linear_n262144-b02-r0-p4-A
main-parallel2_linear_n262144-b03-r0-p1-B,main,parallel2_linear_n262144,3,0,BAAB,1,B,parallel,262144,mixed,2026082901,1,2,VALID,,False,0,False,530208,21fc62b48ab2a3a5,528ae490751b6dcb,0144d4ef720e2f721643a00f3b5d4775b65d753c34781efe6c1e7b714d9dd4a9,0144d4ef720e2f721643a00f3b5d4775b65d753c34781efe6c1e7b714d9dd4a9,raw/attempts/main-parallel2_linear_n262144-b03-r0-p1-B
main-parallel2_linear_n262144-b03-r0-p2-A,main,parallel2_linear_n262144,3,0,BAAB,2,A,linear,262144,mixed,2026082901,1,2,VALID,,False,0,False,505458,21fc62b48ab2a3a5,528ae490751b6dcb,0144d4ef720e2f721643a00f3b5d4775b65d753c34781efe6c1e7b714d9dd4a9,0144d4ef720e2f721643a00f3b5d4775b65d753c34781efe6c1e7b714d9dd4a9,raw/attempts/main-parallel2_linear_n262144-b03-r0-p2-A
main-parallel2_linear_n262144-b03-r0-p3-A,main,parallel2_linear_n262144,3,0,BAAB,3,A,linear,262144,mixed,2026082901,1,2,VALID,,False,0,False,513583,21fc62b48ab2a3a5,528ae490751b6dcb,0144d4ef720e2f721643a00f3b5d4775b65d753c34781efe6c1e7b714d9dd4a9,0144d4ef720e2f721643a00f3b5d4775b65d753c34781efe6c1e7b714d9dd4a9,raw/attempts/main-parallel2_linear_n262144-b03-r0-p3-A
main-parallel2_linear_n262144-b03-r0-p4-B,main,parallel2_linear_n262144,3,0,BAAB,4,B,parallel,262144,mixed,2026082901,1,2,VALID,,False,0,False,401875,21fc62b48ab2a3a5,528ae490751b6dcb,0144d4ef720e2f721643a00f3b5d4775b65d753c34781efe6c1e7b714d9dd4a9,0144d4ef720e2f721643a00f3b5d4775b65d753c34781efe6c1e7b714d9dd4a9,raw/attempts/main-parallel2_linear_n262144-b03-r0-p4-B
main-parallel2_linear_n262144-b04-r0-p1-B,main,parallel2_linear_n262144,4,0,BAAB,1,B,parallel,262144,mixed,2026082901,1,2,VALID,,False,0,False,469792,21fc62b48ab2a3a5,528ae490751b6dcb,0144d4ef720e2f721643a00f3b5d4775b65d753c34781efe6c1e7b714d9dd4a9,0144d4ef720e2f721643a00f3b5d4775b65d753c34781efe6c1e7b714d9dd4a9,raw/attempts/main-parallel2_linear_n262144-b04-r0-p1-B
main-parallel2_linear_n262144-b04-r0-p2-A,main,parallel2_linear_n262144,4,0,BAAB,2,A,linear,262144,mixed,2026082901,1,2,VALID,,False,0,False,528083,21fc62b48ab2a3a5,528ae490751b6dcb,0144d4ef720e2f721643a00f3b5d4775b65d753c34781efe6c1e7b714d9dd4a9,0144d4ef720e2f721643a00f3b5d4775b65d753c34781efe6c1e7b714d9dd4a9,raw/attempts/main-parallel2_linear_n262144-b04-r0-p2-A
main-parallel2_linear_n262144-b04-r0-p3-A,main,parallel2_linear_n262144,4,0,BAAB,3,A,linear,262144,mixed,2026082901,1,2,VALID,,False,0,False,387458,21fc62b48ab2a3a5,528ae490751b6dcb,0144d4ef720e2f721643a00f3b5d4775b65d753c34781efe6c1e7b714d9dd4a9,0144d4ef720e2f721643a00f3b5d4775b65d753c34781efe6c1e7b714d9dd4a9,raw/attempts/main-parallel2_linear_n262144-b04-r0-p3-A
main-parallel2_linear_n262144-b04-r0-p4-B,main,parallel2_linear_n262144,4,0,BAAB,4,B,parallel,262144,mixed,2026082901,1,2,VALID,,False,0,False,389917,21fc62b48ab2a3a5,528ae490751b6dcb,0144d4ef720e2f721643a00f3b5d4775b65d753c34781efe6c1e7b714d9dd4a9,0144d4ef720e2f721643a00f3b5d4775b65d753c34781efe6c1e7b714d9dd4a9,raw/attempts/main-parallel2_linear_n262144-b04-r0-p4-B
main-parallel2_linear_n262144-b05-r0-p1-A,main,parallel2_linear_n262144,5,0,ABBA,1,A,linear,262144,mixed,2026082901,1,2,VALID,,False,0,False,142458,21fc62b48ab2a3a5,528ae490751b6dcb,0144d4ef720e2f721643a00f3b5d4775b65d753c34781efe6c1e7b714d9dd4a9,0144d4ef720e2f721643a00f3b5d4775b65d753c34781efe6c1e7b714d9dd4a9,raw/attempts/main-parallel2_linear_n262144-b05-r0-p1-A
main-parallel2_linear_n262144-b05-r0-p2-B,main,parallel2_linear_n262144,5,0,ABBA,2,B,parallel,262144,mixed,2026082901,1,2,VALID,,False,0,False,445625,21fc62b48ab2a3a5,528ae490751b6dcb,0144d4ef720e2f721643a00f3b5d4775b65d753c34781efe6c1e7b714d9dd4a9,0144d4ef720e2f721643a00f3b5d4775b65d753c34781efe6c1e7b714d9dd4a9,raw/attempts/main-parallel2_linear_n262144-b05-r0-p2-B
main-parallel2_linear_n262144-b05-r0-p3-B,main,parallel2_linear_n262144,5,0,ABBA,3,B,parallel,262144,mixed,2026082901,1,2,VALID,,False,0,False,505041,21fc62b48ab2a3a5,528ae490751b6dcb,0144d4ef720e2f721643a00f3b5d4775b65d753c34781efe6c1e7b714d9dd4a9,0144d4ef720e2f721643a00f3b5d4775b65d753c34781efe6c1e7b714d9dd4a9,raw/attempts/main-parallel2_linear_n262144-b05-r0-p3-B
main-parallel2_linear_n262144-b05-r0-p4-A,main,parallel2_linear_n262144,5,0,ABBA,4,A,linear,262144,mixed,2026082901,1,2,VALID,,False,0,False,485375,21fc62b48ab2a3a5,528ae490751b6dcb,0144d4ef720e2f721643a00f3b5d4775b65d753c34781efe6c1e7b714d9dd4a9,0144d4ef720e2f721643a00f3b5d4775b65d753c34781efe6c1e7b714d9dd4a9,raw/attempts/main-parallel2_linear_n262144-b05-r0-p4-A
main-parallel2_linear_n262144-b06-r0-p1-A,main,parallel2_linear_n262144,6,0,ABBA,1,A,linear,262144,mixed,2026082901,1,2,VALID,,False,0,False,494458,21fc62b48ab2a3a5,528ae490751b6dcb,0144d4ef720e2f721643a00f3b5d4775b65d753c34781efe6c1e7b714d9dd4a9,0144d4ef720e2f721643a00f3b5d4775b65d753c34781efe6c1e7b714d9dd4a9,raw/attempts/main-parallel2_linear_n262144-b06-r0-p1-A
main-parallel2_linear_n262144-b06-r0-p2-B,main,parallel2_linear_n262144,6,0,ABBA,2,B,parallel,262144,mixed,2026082901,1,2,VALID,,False,0,False,489208,21fc62b48ab2a3a5,528ae490751b6dcb,0144d4ef720e2f721643a00f3b5d4775b65d753c34781efe6c1e7b714d9dd4a9,0144d4ef720e2f721643a00f3b5d4775b65d753c34781efe6c1e7b714d9dd4a9,raw/attempts/main-parallel2_linear_n262144-b06-r0-p2-B
main-parallel2_linear_n262144-b06-r0-p3-B,main,parallel2_linear_n262144,6,0,ABBA,3,B,parallel,262144,mixed,2026082901,1,2,VALID,,False,0,False,871917,21fc62b48ab2a3a5,528ae490751b6dcb,0144d4ef720e2f721643a00f3b5d4775b65d753c34781efe6c1e7b714d9dd4a9,0144d4ef720e2f721643a00f3b5d4775b65d753c34781efe6c1e7b714d9dd4a9,raw/attempts/main-parallel2_linear_n262144-b06-r0-p3-B
main-parallel2_linear_n262144-b06-r0-p4-A,main,parallel2_linear_n262144,6,0,ABBA,4,A,linear,262144,mixed,2026082901,1,2,VALID,,False,0,False,145875,21fc62b48ab2a3a5,528ae490751b6dcb,0144d4ef720e2f721643a00f3b5d4775b65d753c34781efe6c1e7b714d9dd4a9,0144d4ef720e2f721643a00f3b5d4775b65d753c34781efe6c1e7b714d9dd4a9,raw/attempts/main-parallel2_linear_n262144-b06-r0-p4-A
main-parallel2_linear_n262144-b07-r0-p1-B,main,parallel2_linear_n262144,7,0,BAAB,1,B,parallel,262144,mixed,2026082901,1,2,VALID,,False,0,False,836042,21fc62b48ab2a3a5,528ae490751b6dcb,0144d4ef720e2f721643a00f3b5d4775b65d753c34781efe6c1e7b714d9dd4a9,0144d4ef720e2f721643a00f3b5d4775b65d753c34781efe6c1e7b714d9dd4a9,raw/attempts/main-parallel2_linear_n262144-b07-r0-p1-B
main-parallel2_linear_n262144-b07-r0-p2-A,main,parallel2_linear_n262144,7,0,BAAB,2,A,linear,262144,mixed,2026082901,1,2,VALID,,False,0,False,423916,21fc62b48ab2a3a5,528ae490751b6dcb,0144d4ef720e2f721643a00f3b5d4775b65d753c34781efe6c1e7b714d9dd4a9,0144d4ef720e2f721643a00f3b5d4775b65d753c34781efe6c1e7b714d9dd4a9,raw/attempts/main-parallel2_linear_n262144-b07-r0-p2-A
main-parallel2_linear_n262144-b07-r0-p3-A,main,parallel2_linear_n262144,7,0,BAAB,3,A,linear,262144,mixed,2026082901,1,2,VALID,,False,0,False,414917,21fc62b48ab2a3a5,528ae490751b6dcb,0144d4ef720e2f721643a00f3b5d4775b65d753c34781efe6c1e7b714d9dd4a9,0144d4ef720e2f721643a00f3b5d4775b65d753c34781efe6c1e7b714d9dd4a9,raw/attempts/main-parallel2_linear_n262144-b07-r0-p3-A
main-parallel2_linear_n262144-b07-r0-p4-B,main,parallel2_linear_n262144,7,0,BAAB,4,B,parallel,262144,mixed,2026082901,1,2,VALID,,False,0,False,499792,21fc62b48ab2a3a5,528ae490751b6dcb,0144d4ef720e2f721643a00f3b5d4775b65d753c34781efe6c1e7b714d9dd4a9,0144d4ef720e2f721643a00f3b5d4775b65d753c34781efe6c1e7b714d9dd4a9,raw/attempts/main-parallel2_linear_n262144-b07-r0-p4-B
main-parallel2_linear_n262144-b08-r0-p1-A,main,parallel2_linear_n262144,8,0,ABBA,1,A,linear,262144,mixed,2026082901,1,2,VALID,,False,0,False,520875,21fc62b48ab2a3a5,528ae490751b6dcb,0144d4ef720e2f721643a00f3b5d4775b65d753c34781efe6c1e7b714d9dd4a9,0144d4ef720e2f721643a00f3b5d4775b65d753c34781efe6c1e7b714d9dd4a9,raw/attempts/main-parallel2_linear_n262144-b08-r0-p1-A
main-parallel2_linear_n262144-b08-r0-p2-B,main,parallel2_linear_n262144,8,0,ABBA,2,B,parallel,262144,mixed,2026082901,1,2,VALID,,False,0,False,642709,21fc62b48ab2a3a5,528ae490751b6dcb,0144d4ef720e2f721643a00f3b5d4775b65d753c34781efe6c1e7b714d9dd4a9,0144d4ef720e2f721643a00f3b5d4775b65d753c34781efe6c1e7b714d9dd4a9,raw/attempts/main-parallel2_linear_n262144-b08-r0-p2-B
main-parallel2_linear_n262144-b08-r0-p3-B,main,parallel2_linear_n262144,8,0,ABBA,3,B,parallel,262144,mixed,2026082901,1,2,VALID,,False,0,False,469875,21fc62b48ab2a3a5,528ae490751b6dcb,0144d4ef720e2f721643a00f3b5d4775b65d753c34781efe6c1e7b714d9dd4a9,0144d4ef720e2f721643a00f3b5d4775b65d753c34781efe6c1e7b714d9dd4a9,raw/attempts/main-parallel2_linear_n262144-b08-r0-p3-B
main-parallel2_linear_n262144-b08-r0-p4-A,main,parallel2_linear_n262144,8,0,ABBA,4,A,linear,262144,mixed,2026082901,1,2,VALID,,False,0,False,141458,21fc62b48ab2a3a5,528ae490751b6dcb,0144d4ef720e2f721643a00f3b5d4775b65d753c34781efe6c1e7b714d9dd4a9,0144d4ef720e2f721643a00f3b5d4775b65d753c34781efe6c1e7b714d9dd4a9,raw/attempts/main-parallel2_linear_n262144-b08-r0-p4-A
main-parallel2_linear_n262144-b09-r0-p1-B,main,parallel2_linear_n262144,9,0,BAAB,1,B,parallel,262144,mixed,2026082901,1,2,VALID,,False,0,False,513667,21fc62b48ab2a3a5,528ae490751b6dcb,0144d4ef720e2f721643a00f3b5d4775b65d753c34781efe6c1e7b714d9dd4a9,0144d4ef720e2f721643a00f3b5d4775b65d753c34781efe6c1e7b714d9dd4a9,raw/attempts/main-parallel2_linear_n262144-b09-r0-p1-B
main-parallel2_linear_n262144-b09-r0-p2-A,main,parallel2_linear_n262144,9,0,BAAB,2,A,linear,262144,mixed,2026082901,1,2,VALID,,False,0,False,496875,21fc62b48ab2a3a5,528ae490751b6dcb,0144d4ef720e2f721643a00f3b5d4775b65d753c34781efe6c1e7b714d9dd4a9,0144d4ef720e2f721643a00f3b5d4775b65d753c34781efe6c1e7b714d9dd4a9,raw/attempts/main-parallel2_linear_n262144-b09-r0-p2-A
main-parallel2_linear_n262144-b09-r0-p3-A,main,parallel2_linear_n262144,9,0,BAAB,3,A,linear,262144,mixed,2026082901,1,2,VALID,,False,0,False,458542,21fc62b48ab2a3a5,528ae490751b6dcb,0144d4ef720e2f721643a00f3b5d4775b65d753c34781efe6c1e7b714d9dd4a9,0144d4ef720e2f721643a00f3b5d4775b65d753c34781efe6c1e7b714d9dd4a9,raw/attempts/main-parallel2_linear_n262144-b09-r0-p3-A
main-parallel2_linear_n262144-b09-r0-p4-B,main,parallel2_linear_n262144,9,0,BAAB,4,B,parallel,262144,mixed,2026082901,1,2,VALID,,False,0,False,393041,21fc62b48ab2a3a5,528ae490751b6dcb,0144d4ef720e2f721643a00f3b5d4775b65d753c34781efe6c1e7b714d9dd4a9,0144d4ef720e2f721643a00f3b5d4775b65d753c34781efe6c1e7b714d9dd4a9,raw/attempts/main-parallel2_linear_n262144-b09-r0-p4-B
main-parallel2_linear_n262144-b10-r0-p1-A,main,parallel2_linear_n262144,10,0,ABBA,1,A,linear,262144,mixed,2026082901,1,2,VALID,,False,0,False,292291,21fc62b48ab2a3a5,528ae490751b6dcb,0144d4ef720e2f721643a00f3b5d4775b65d753c34781efe6c1e7b714d9dd4a9,0144d4ef720e2f721643a00f3b5d4775b65d753c34781efe6c1e7b714d9dd4a9,raw/attempts/main-parallel2_linear_n262144-b10-r0-p1-A
main-parallel2_linear_n262144-b10-r0-p2-B,main,parallel2_linear_n262144,10,0,ABBA,2,B,parallel,262144,mixed,2026082901,1,2,VALID,,False,0,False,621917,21fc62b48ab2a3a5,528ae490751b6dcb,0144d4ef720e2f721643a00f3b5d4775b65d753c34781efe6c1e7b714d9dd4a9,0144d4ef720e2f721643a00f3b5d4775b65d753c34781efe6c1e7b714d9dd4a9,raw/attempts/main-parallel2_linear_n262144-b10-r0-p2-B
main-parallel2_linear_n262144-b10-r0-p3-B,main,parallel2_linear_n262144,10,0,ABBA,3,B,parallel,262144,mixed,2026082901,1,2,VALID,,False,0,False,364833,21fc62b48ab2a3a5,528ae490751b6dcb,0144d4ef720e2f721643a00f3b5d4775b65d753c34781efe6c1e7b714d9dd4a9,0144d4ef720e2f721643a00f3b5d4775b65d753c34781efe6c1e7b714d9dd4a9,raw/attempts/main-parallel2_linear_n262144-b10-r0-p3-B
main-parallel2_linear_n262144-b10-r0-p4-A,main,parallel2_linear_n262144,10,0,ABBA,4,A,linear,262144,mixed,2026082901,1,2,VALID,,False,0,False,455000,21fc62b48ab2a3a5,528ae490751b6dcb,0144d4ef720e2f721643a00f3b5d4775b65d753c34781efe6c1e7b714d9dd4a9,0144d4ef720e2f721643a00f3b5d4775b65d753c34781efe6c1e7b714d9dd4a9,raw/attempts/main-parallel2_linear_n262144-b10-r0-p4-A
main-parallel2_linear_n262144-b11-r0-p1-B,main,parallel2_linear_n262144,11,0,BAAB,1,B,parallel,262144,mixed,2026082901,1,2,VALID,,False,0,False,749208,21fc62b48ab2a3a5,528ae490751b6dcb,0144d4ef720e2f721643a00f3b5d4775b65d753c34781efe6c1e7b714d9dd4a9,0144d4ef720e2f721643a00f3b5d4775b65d753c34781efe6c1e7b714d9dd4a9,raw/attempts/main-parallel2_linear_n262144-b11-r0-p1-B
main-parallel2_linear_n262144-b11-r0-p2-A,main,parallel2_linear_n262144,11,0,BAAB,2,A,linear,262144,mixed,2026082901,1,2,VALID,,False,0,False,137875,21fc62b48ab2a3a5,528ae490751b6dcb,0144d4ef720e2f721643a00f3b5d4775b65d753c34781efe6c1e7b714d9dd4a9,0144d4ef720e2f721643a00f3b5d4775b65d753c34781efe6c1e7b714d9dd4a9,raw/attempts/main-parallel2_linear_n262144-b11-r0-p2-A
main-parallel2_linear_n262144-b11-r0-p3-A,main,parallel2_linear_n262144,11,0,BAAB,3,A,linear,262144,mixed,2026082901,1,2,VALID,,False,0,False,499500,21fc62b48ab2a3a5,528ae490751b6dcb,0144d4ef720e2f721643a00f3b5d4775b65d753c34781efe6c1e7b714d9dd4a9,0144d4ef720e2f721643a00f3b5d4775b65d753c34781efe6c1e7b714d9dd4a9,raw/attempts/main-parallel2_linear_n262144-b11-r0-p3-A
main-parallel2_linear_n262144-b11-r0-p4-B,main,parallel2_linear_n262144,11,0,BAAB,4,B,parallel,262144,mixed,2026082901,1,2,VALID,,False,0,False,563875,21fc62b48ab2a3a5,528ae490751b6dcb,0144d4ef720e2f721643a00f3b5d4775b65d753c34781efe6c1e7b714d9dd4a9,0144d4ef720e2f721643a00f3b5d4775b65d753c34781efe6c1e7b714d9dd4a9,raw/attempts/main-parallel2_linear_n262144-b11-r0-p4-B
main-parallel2_linear_n262144-b12-r0-p1-A,main,parallel2_linear_n262144,12,0,ABBA,1,A,linear,262144,mixed,2026082901,1,2,VALID,,False,0,False,483084,21fc62b48ab2a3a5,528ae490751b6dcb,0144d4ef720e2f721643a00f3b5d4775b65d753c34781efe6c1e7b714d9dd4a9,0144d4ef720e2f721643a00f3b5d4775b65d753c34781efe6c1e7b714d9dd4a9,raw/attempts/main-parallel2_linear_n262144-b12-r0-p1-A
main-parallel2_linear_n262144-b12-r0-p2-B,main,parallel2_linear_n262144,12,0,ABBA,2,B,parallel,262144,mixed,2026082901,1,2,VALID,,False,0,False,472750,21fc62b48ab2a3a5,528ae490751b6dcb,0144d4ef720e2f721643a00f3b5d4775b65d753c34781efe6c1e7b714d9dd4a9,0144d4ef720e2f721643a00f3b5d4775b65d753c34781efe6c1e7b714d9dd4a9,raw/attempts/main-parallel2_linear_n262144-b12-r0-p2-B
main-parallel2_linear_n262144-b12-r0-p3-B,main,parallel2_linear_n262144,12,0,ABBA,3,B,parallel,262144,mixed,2026082901,1,2,VALID,,False,0,False,922292,21fc62b48ab2a3a5,528ae490751b6dcb,0144d4ef720e2f721643a00f3b5d4775b65d753c34781efe6c1e7b714d9dd4a9,0144d4ef720e2f721643a00f3b5d4775b65d753c34781efe6c1e7b714d9dd4a9,raw/attempts/main-parallel2_linear_n262144-b12-r0-p3-B
main-parallel2_linear_n262144-b12-r0-p4-A,main,parallel2_linear_n262144,12,0,ABBA,4,A,linear,262144,mixed,2026082901,1,2,VALID,,False,0,False,141750,21fc62b48ab2a3a5,528ae490751b6dcb,0144d4ef720e2f721643a00f3b5d4775b65d753c34781efe6c1e7b714d9dd4a9,0144d4ef720e2f721643a00f3b5d4775b65d753c34781efe6c1e7b714d9dd4a9,raw/attempts/main-parallel2_linear_n262144-b12-r0-p4-A
main-parallel4_linear_n262144-b01-r0-p1-B,main,parallel4_linear_n262144,1,0,BAAB,1,B,parallel,262144,mixed,2026082901,1,4,VALID,,False,0,False,574042,21fc62b48ab2a3a5,528ae490751b6dcb,0144d4ef720e2f721643a00f3b5d4775b65d753c34781efe6c1e7b714d9dd4a9,0144d4ef720e2f721643a00f3b5d4775b65d753c34781efe6c1e7b714d9dd4a9,raw/attempts/main-parallel4_linear_n262144-b01-r0-p1-B
main-parallel4_linear_n262144-b01-r0-p2-A,main,parallel4_linear_n262144,1,0,BAAB,2,A,linear,262144,mixed,2026082901,1,4,VALID,,False,0,False,500667,21fc62b48ab2a3a5,528ae490751b6dcb,0144d4ef720e2f721643a00f3b5d4775b65d753c34781efe6c1e7b714d9dd4a9,0144d4ef720e2f721643a00f3b5d4775b65d753c34781efe6c1e7b714d9dd4a9,raw/attempts/main-parallel4_linear_n262144-b01-r0-p2-A
main-parallel4_linear_n262144-b01-r0-p3-A,main,parallel4_linear_n262144,1,0,BAAB,3,A,linear,262144,mixed,2026082901,1,4,VALID,,False,0,False,153209,21fc62b48ab2a3a5,528ae490751b6dcb,0144d4ef720e2f721643a00f3b5d4775b65d753c34781efe6c1e7b714d9dd4a9,0144d4ef720e2f721643a00f3b5d4775b65d753c34781efe6c1e7b714d9dd4a9,raw/attempts/main-parallel4_linear_n262144-b01-r0-p3-A
main-parallel4_linear_n262144-b01-r0-p4-B,main,parallel4_linear_n262144,1,0,BAAB,4,B,parallel,262144,mixed,2026082901,1,4,VALID,,False,0,False,380250,21fc62b48ab2a3a5,528ae490751b6dcb,0144d4ef720e2f721643a00f3b5d4775b65d753c34781efe6c1e7b714d9dd4a9,0144d4ef720e2f721643a00f3b5d4775b65d753c34781efe6c1e7b714d9dd4a9,raw/attempts/main-parallel4_linear_n262144-b01-r0-p4-B
main-parallel4_linear_n262144-b02-r0-p1-B,main,parallel4_linear_n262144,2,0,BAAB,1,B,parallel,262144,mixed,2026082901,1,4,VALID,,False,0,False,458542,21fc62b48ab2a3a5,528ae490751b6dcb,0144d4ef720e2f721643a00f3b5d4775b65d753c34781efe6c1e7b714d9dd4a9,0144d4ef720e2f721643a00f3b5d4775b65d753c34781efe6c1e7b714d9dd4a9,raw/attempts/main-parallel4_linear_n262144-b02-r0-p1-B
main-parallel4_linear_n262144-b02-r0-p2-A,main,parallel4_linear_n262144,2,0,BAAB,2,A,linear,262144,mixed,2026082901,1,4,VALID,,False,0,False,511209,21fc62b48ab2a3a5,528ae490751b6dcb,0144d4ef720e2f721643a00f3b5d4775b65d753c34781efe6c1e7b714d9dd4a9,0144d4ef720e2f721643a00f3b5d4775b65d753c34781efe6c1e7b714d9dd4a9,raw/attempts/main-parallel4_linear_n262144-b02-r0-p2-A
main-parallel4_linear_n262144-b02-r0-p3-A,main,parallel4_linear_n262144,2,0,BAAB,3,A,linear,262144,mixed,2026082901,1,4,VALID,,False,0,False,146417,21fc62b48ab2a3a5,528ae490751b6dcb,0144d4ef720e2f721643a00f3b5d4775b65d753c34781efe6c1e7b714d9dd4a9,0144d4ef720e2f721643a00f3b5d4775b65d753c34781efe6c1e7b714d9dd4a9,raw/attempts/main-parallel4_linear_n262144-b02-r0-p3-A
main-parallel4_linear_n262144-b02-r0-p4-B,main,parallel4_linear_n262144,2,0,BAAB,4,B,parallel,262144,mixed,2026082901,1,4,VALID,,False,0,False,388208,21fc62b48ab2a3a5,528ae490751b6dcb,0144d4ef720e2f721643a00f3b5d4775b65d753c34781efe6c1e7b714d9dd4a9,0144d4ef720e2f721643a00f3b5d4775b65d753c34781efe6c1e7b714d9dd4a9,raw/attempts/main-parallel4_linear_n262144-b02-r0-p4-B
main-parallel4_linear_n262144-b03-r0-p1-A,main,parallel4_linear_n262144,3,0,ABBA,1,A,linear,262144,mixed,2026082901,1,4,VALID,,False,0,False,500667,21fc62b48ab2a3a5,528ae490751b6dcb,0144d4ef720e2f721643a00f3b5d4775b65d753c34781efe6c1e7b714d9dd4a9,0144d4ef720e2f721643a00f3b5d4775b65d753c34781efe6c1e7b714d9dd4a9,raw/attempts/main-parallel4_linear_n262144-b03-r0-p1-A
main-parallel4_linear_n262144-b03-r0-p2-B,main,parallel4_linear_n262144,3,0,ABBA,2,B,parallel,262144,mixed,2026082901,1,4,VALID,,False,0,False,425959,21fc62b48ab2a3a5,528ae490751b6dcb,0144d4ef720e2f721643a00f3b5d4775b65d753c34781efe6c1e7b714d9dd4a9,0144d4ef720e2f721643a00f3b5d4775b65d753c34781efe6c1e7b714d9dd4a9,raw/attempts/main-parallel4_linear_n262144-b03-r0-p2-B
main-parallel4_linear_n262144-b03-r0-p3-B,main,parallel4_linear_n262144,3,0,ABBA,3,B,parallel,262144,mixed,2026082901,1,4,VALID,,False,0,False,541292,21fc62b48ab2a3a5,528ae490751b6dcb,0144d4ef720e2f721643a00f3b5d4775b65d753c34781efe6c1e7b714d9dd4a9,0144d4ef720e2f721643a00f3b5d4775b65d753c34781efe6c1e7b714d9dd4a9,raw/attempts/main-parallel4_linear_n262144-b03-r0-p3-B
main-parallel4_linear_n262144-b03-r0-p4-A,main,parallel4_linear_n262144,3,0,ABBA,4,A,linear,262144,mixed,2026082901,1,4,VALID,,False,0,False,505833,21fc62b48ab2a3a5,528ae490751b6dcb,0144d4ef720e2f721643a00f3b5d4775b65d753c34781efe6c1e7b714d9dd4a9,0144d4ef720e2f721643a00f3b5d4775b65d753c34781efe6c1e7b714d9dd4a9,raw/attempts/main-parallel4_linear_n262144-b03-r0-p4-A
main-parallel4_linear_n262144-b04-r0-p1-A,main,parallel4_linear_n262144,4,0,ABBA,1,A,linear,262144,mixed,2026082901,1,4,VALID,,False,0,False,142041,21fc62b48ab2a3a5,528ae490751b6dcb,0144d4ef720e2f721643a00f3b5d4775b65d753c34781efe6c1e7b714d9dd4a9,0144d4ef720e2f721643a00f3b5d4775b65d753c34781efe6c1e7b714d9dd4a9,raw/attempts/main-parallel4_linear_n262144-b04-r0-p1-A
main-parallel4_linear_n262144-b04-r0-p2-B,main,parallel4_linear_n262144,4,0,ABBA,2,B,parallel,262144,mixed,2026082901,1,4,VALID,,False,0,False,378625,21fc62b48ab2a3a5,528ae490751b6dcb,0144d4ef720e2f721643a00f3b5d4775b65d753c34781efe6c1e7b714d9dd4a9,0144d4ef720e2f721643a00f3b5d4775b65d753c34781efe6c1e7b714d9dd4a9,raw/attempts/main-parallel4_linear_n262144-b04-r0-p2-B
main-parallel4_linear_n262144-b04-r0-p3-B,main,parallel4_linear_n262144,4,0,ABBA,3,B,parallel,262144,mixed,2026082901,1,4,VALID,,False,0,False,430667,21fc62b48ab2a3a5,528ae490751b6dcb,0144d4ef720e2f721643a00f3b5d4775b65d753c34781efe6c1e7b714d9dd4a9,0144d4ef720e2f721643a00f3b5d4775b65d753c34781efe6c1e7b714d9dd4a9,raw/attempts/main-parallel4_linear_n262144-b04-r0-p3-B
main-parallel4_linear_n262144-b04-r0-p4-A,main,parallel4_linear_n262144,4,0,ABBA,4,A,linear,262144,mixed,2026082901,1,4,VALID,,False,0,False,172167,21fc62b48ab2a3a5,528ae490751b6dcb,0144d4ef720e2f721643a00f3b5d4775b65d753c34781efe6c1e7b714d9dd4a9,0144d4ef720e2f721643a00f3b5d4775b65d753c34781efe6c1e7b714d9dd4a9,raw/attempts/main-parallel4_linear_n262144-b04-r0-p4-A
main-parallel4_linear_n262144-b05-r0-p1-A,main,parallel4_linear_n262144,5,0,ABBA,1,A,linear,262144,mixed,2026082901,1,4,VALID,,False,0,False,508375,21fc62b48ab2a3a5,528ae490751b6dcb,0144d4ef720e2f721643a00f3b5d4775b65d753c34781efe6c1e7b714d9dd4a9,0144d4ef720e2f721643a00f3b5d4775b65d753c34781efe6c1e7b714d9dd4a9,raw/attempts/main-parallel4_linear_n262144-b05-r0-p1-A
main-parallel4_linear_n262144-b05-r0-p2-B,main,parallel4_linear_n262144,5,0,ABBA,2,B,parallel,262144,mixed,2026082901,1,4,VALID,,False,0,False,343666,21fc62b48ab2a3a5,528ae490751b6dcb,0144d4ef720e2f721643a00f3b5d4775b65d753c34781efe6c1e7b714d9dd4a9,0144d4ef720e2f721643a00f3b5d4775b65d753c34781efe6c1e7b714d9dd4a9,raw/attempts/main-parallel4_linear_n262144-b05-r0-p2-B
main-parallel4_linear_n262144-b05-r0-p3-B,main,parallel4_linear_n262144,5,0,ABBA,3,B,parallel,262144,mixed,2026082901,1,4,VALID,,False,0,False,375000,21fc62b48ab2a3a5,528ae490751b6dcb,0144d4ef720e2f721643a00f3b5d4775b65d753c34781efe6c1e7b714d9dd4a9,0144d4ef720e2f721643a00f3b5d4775b65d753c34781efe6c1e7b714d9dd4a9,raw/attempts/main-parallel4_linear_n262144-b05-r0-p3-B
main-parallel4_linear_n262144-b05-r0-p4-A,main,parallel4_linear_n262144,5,0,ABBA,4,A,linear,262144,mixed,2026082901,1,4,VALID,,False,0,False,425084,21fc62b48ab2a3a5,528ae490751b6dcb,0144d4ef720e2f721643a00f3b5d4775b65d753c34781efe6c1e7b714d9dd4a9,0144d4ef720e2f721643a00f3b5d4775b65d753c34781efe6c1e7b714d9dd4a9,raw/attempts/main-parallel4_linear_n262144-b05-r0-p4-A
main-parallel4_linear_n262144-b06-r0-p1-B,main,parallel4_linear_n262144,6,0,BAAB,1,B,parallel,262144,mixed,2026082901,1,4,VALID,,False,0,False,360292,21fc62b48ab2a3a5,528ae490751b6dcb,0144d4ef720e2f721643a00f3b5d4775b65d753c34781efe6c1e7b714d9dd4a9,0144d4ef720e2f721643a00f3b5d4775b65d753c34781efe6c1e7b714d9dd4a9,raw/attempts/main-parallel4_linear_n262144-b06-r0-p1-B
main-parallel4_linear_n262144-b06-r0-p2-A,main,parallel4_linear_n262144,6,0,BAAB,2,A,linear,262144,mixed,2026082901,1,4,VALID,,False,0,False,521625,21fc62b48ab2a3a5,528ae490751b6dcb,0144d4ef720e2f721643a00f3b5d4775b65d753c34781efe6c1e7b714d9dd4a9,0144d4ef720e2f721643a00f3b5d4775b65d753c34781efe6c1e7b714d9dd4a9,raw/attempts/main-parallel4_linear_n262144-b06-r0-p2-A
main-parallel4_linear_n262144-b06-r0-p3-A,main,parallel4_linear_n262144,6,0,BAAB,3,A,linear,262144,mixed,2026082901,1,4,VALID,,False,0,False,431250,21fc62b48ab2a3a5,528ae490751b6dcb,0144d4ef720e2f721643a00f3b5d4775b65d753c34781efe6c1e7b714d9dd4a9,0144d4ef720e2f721643a00f3b5d4775b65d753c34781efe6c1e7b714d9dd4a9,raw/attempts/main-parallel4_linear_n262144-b06-r0-p3-A
main-parallel4_linear_n262144-b06-r0-p4-B,main,parallel4_linear_n262144,6,0,BAAB,4,B,parallel,262144,mixed,2026082901,1,4,VALID,,False,0,False,483458,21fc62b48ab2a3a5,528ae490751b6dcb,0144d4ef720e2f721643a00f3b5d4775b65d753c34781efe6c1e7b714d9dd4a9,0144d4ef720e2f721643a00f3b5d4775b65d753c34781efe6c1e7b714d9dd4a9,raw/attempts/main-parallel4_linear_n262144-b06-r0-p4-B
main-parallel4_linear_n262144-b07-r0-p1-A,main,parallel4_linear_n262144,7,0,ABBA,1,A,linear,262144,mixed,2026082901,1,4,VALID,,False,0,False,522042,21fc62b48ab2a3a5,528ae490751b6dcb,0144d4ef720e2f721643a00f3b5d4775b65d753c34781efe6c1e7b714d9dd4a9,0144d4ef720e2f721643a00f3b5d4775b65d753c34781efe6c1e7b714d9dd4a9,raw/attempts/main-parallel4_linear_n262144-b07-r0-p1-A
main-parallel4_linear_n262144-b07-r0-p2-B,main,parallel4_linear_n262144,7,0,ABBA,2,B,parallel,262144,mixed,2026082901,1,4,VALID,,False,0,False,711541,21fc62b48ab2a3a5,528ae490751b6dcb,0144d4ef720e2f721643a00f3b5d4775b65d753c34781efe6c1e7b714d9dd4a9,0144d4ef720e2f721643a00f3b5d4775b65d753c34781efe6c1e7b714d9dd4a9,raw/attempts/main-parallel4_linear_n262144-b07-r0-p2-B
main-parallel4_linear_n262144-b07-r0-p3-B,main,parallel4_linear_n262144,7,0,ABBA,3,B,parallel,262144,mixed,2026082901,1,4,VALID,,False,0,False,465166,21fc62b48ab2a3a5,528ae490751b6dcb,0144d4ef720e2f721643a00f3b5d4775b65d753c34781efe6c1e7b714d9dd4a9,0144d4ef720e2f721643a00f3b5d4775b65d753c34781efe6c1e7b714d9dd4a9,raw/attempts/main-parallel4_linear_n262144-b07-r0-p3-B
main-parallel4_linear_n262144-b07-r0-p4-A,main,parallel4_linear_n262144,7,0,ABBA,4,A,linear,262144,mixed,2026082901,1,4,VALID,,False,0,False,520833,21fc62b48ab2a3a5,528ae490751b6dcb,0144d4ef720e2f721643a00f3b5d4775b65d753c34781efe6c1e7b714d9dd4a9,0144d4ef720e2f721643a00f3b5d4775b65d753c34781efe6c1e7b714d9dd4a9,raw/attempts/main-parallel4_linear_n262144-b07-r0-p4-A
main-parallel4_linear_n262144-b08-r0-p1-B,main,parallel4_linear_n262144,8,0,BAAB,1,B,parallel,262144,mixed,2026082901,1,4,VALID,,False,0,False,440084,21fc62b48ab2a3a5,528ae490751b6dcb,0144d4ef720e2f721643a00f3b5d4775b65d753c34781efe6c1e7b714d9dd4a9,0144d4ef720e2f721643a00f3b5d4775b65d753c34781efe6c1e7b714d9dd4a9,raw/attempts/main-parallel4_linear_n262144-b08-r0-p1-B
main-parallel4_linear_n262144-b08-r0-p2-A,main,parallel4_linear_n262144,8,0,BAAB,2,A,linear,262144,mixed,2026082901,1,4,VALID,,False,0,False,502292,21fc62b48ab2a3a5,528ae490751b6dcb,0144d4ef720e2f721643a00f3b5d4775b65d753c34781efe6c1e7b714d9dd4a9,0144d4ef720e2f721643a00f3b5d4775b65d753c34781efe6c1e7b714d9dd4a9,raw/attempts/main-parallel4_linear_n262144-b08-r0-p2-A
main-parallel4_linear_n262144-b08-r0-p3-A,main,parallel4_linear_n262144,8,0,BAAB,3,A,linear,262144,mixed,2026082901,1,4,VALID,,False,0,False,188375,21fc62b48ab2a3a5,528ae490751b6dcb,0144d4ef720e2f721643a00f3b5d4775b65d753c34781efe6c1e7b714d9dd4a9,0144d4ef720e2f721643a00f3b5d4775b65d753c34781efe6c1e7b714d9dd4a9,raw/attempts/main-parallel4_linear_n262144-b08-r0-p3-A
main-parallel4_linear_n262144-b08-r0-p4-B,main,parallel4_linear_n262144,8,0,BAAB,4,B,parallel,262144,mixed,2026082901,1,4,VALID,,False,0,False,518583,21fc62b48ab2a3a5,528ae490751b6dcb,0144d4ef720e2f721643a00f3b5d4775b65d753c34781efe6c1e7b714d9dd4a9,0144d4ef720e2f721643a00f3b5d4775b65d753c34781efe6c1e7b714d9dd4a9,raw/attempts/main-parallel4_linear_n262144-b08-r0-p4-B
main-parallel4_linear_n262144-b09-r0-p1-A,main,parallel4_linear_n262144,9,0,ABBA,1,A,linear,262144,mixed,2026082901,1,4,VALID,,False,0,False,343167,21fc62b48ab2a3a5,528ae490751b6dcb,0144d4ef720e2f721643a00f3b5d4775b65d753c34781efe6c1e7b714d9dd4a9,0144d4ef720e2f721643a00f3b5d4775b65d753c34781efe6c1e7b714d9dd4a9,raw/attempts/main-parallel4_linear_n262144-b09-r0-p1-A
main-parallel4_linear_n262144-b09-r0-p2-B,main,parallel4_linear_n262144,9,0,ABBA,2,B,parallel,262144,mixed,2026082901,1,4,VALID,,False,0,False,369500,21fc62b48ab2a3a5,528ae490751b6dcb,0144d4ef720e2f721643a00f3b5d4775b65d753c34781efe6c1e7b714d9dd4a9,0144d4ef720e2f721643a00f3b5d4775b65d753c34781efe6c1e7b714d9dd4a9,raw/attempts/main-parallel4_linear_n262144-b09-r0-p2-B
main-parallel4_linear_n262144-b09-r0-p3-B,main,parallel4_linear_n262144,9,0,ABBA,3,B,parallel,262144,mixed,2026082901,1,4,VALID,,False,0,False,374583,21fc62b48ab2a3a5,528ae490751b6dcb,0144d4ef720e2f721643a00f3b5d4775b65d753c34781efe6c1e7b714d9dd4a9,0144d4ef720e2f721643a00f3b5d4775b65d753c34781efe6c1e7b714d9dd4a9,raw/attempts/main-parallel4_linear_n262144-b09-r0-p3-B
main-parallel4_linear_n262144-b09-r0-p4-A,main,parallel4_linear_n262144,9,0,ABBA,4,A,linear,262144,mixed,2026082901,1,4,VALID,,False,0,False,346000,21fc62b48ab2a3a5,528ae490751b6dcb,0144d4ef720e2f721643a00f3b5d4775b65d753c34781efe6c1e7b714d9dd4a9,0144d4ef720e2f721643a00f3b5d4775b65d753c34781efe6c1e7b714d9dd4a9,raw/attempts/main-parallel4_linear_n262144-b09-r0-p4-A
main-parallel4_linear_n262144-b10-r0-p1-B,main,parallel4_linear_n262144,10,0,BAAB,1,B,parallel,262144,mixed,2026082901,1,4,VALID,,False,0,False,443166,21fc62b48ab2a3a5,528ae490751b6dcb,0144d4ef720e2f721643a00f3b5d4775b65d753c34781efe6c1e7b714d9dd4a9,0144d4ef720e2f721643a00f3b5d4775b65d753c34781efe6c1e7b714d9dd4a9,raw/attempts/main-parallel4_linear_n262144-b10-r0-p1-B
main-parallel4_linear_n262144-b10-r0-p2-A,main,parallel4_linear_n262144,10,0,BAAB,2,A,linear,262144,mixed,2026082901,1,4,VALID,,False,0,False,437792,21fc62b48ab2a3a5,528ae490751b6dcb,0144d4ef720e2f721643a00f3b5d4775b65d753c34781efe6c1e7b714d9dd4a9,0144d4ef720e2f721643a00f3b5d4775b65d753c34781efe6c1e7b714d9dd4a9,raw/attempts/main-parallel4_linear_n262144-b10-r0-p2-A
main-parallel4_linear_n262144-b10-r0-p3-A,main,parallel4_linear_n262144,10,0,BAAB,3,A,linear,262144,mixed,2026082901,1,4,VALID,,False,0,False,216542,21fc62b48ab2a3a5,528ae490751b6dcb,0144d4ef720e2f721643a00f3b5d4775b65d753c34781efe6c1e7b714d9dd4a9,0144d4ef720e2f721643a00f3b5d4775b65d753c34781efe6c1e7b714d9dd4a9,raw/attempts/main-parallel4_linear_n262144-b10-r0-p3-A
main-parallel4_linear_n262144-b10-r0-p4-B,main,parallel4_linear_n262144,10,0,BAAB,4,B,parallel,262144,mixed,2026082901,1,4,VALID,,False,0,False,409708,21fc62b48ab2a3a5,528ae490751b6dcb,0144d4ef720e2f721643a00f3b5d4775b65d753c34781efe6c1e7b714d9dd4a9,0144d4ef720e2f721643a00f3b5d4775b65d753c34781efe6c1e7b714d9dd4a9,raw/attempts/main-parallel4_linear_n262144-b10-r0-p4-B
main-parallel4_linear_n262144-b11-r0-p1-B,main,parallel4_linear_n262144,11,0,BAAB,1,B,parallel,262144,mixed,2026082901,1,4,VALID,,False,0,False,370250,21fc62b48ab2a3a5,528ae490751b6dcb,0144d4ef720e2f721643a00f3b5d4775b65d753c34781efe6c1e7b714d9dd4a9,0144d4ef720e2f721643a00f3b5d4775b65d753c34781efe6c1e7b714d9dd4a9,raw/attempts/main-parallel4_linear_n262144-b11-r0-p1-B
main-parallel4_linear_n262144-b11-r0-p2-A,main,parallel4_linear_n262144,11,0,BAAB,2,A,linear,262144,mixed,2026082901,1,4,VALID,,False,0,False,138208,21fc62b48ab2a3a5,528ae490751b6dcb,0144d4ef720e2f721643a00f3b5d4775b65d753c34781efe6c1e7b714d9dd4a9,0144d4ef720e2f721643a00f3b5d4775b65d753c34781efe6c1e7b714d9dd4a9,raw/attempts/main-parallel4_linear_n262144-b11-r0-p2-A
main-parallel4_linear_n262144-b11-r0-p3-A,main,parallel4_linear_n262144,11,0,BAAB,3,A,linear,262144,mixed,2026082901,1,4,VALID,,False,0,False,471292,21fc62b48ab2a3a5,528ae490751b6dcb,0144d4ef720e2f721643a00f3b5d4775b65d753c34781efe6c1e7b714d9dd4a9,0144d4ef720e2f721643a00f3b5d4775b65d753c34781efe6c1e7b714d9dd4a9,raw/attempts/main-parallel4_linear_n262144-b11-r0-p3-A
main-parallel4_linear_n262144-b11-r0-p4-B,main,parallel4_linear_n262144,11,0,BAAB,4,B,parallel,262144,mixed,2026082901,1,4,VALID,,False,0,False,626917,21fc62b48ab2a3a5,528ae490751b6dcb,0144d4ef720e2f721643a00f3b5d4775b65d753c34781efe6c1e7b714d9dd4a9,0144d4ef720e2f721643a00f3b5d4775b65d753c34781efe6c1e7b714d9dd4a9,raw/attempts/main-parallel4_linear_n262144-b11-r0-p4-B
main-parallel4_linear_n262144-b12-r0-p1-A,main,parallel4_linear_n262144,12,0,ABBA,1,A,linear,262144,mixed,2026082901,1,4,VALID,,False,0,False,518208,21fc62b48ab2a3a5,528ae490751b6dcb,0144d4ef720e2f721643a00f3b5d4775b65d753c34781efe6c1e7b714d9dd4a9,0144d4ef720e2f721643a00f3b5d4775b65d753c34781efe6c1e7b714d9dd4a9,raw/attempts/main-parallel4_linear_n262144-b12-r0-p1-A
main-parallel4_linear_n262144-b12-r0-p2-B,main,parallel4_linear_n262144,12,0,ABBA,2,B,parallel,262144,mixed,2026082901,1,4,VALID,,False,0,False,422583,21fc62b48ab2a3a5,528ae490751b6dcb,0144d4ef720e2f721643a00f3b5d4775b65d753c34781efe6c1e7b714d9dd4a9,0144d4ef720e2f721643a00f3b5d4775b65d753c34781efe6c1e7b714d9dd4a9,raw/attempts/main-parallel4_linear_n262144-b12-r0-p2-B
main-parallel4_linear_n262144-b12-r0-p3-B,main,parallel4_linear_n262144,12,0,ABBA,3,B,parallel,262144,mixed,2026082901,1,4,VALID,,False,0,False,370792,21fc62b48ab2a3a5,528ae490751b6dcb,0144d4ef720e2f721643a00f3b5d4775b65d753c34781efe6c1e7b714d9dd4a9,0144d4ef720e2f721643a00f3b5d4775b65d753c34781efe6c1e7b714d9dd4a9,raw/attempts/main-parallel4_linear_n262144-b12-r0-p3-B
main-parallel4_linear_n262144-b12-r0-p4-A,main,parallel4_linear_n262144,12,0,ABBA,4,A,linear,262144,mixed,2026082901,1,4,VALID,,False,0,False,257459,21fc62b48ab2a3a5,528ae490751b6dcb,0144d4ef720e2f721643a00f3b5d4775b65d753c34781efe6c1e7b714d9dd4a9,0144d4ef720e2f721643a00f3b5d4775b65d753c34781efe6c1e7b714d9dd4a9,raw/attempts/main-parallel4_linear_n262144-b12-r0-p4-A
main-parallel8_linear_n262144-b01-r0-p1-A,main,parallel8_linear_n262144,1,0,ABBA,1,A,linear,262144,mixed,2026082901,1,8,VALID,,False,0,False,136625,21fc62b48ab2a3a5,528ae490751b6dcb,0144d4ef720e2f721643a00f3b5d4775b65d753c34781efe6c1e7b714d9dd4a9,0144d4ef720e2f721643a00f3b5d4775b65d753c34781efe6c1e7b714d9dd4a9,raw/attempts/main-parallel8_linear_n262144-b01-r0-p1-A
main-parallel8_linear_n262144-b01-r0-p2-B,main,parallel8_linear_n262144,1,0,ABBA,2,B,parallel,262144,mixed,2026082901,1,8,VALID,,False,0,False,495875,21fc62b48ab2a3a5,528ae490751b6dcb,0144d4ef720e2f721643a00f3b5d4775b65d753c34781efe6c1e7b714d9dd4a9,0144d4ef720e2f721643a00f3b5d4775b65d753c34781efe6c1e7b714d9dd4a9,raw/attempts/main-parallel8_linear_n262144-b01-r0-p2-B
main-parallel8_linear_n262144-b01-r0-p3-B,main,parallel8_linear_n262144,1,0,ABBA,3,B,parallel,262144,mixed,2026082901,1,8,VALID,,False,0,False,715166,21fc62b48ab2a3a5,528ae490751b6dcb,0144d4ef720e2f721643a00f3b5d4775b65d753c34781efe6c1e7b714d9dd4a9,0144d4ef720e2f721643a00f3b5d4775b65d753c34781efe6c1e7b714d9dd4a9,raw/attempts/main-parallel8_linear_n262144-b01-r0-p3-B
main-parallel8_linear_n262144-b01-r0-p4-A,main,parallel8_linear_n262144,1,0,ABBA,4,A,linear,262144,mixed,2026082901,1,8,VALID,,False,0,False,503334,21fc62b48ab2a3a5,528ae490751b6dcb,0144d4ef720e2f721643a00f3b5d4775b65d753c34781efe6c1e7b714d9dd4a9,0144d4ef720e2f721643a00f3b5d4775b65d753c34781efe6c1e7b714d9dd4a9,raw/attempts/main-parallel8_linear_n262144-b01-r0-p4-A
main-parallel8_linear_n262144-b02-r0-p1-A,main,parallel8_linear_n262144,2,0,ABBA,1,A,linear,262144,mixed,2026082901,1,8,VALID,,False,0,False,524833,21fc62b48ab2a3a5,528ae490751b6dcb,0144d4ef720e2f721643a00f3b5d4775b65d753c34781efe6c1e7b714d9dd4a9,0144d4ef720e2f721643a00f3b5d4775b65d753c34781efe6c1e7b714d9dd4a9,raw/attempts/main-parallel8_linear_n262144-b02-r0-p1-A
main-parallel8_linear_n262144-b02-r0-p2-B,main,parallel8_linear_n262144,2,0,ABBA,2,B,parallel,262144,mixed,2026082901,1,8,VALID,,False,0,False,468792,21fc62b48ab2a3a5,528ae490751b6dcb,0144d4ef720e2f721643a00f3b5d4775b65d753c34781efe6c1e7b714d9dd4a9,0144d4ef720e2f721643a00f3b5d4775b65d753c34781efe6c1e7b714d9dd4a9,raw/attempts/main-parallel8_linear_n262144-b02-r0-p2-B
main-parallel8_linear_n262144-b02-r0-p3-B,main,parallel8_linear_n262144,2,0,ABBA,3,B,parallel,262144,mixed,2026082901,1,8,VALID,,False,0,False,444166,21fc62b48ab2a3a5,528ae490751b6dcb,0144d4ef720e2f721643a00f3b5d4775b65d753c34781efe6c1e7b714d9dd4a9,0144d4ef720e2f721643a00f3b5d4775b65d753c34781efe6c1e7b714d9dd4a9,raw/attempts/main-parallel8_linear_n262144-b02-r0-p3-B
main-parallel8_linear_n262144-b02-r0-p4-A,main,parallel8_linear_n262144,2,0,ABBA,4,A,linear,262144,mixed,2026082901,1,8,VALID,,False,0,False,518125,21fc62b48ab2a3a5,528ae490751b6dcb,0144d4ef720e2f721643a00f3b5d4775b65d753c34781efe6c1e7b714d9dd4a9,0144d4ef720e2f721643a00f3b5d4775b65d753c34781efe6c1e7b714d9dd4a9,raw/attempts/main-parallel8_linear_n262144-b02-r0-p4-A
main-parallel8_linear_n262144-b03-r0-p1-B,main,parallel8_linear_n262144,3,0,BAAB,1,B,parallel,262144,mixed,2026082901,1,8,VALID,,False,0,False,535333,21fc62b48ab2a3a5,528ae490751b6dcb,0144d4ef720e2f721643a00f3b5d4775b65d753c34781efe6c1e7b714d9dd4a9,0144d4ef720e2f721643a00f3b5d4775b65d753c34781efe6c1e7b714d9dd4a9,raw/attempts/main-parallel8_linear_n262144-b03-r0-p1-B
main-parallel8_linear_n262144-b03-r0-p2-A,main,parallel8_linear_n262144,3,0,BAAB,2,A,linear,262144,mixed,2026082901,1,8,VALID,,False,0,False,506458,21fc62b48ab2a3a5,528ae490751b6dcb,0144d4ef720e2f721643a00f3b5d4775b65d753c34781efe6c1e7b714d9dd4a9,0144d4ef720e2f721643a00f3b5d4775b65d753c34781efe6c1e7b714d9dd4a9,raw/attempts/main-parallel8_linear_n262144-b03-r0-p2-A
main-parallel8_linear_n262144-b03-r0-p3-A,main,parallel8_linear_n262144,3,0,BAAB,3,A,linear,262144,mixed,2026082901,1,8,VALID,,False,0,False,493375,21fc62b48ab2a3a5,528ae490751b6dcb,0144d4ef720e2f721643a00f3b5d4775b65d753c34781efe6c1e7b714d9dd4a9,0144d4ef720e2f721643a00f3b5d4775b65d753c34781efe6c1e7b714d9dd4a9,raw/attempts/main-parallel8_linear_n262144-b03-r0-p3-A
main-parallel8_linear_n262144-b03-r0-p4-B,main,parallel8_linear_n262144,3,0,BAAB,4,B,parallel,262144,mixed,2026082901,1,8,VALID,,False,0,False,555333,21fc62b48ab2a3a5,528ae490751b6dcb,0144d4ef720e2f721643a00f3b5d4775b65d753c34781efe6c1e7b714d9dd4a9,0144d4ef720e2f721643a00f3b5d4775b65d753c34781efe6c1e7b714d9dd4a9,raw/attempts/main-parallel8_linear_n262144-b03-r0-p4-B
main-parallel8_linear_n262144-b04-r0-p1-B,main,parallel8_linear_n262144,4,0,BAAB,1,B,parallel,262144,mixed,2026082901,1,8,VALID,,False,0,False,470292,21fc62b48ab2a3a5,528ae490751b6dcb,0144d4ef720e2f721643a00f3b5d4775b65d753c34781efe6c1e7b714d9dd4a9,0144d4ef720e2f721643a00f3b5d4775b65d753c34781efe6c1e7b714d9dd4a9,raw/attempts/main-parallel8_linear_n262144-b04-r0-p1-B
main-parallel8_linear_n262144-b04-r0-p2-A,main,parallel8_linear_n262144,4,0,BAAB,2,A,linear,262144,mixed,2026082901,1,8,VALID,,False,0,False,426041,21fc62b48ab2a3a5,528ae490751b6dcb,0144d4ef720e2f721643a00f3b5d4775b65d753c34781efe6c1e7b714d9dd4a9,0144d4ef720e2f721643a00f3b5d4775b65d753c34781efe6c1e7b714d9dd4a9,raw/attempts/main-parallel8_linear_n262144-b04-r0-p2-A
main-parallel8_linear_n262144-b04-r0-p3-A,main,parallel8_linear_n262144,4,0,BAAB,3,A,linear,262144,mixed,2026082901,1,8,VALID,,False,0,False,151500,21fc62b48ab2a3a5,528ae490751b6dcb,0144d4ef720e2f721643a00f3b5d4775b65d753c34781efe6c1e7b714d9dd4a9,0144d4ef720e2f721643a00f3b5d4775b65d753c34781efe6c1e7b714d9dd4a9,raw/attempts/main-parallel8_linear_n262144-b04-r0-p3-A
main-parallel8_linear_n262144-b04-r0-p4-B,main,parallel8_linear_n262144,4,0,BAAB,4,B,parallel,262144,mixed,2026082901,1,8,VALID,,False,0,False,372417,21fc62b48ab2a3a5,528ae490751b6dcb,0144d4ef720e2f721643a00f3b5d4775b65d753c34781efe6c1e7b714d9dd4a9,0144d4ef720e2f721643a00f3b5d4775b65d753c34781efe6c1e7b714d9dd4a9,raw/attempts/main-parallel8_linear_n262144-b04-r0-p4-B
main-parallel8_linear_n262144-b05-r0-p1-B,main,parallel8_linear_n262144,5,0,BAAB,1,B,parallel,262144,mixed,2026082901,1,8,VALID,,False,0,False,644167,21fc62b48ab2a3a5,528ae490751b6dcb,0144d4ef720e2f721643a00f3b5d4775b65d753c34781efe6c1e7b714d9dd4a9,0144d4ef720e2f721643a00f3b5d4775b65d753c34781efe6c1e7b714d9dd4a9,raw/attempts/main-parallel8_linear_n262144-b05-r0-p1-B
main-parallel8_linear_n262144-b05-r0-p2-A,main,parallel8_linear_n262144,5,0,BAAB,2,A,linear,262144,mixed,2026082901,1,8,VALID,,False,0,False,428792,21fc62b48ab2a3a5,528ae490751b6dcb,0144d4ef720e2f721643a00f3b5d4775b65d753c34781efe6c1e7b714d9dd4a9,0144d4ef720e2f721643a00f3b5d4775b65d753c34781efe6c1e7b714d9dd4a9,raw/attempts/main-parallel8_linear_n262144-b05-r0-p2-A
main-parallel8_linear_n262144-b05-r0-p3-A,main,parallel8_linear_n262144,5,0,BAAB,3,A,linear,262144,mixed,2026082901,1,8,VALID,,False,0,False,356625,21fc62b48ab2a3a5,528ae490751b6dcb,0144d4ef720e2f721643a00f3b5d4775b65d753c34781efe6c1e7b714d9dd4a9,0144d4ef720e2f721643a00f3b5d4775b65d753c34781efe6c1e7b714d9dd4a9,raw/attempts/main-parallel8_linear_n262144-b05-r0-p3-A
main-parallel8_linear_n262144-b05-r0-p4-B,main,parallel8_linear_n262144,5,0,BAAB,4,B,parallel,262144,mixed,2026082901,1,8,VALID,,False,0,False,801917,21fc62b48ab2a3a5,528ae490751b6dcb,0144d4ef720e2f721643a00f3b5d4775b65d753c34781efe6c1e7b714d9dd4a9,0144d4ef720e2f721643a00f3b5d4775b65d753c34781efe6c1e7b714d9dd4a9,raw/attempts/main-parallel8_linear_n262144-b05-r0-p4-B
main-parallel8_linear_n262144-b06-r0-p1-B,main,parallel8_linear_n262144,6,0,BAAB,1,B,parallel,262144,mixed,2026082901,1,8,VALID,,False,0,False,754542,21fc62b48ab2a3a5,528ae490751b6dcb,0144d4ef720e2f721643a00f3b5d4775b65d753c34781efe6c1e7b714d9dd4a9,0144d4ef720e2f721643a00f3b5d4775b65d753c34781efe6c1e7b714d9dd4a9,raw/attempts/main-parallel8_linear_n262144-b06-r0-p1-B
main-parallel8_linear_n262144-b06-r0-p2-A,main,parallel8_linear_n262144,6,0,BAAB,2,A,linear,262144,mixed,2026082901,1,8,VALID,,False,0,False,143292,21fc62b48ab2a3a5,528ae490751b6dcb,0144d4ef720e2f721643a00f3b5d4775b65d753c34781efe6c1e7b714d9dd4a9,0144d4ef720e2f721643a00f3b5d4775b65d753c34781efe6c1e7b714d9dd4a9,raw/attempts/main-parallel8_linear_n262144-b06-r0-p2-A
main-parallel8_linear_n262144-b06-r0-p3-A,main,parallel8_linear_n262144,6,0,BAAB,3,A,linear,262144,mixed,2026082901,1,8,VALID,,False,0,False,524084,21fc62b48ab2a3a5,528ae490751b6dcb,0144d4ef720e2f721643a00f3b5d4775b65d753c34781efe6c1e7b714d9dd4a9,0144d4ef720e2f721643a00f3b5d4775b65d753c34781efe6c1e7b714d9dd4a9,raw/attempts/main-parallel8_linear_n262144-b06-r0-p3-A
main-parallel8_linear_n262144-b06-r0-p4-B,main,parallel8_linear_n262144,6,0,BAAB,4,B,parallel,262144,mixed,2026082901,1,8,VALID,,False,0,False,871459,21fc62b48ab2a3a5,528ae490751b6dcb,0144d4ef720e2f721643a00f3b5d4775b65d753c34781efe6c1e7b714d9dd4a9,0144d4ef720e2f721643a00f3b5d4775b65d753c34781efe6c1e7b714d9dd4a9,raw/attempts/main-parallel8_linear_n262144-b06-r0-p4-B
main-parallel8_linear_n262144-b07-r0-p1-B,main,parallel8_linear_n262144,7,0,BAAB,1,B,parallel,262144,mixed,2026082901,1,8,VALID,,False,0,False,541125,21fc62b48ab2a3a5,528ae490751b6dcb,0144d4ef720e2f721643a00f3b5d4775b65d753c34781efe6c1e7b714d9dd4a9,0144d4ef720e2f721643a00f3b5d4775b65d753c34781efe6c1e7b714d9dd4a9,raw/attempts/main-parallel8_linear_n262144-b07-r0-p1-B
main-parallel8_linear_n262144-b07-r0-p2-A,main,parallel8_linear_n262144,7,0,BAAB,2,A,linear,262144,mixed,2026082901,1,8,VALID,,False,0,False,217125,21fc62b48ab2a3a5,528ae490751b6dcb,0144d4ef720e2f721643a00f3b5d4775b65d753c34781efe6c1e7b714d9dd4a9,0144d4ef720e2f721643a00f3b5d4775b65d753c34781efe6c1e7b714d9dd4a9,raw/attempts/main-parallel8_linear_n262144-b07-r0-p2-A
main-parallel8_linear_n262144-b07-r0-p3-A,main,parallel8_linear_n262144,7,0,BAAB,3,A,linear,262144,mixed,2026082901,1,8,VALID,,False,0,False,519667,21fc62b48ab2a3a5,528ae490751b6dcb,0144d4ef720e2f721643a00f3b5d4775b65d753c34781efe6c1e7b714d9dd4a9,0144d4ef720e2f721643a00f3b5d4775b65d753c34781efe6c1e7b714d9dd4a9,raw/attempts/main-parallel8_linear_n262144-b07-r0-p3-A
main-parallel8_linear_n262144-b07-r0-p4-B,main,parallel8_linear_n262144,7,0,BAAB,4,B,parallel,262144,mixed,2026082901,1,8,VALID,,False,0,False,513958,21fc62b48ab2a3a5,528ae490751b6dcb,0144d4ef720e2f721643a00f3b5d4775b65d753c34781efe6c1e7b714d9dd4a9,0144d4ef720e2f721643a00f3b5d4775b65d753c34781efe6c1e7b714d9dd4a9,raw/attempts/main-parallel8_linear_n262144-b07-r0-p4-B
main-parallel8_linear_n262144-b08-r0-p1-B,main,parallel8_linear_n262144,8,0,BAAB,1,B,parallel,262144,mixed,2026082901,1,8,VALID,,False,0,False,497542,21fc62b48ab2a3a5,528ae490751b6dcb,0144d4ef720e2f721643a00f3b5d4775b65d753c34781efe6c1e7b714d9dd4a9,0144d4ef720e2f721643a00f3b5d4775b65d753c34781efe6c1e7b714d9dd4a9,raw/attempts/main-parallel8_linear_n262144-b08-r0-p1-B
main-parallel8_linear_n262144-b08-r0-p2-A,main,parallel8_linear_n262144,8,0,BAAB,2,A,linear,262144,mixed,2026082901,1,8,VALID,,False,0,False,142375,21fc62b48ab2a3a5,528ae490751b6dcb,0144d4ef720e2f721643a00f3b5d4775b65d753c34781efe6c1e7b714d9dd4a9,0144d4ef720e2f721643a00f3b5d4775b65d753c34781efe6c1e7b714d9dd4a9,raw/attempts/main-parallel8_linear_n262144-b08-r0-p2-A
main-parallel8_linear_n262144-b08-r0-p3-A,main,parallel8_linear_n262144,8,0,BAAB,3,A,linear,262144,mixed,2026082901,1,8,VALID,,False,0,False,350500,21fc62b48ab2a3a5,528ae490751b6dcb,0144d4ef720e2f721643a00f3b5d4775b65d753c34781efe6c1e7b714d9dd4a9,0144d4ef720e2f721643a00f3b5d4775b65d753c34781efe6c1e7b714d9dd4a9,raw/attempts/main-parallel8_linear_n262144-b08-r0-p3-A
main-parallel8_linear_n262144-b08-r0-p4-B,main,parallel8_linear_n262144,8,0,BAAB,4,B,parallel,262144,mixed,2026082901,1,8,VALID,,False,0,False,458875,21fc62b48ab2a3a5,528ae490751b6dcb,0144d4ef720e2f721643a00f3b5d4775b65d753c34781efe6c1e7b714d9dd4a9,0144d4ef720e2f721643a00f3b5d4775b65d753c34781efe6c1e7b714d9dd4a9,raw/attempts/main-parallel8_linear_n262144-b08-r0-p4-B
main-parallel8_linear_n262144-b09-r0-p1-A,main,parallel8_linear_n262144,9,0,ABBA,1,A,linear,262144,mixed,2026082901,1,8,VALID,,False,0,False,520500,21fc62b48ab2a3a5,528ae490751b6dcb,0144d4ef720e2f721643a00f3b5d4775b65d753c34781efe6c1e7b714d9dd4a9,0144d4ef720e2f721643a00f3b5d4775b65d753c34781efe6c1e7b714d9dd4a9,raw/attempts/main-parallel8_linear_n262144-b09-r0-p1-A
main-parallel8_linear_n262144-b09-r0-p2-B,main,parallel8_linear_n262144,9,0,ABBA,2,B,parallel,262144,mixed,2026082901,1,8,VALID,,False,0,False,427541,21fc62b48ab2a3a5,528ae490751b6dcb,0144d4ef720e2f721643a00f3b5d4775b65d753c34781efe6c1e7b714d9dd4a9,0144d4ef720e2f721643a00f3b5d4775b65d753c34781efe6c1e7b714d9dd4a9,raw/attempts/main-parallel8_linear_n262144-b09-r0-p2-B
main-parallel8_linear_n262144-b09-r0-p3-B,main,parallel8_linear_n262144,9,0,ABBA,3,B,parallel,262144,mixed,2026082901,1,8,VALID,,False,0,False,476833,21fc62b48ab2a3a5,528ae490751b6dcb,0144d4ef720e2f721643a00f3b5d4775b65d753c34781efe6c1e7b714d9dd4a9,0144d4ef720e2f721643a00f3b5d4775b65d753c34781efe6c1e7b714d9dd4a9,raw/attempts/main-parallel8_linear_n262144-b09-r0-p3-B
main-parallel8_linear_n262144-b09-r0-p4-A,main,parallel8_linear_n262144,9,0,ABBA,4,A,linear,262144,mixed,2026082901,1,8,VALID,,False,0,False,449292,21fc62b48ab2a3a5,528ae490751b6dcb,0144d4ef720e2f721643a00f3b5d4775b65d753c34781efe6c1e7b714d9dd4a9,0144d4ef720e2f721643a00f3b5d4775b65d753c34781efe6c1e7b714d9dd4a9,raw/attempts/main-parallel8_linear_n262144-b09-r0-p4-A
main-parallel8_linear_n262144-b10-r0-p1-A,main,parallel8_linear_n262144,10,0,ABBA,1,A,linear,262144,mixed,2026082901,1,8,VALID,,False,0,False,498917,21fc62b48ab2a3a5,528ae490751b6dcb,0144d4ef720e2f721643a00f3b5d4775b65d753c34781efe6c1e7b714d9dd4a9,0144d4ef720e2f721643a00f3b5d4775b65d753c34781efe6c1e7b714d9dd4a9,raw/attempts/main-parallel8_linear_n262144-b10-r0-p1-A
main-parallel8_linear_n262144-b10-r0-p2-B,main,parallel8_linear_n262144,10,0,ABBA,2,B,parallel,262144,mixed,2026082901,1,8,VALID,,False,0,False,444625,21fc62b48ab2a3a5,528ae490751b6dcb,0144d4ef720e2f721643a00f3b5d4775b65d753c34781efe6c1e7b714d9dd4a9,0144d4ef720e2f721643a00f3b5d4775b65d753c34781efe6c1e7b714d9dd4a9,raw/attempts/main-parallel8_linear_n262144-b10-r0-p2-B
main-parallel8_linear_n262144-b10-r0-p3-B,main,parallel8_linear_n262144,10,0,ABBA,3,B,parallel,262144,mixed,2026082901,1,8,VALID,,False,0,False,482458,21fc62b48ab2a3a5,528ae490751b6dcb,0144d4ef720e2f721643a00f3b5d4775b65d753c34781efe6c1e7b714d9dd4a9,0144d4ef720e2f721643a00f3b5d4775b65d753c34781efe6c1e7b714d9dd4a9,raw/attempts/main-parallel8_linear_n262144-b10-r0-p3-B
main-parallel8_linear_n262144-b10-r0-p4-A,main,parallel8_linear_n262144,10,0,ABBA,4,A,linear,262144,mixed,2026082901,1,8,VALID,,False,0,False,145875,21fc62b48ab2a3a5,528ae490751b6dcb,0144d4ef720e2f721643a00f3b5d4775b65d753c34781efe6c1e7b714d9dd4a9,0144d4ef720e2f721643a00f3b5d4775b65d753c34781efe6c1e7b714d9dd4a9,raw/attempts/main-parallel8_linear_n262144-b10-r0-p4-A
main-parallel8_linear_n262144-b11-r0-p1-A,main,parallel8_linear_n262144,11,0,ABBA,1,A,linear,262144,mixed,2026082901,1,8,VALID,,False,0,False,497459,21fc62b48ab2a3a5,528ae490751b6dcb,0144d4ef720e2f721643a00f3b5d4775b65d753c34781efe6c1e7b714d9dd4a9,0144d4ef720e2f721643a00f3b5d4775b65d753c34781efe6c1e7b714d9dd4a9,raw/attempts/main-parallel8_linear_n262144-b11-r0-p1-A
main-parallel8_linear_n262144-b11-r0-p2-B,main,parallel8_linear_n262144,11,0,ABBA,2,B,parallel,262144,mixed,2026082901,1,8,VALID,,False,0,False,449667,21fc62b48ab2a3a5,528ae490751b6dcb,0144d4ef720e2f721643a00f3b5d4775b65d753c34781efe6c1e7b714d9dd4a9,0144d4ef720e2f721643a00f3b5d4775b65d753c34781efe6c1e7b714d9dd4a9,raw/attempts/main-parallel8_linear_n262144-b11-r0-p2-B
main-parallel8_linear_n262144-b11-r0-p3-B,main,parallel8_linear_n262144,11,0,ABBA,3,B,parallel,262144,mixed,2026082901,1,8,VALID,,False,0,False,500959,21fc62b48ab2a3a5,528ae490751b6dcb,0144d4ef720e2f721643a00f3b5d4775b65d753c34781efe6c1e7b714d9dd4a9,0144d4ef720e2f721643a00f3b5d4775b65d753c34781efe6c1e7b714d9dd4a9,raw/attempts/main-parallel8_linear_n262144-b11-r0-p3-B
main-parallel8_linear_n262144-b11-r0-p4-A,main,parallel8_linear_n262144,11,0,ABBA,4,A,linear,262144,mixed,2026082901,1,8,VALID,,False,0,False,312750,21fc62b48ab2a3a5,528ae490751b6dcb,0144d4ef720e2f721643a00f3b5d4775b65d753c34781efe6c1e7b714d9dd4a9,0144d4ef720e2f721643a00f3b5d4775b65d753c34781efe6c1e7b714d9dd4a9,raw/attempts/main-parallel8_linear_n262144-b11-r0-p4-A
main-parallel8_linear_n262144-b12-r0-p1-A,main,parallel8_linear_n262144,12,0,ABBA,1,A,linear,262144,mixed,2026082901,1,8,VALID,,False,0,False,503291,21fc62b48ab2a3a5,528ae490751b6dcb,0144d4ef720e2f721643a00f3b5d4775b65d753c34781efe6c1e7b714d9dd4a9,0144d4ef720e2f721643a00f3b5d4775b65d753c34781efe6c1e7b714d9dd4a9,raw/attempts/main-parallel8_linear_n262144-b12-r0-p1-A
main-parallel8_linear_n262144-b12-r0-p2-B,main,parallel8_linear_n262144,12,0,ABBA,2,B,parallel,262144,mixed,2026082901,1,8,VALID,,False,0,False,513334,21fc62b48ab2a3a5,528ae490751b6dcb,0144d4ef720e2f721643a00f3b5d4775b65d753c34781efe6c1e7b714d9dd4a9,0144d4ef720e2f721643a00f3b5d4775b65d753c34781efe6c1e7b714d9dd4a9,raw/attempts/main-parallel8_linear_n262144-b12-r0-p2-B
main-parallel8_linear_n262144-b12-r0-p3-B,main,parallel8_linear_n262144,12,0,ABBA,3,B,parallel,262144,mixed,2026082901,1,8,VALID,,False,0,False,447542,21fc62b48ab2a3a5,528ae490751b6dcb,0144d4ef720e2f721643a00f3b5d4775b65d753c34781efe6c1e7b714d9dd4a9,0144d4ef720e2f721643a00f3b5d4775b65d753c34781efe6c1e7b714d9dd4a9,raw/attempts/main-parallel8_linear_n262144-b12-r0-p3-B
main-parallel8_linear_n262144-b12-r0-p4-A,main,parallel8_linear_n262144,12,0,ABBA,4,A,linear,262144,mixed,2026082901,1,8,VALID,,False,0,False,518208,21fc62b48ab2a3a5,528ae490751b6dcb,0144d4ef720e2f721643a00f3b5d4775b65d753c34781efe6c1e7b714d9dd4a9,0144d4ef720e2f721643a00f3b5d4775b65d753c34781efe6c1e7b714d9dd4a9,raw/attempts/main-parallel8_linear_n262144-b12-r0-p4-A
main-parallel2_linear_n4194304-b01-r0-p1-B,main,parallel2_linear_n4194304,1,0,BAAB,1,B,parallel,4194304,mixed,2026082901,1,2,VALID,,False,0,False,5374333,fcb14a3d4db7d7be,fc85f7a4255832b3,0144d4ef720e2f721643a00f3b5d4775b65d753c34781efe6c1e7b714d9dd4a9,0144d4ef720e2f721643a00f3b5d4775b65d753c34781efe6c1e7b714d9dd4a9,raw/attempts/main-parallel2_linear_n4194304-b01-r0-p1-B
main-parallel2_linear_n4194304-b01-r0-p2-A,main,parallel2_linear_n4194304,1,0,BAAB,2,A,linear,4194304,mixed,2026082901,1,2,VALID,,False,0,False,5331583,fcb14a3d4db7d7be,fc85f7a4255832b3,0144d4ef720e2f721643a00f3b5d4775b65d753c34781efe6c1e7b714d9dd4a9,0144d4ef720e2f721643a00f3b5d4775b65d753c34781efe6c1e7b714d9dd4a9,raw/attempts/main-parallel2_linear_n4194304-b01-r0-p2-A
main-parallel2_linear_n4194304-b01-r0-p3-A,main,parallel2_linear_n4194304,1,0,BAAB,3,A,linear,4194304,mixed,2026082901,1,2,VALID,,False,0,False,4539625,fcb14a3d4db7d7be,fc85f7a4255832b3,0144d4ef720e2f721643a00f3b5d4775b65d753c34781efe6c1e7b714d9dd4a9,0144d4ef720e2f721643a00f3b5d4775b65d753c34781efe6c1e7b714d9dd4a9,raw/attempts/main-parallel2_linear_n4194304-b01-r0-p3-A
main-parallel2_linear_n4194304-b01-r0-p4-B,main,parallel2_linear_n4194304,1,0,BAAB,4,B,parallel,4194304,mixed,2026082901,1,2,VALID,,False,0,False,6231833,fcb14a3d4db7d7be,fc85f7a4255832b3,0144d4ef720e2f721643a00f3b5d4775b65d753c34781efe6c1e7b714d9dd4a9,0144d4ef720e2f721643a00f3b5d4775b65d753c34781efe6c1e7b714d9dd4a9,raw/attempts/main-parallel2_linear_n4194304-b01-r0-p4-B
main-parallel2_linear_n4194304-b02-r0-p1-B,main,parallel2_linear_n4194304,2,0,BAAB,1,B,parallel,4194304,mixed,2026082901,1,2,VALID,,False,0,False,5573125,fcb14a3d4db7d7be,fc85f7a4255832b3,0144d4ef720e2f721643a00f3b5d4775b65d753c34781efe6c1e7b714d9dd4a9,0144d4ef720e2f721643a00f3b5d4775b65d753c34781efe6c1e7b714d9dd4a9,raw/attempts/main-parallel2_linear_n4194304-b02-r0-p1-B
main-parallel2_linear_n4194304-b02-r0-p2-A,main,parallel2_linear_n4194304,2,0,BAAB,2,A,linear,4194304,mixed,2026082901,1,2,VALID,,False,0,False,6522625,fcb14a3d4db7d7be,fc85f7a4255832b3,0144d4ef720e2f721643a00f3b5d4775b65d753c34781efe6c1e7b714d9dd4a9,0144d4ef720e2f721643a00f3b5d4775b65d753c34781efe6c1e7b714d9dd4a9,raw/attempts/main-parallel2_linear_n4194304-b02-r0-p2-A
main-parallel2_linear_n4194304-b02-r0-p3-A,main,parallel2_linear_n4194304,2,0,BAAB,3,A,linear,4194304,mixed,2026082901,1,2,VALID,,False,0,False,5339375,fcb14a3d4db7d7be,fc85f7a4255832b3,0144d4ef720e2f721643a00f3b5d4775b65d753c34781efe6c1e7b714d9dd4a9,0144d4ef720e2f721643a00f3b5d4775b65d753c34781efe6c1e7b714d9dd4a9,raw/attempts/main-parallel2_linear_n4194304-b02-r0-p3-A
main-parallel2_linear_n4194304-b02-r0-p4-B,main,parallel2_linear_n4194304,2,0,BAAB,4,B,parallel,4194304,mixed,2026082901,1,2,VALID,,False,0,False,5441833,fcb14a3d4db7d7be,fc85f7a4255832b3,0144d4ef720e2f721643a00f3b5d4775b65d753c34781efe6c1e7b714d9dd4a9,0144d4ef720e2f721643a00f3b5d4775b65d753c34781efe6c1e7b714d9dd4a9,raw/attempts/main-parallel2_linear_n4194304-b02-r0-p4-B
main-parallel2_linear_n4194304-b03-r0-p1-A,main,parallel2_linear_n4194304,3,0,ABBA,1,A,linear,4194304,mixed,2026082901,1,2,VALID,,False,0,False,4023500,fcb14a3d4db7d7be,fc85f7a4255832b3,0144d4ef720e2f721643a00f3b5d4775b65d753c34781efe6c1e7b714d9dd4a9,0144d4ef720e2f721643a00f3b5d4775b65d753c34781efe6c1e7b714d9dd4a9,raw/attempts/main-parallel2_linear_n4194304-b03-r0-p1-A
main-parallel2_linear_n4194304-b03-r0-p2-B,main,parallel2_linear_n4194304,3,0,ABBA,2,B,parallel,4194304,mixed,2026082901,1,2,VALID,,False,0,False,4623875,fcb14a3d4db7d7be,fc85f7a4255832b3,0144d4ef720e2f721643a00f3b5d4775b65d753c34781efe6c1e7b714d9dd4a9,0144d4ef720e2f721643a00f3b5d4775b65d753c34781efe6c1e7b714d9dd4a9,raw/attempts/main-parallel2_linear_n4194304-b03-r0-p2-B
main-parallel2_linear_n4194304-b03-r0-p3-B,main,parallel2_linear_n4194304,3,0,ABBA,3,B,parallel,4194304,mixed,2026082901,1,2,VALID,,False,0,False,5382334,fcb14a3d4db7d7be,fc85f7a4255832b3,0144d4ef720e2f721643a00f3b5d4775b65d753c34781efe6c1e7b714d9dd4a9,0144d4ef720e2f721643a00f3b5d4775b65d753c34781efe6c1e7b714d9dd4a9,raw/attempts/main-parallel2_linear_n4194304-b03-r0-p3-B
main-parallel2_linear_n4194304-b03-r0-p4-A,main,parallel2_linear_n4194304,3,0,ABBA,4,A,linear,4194304,mixed,2026082901,1,2,VALID,,False,0,False,3188167,fcb14a3d4db7d7be,fc85f7a4255832b3,0144d4ef720e2f721643a00f3b5d4775b65d753c34781efe6c1e7b714d9dd4a9,0144d4ef720e2f721643a00f3b5d4775b65d753c34781efe6c1e7b714d9dd4a9,raw/attempts/main-parallel2_linear_n4194304-b03-r0-p4-A
main-parallel2_linear_n4194304-b04-r0-p1-B,main,parallel2_linear_n4194304,4,0,BAAB,1,B,parallel,4194304,mixed,2026082901,1,2,VALID,,False,0,False,5198708,fcb14a3d4db7d7be,fc85f7a4255832b3,0144d4ef720e2f721643a00f3b5d4775b65d753c34781efe6c1e7b714d9dd4a9,0144d4ef720e2f721643a00f3b5d4775b65d753c34781efe6c1e7b714d9dd4a9,raw/attempts/main-parallel2_linear_n4194304-b04-r0-p1-B
main-parallel2_linear_n4194304-b04-r0-p2-A,main,parallel2_linear_n4194304,4,0,BAAB,2,A,linear,4194304,mixed,2026082901,1,2,VALID,,False,0,False,3507417,fcb14a3d4db7d7be,fc85f7a4255832b3,0144d4ef720e2f721643a00f3b5d4775b65d753c34781efe6c1e7b714d9dd4a9,0144d4ef720e2f721643a00f3b5d4775b65d753c34781efe6c1e7b714d9dd4a9,raw/attempts/main-parallel2_linear_n4194304-b04-r0-p2-A
main-parallel2_linear_n4194304-b04-r0-p3-A,main,parallel2_linear_n4194304,4,0,BAAB,3,A,linear,4194304,mixed,2026082901,1,2,VALID,,False,0,False,8484500,fcb14a3d4db7d7be,fc85f7a4255832b3,0144d4ef720e2f721643a00f3b5d4775b65d753c34781efe6c1e7b714d9dd4a9,0144d4ef720e2f721643a00f3b5d4775b65d753c34781efe6c1e7b714d9dd4a9,raw/attempts/main-parallel2_linear_n4194304-b04-r0-p3-A
main-parallel2_linear_n4194304-b04-r0-p4-B,main,parallel2_linear_n4194304,4,0,BAAB,4,B,parallel,4194304,mixed,2026082901,1,2,VALID,,False,0,False,5548708,fcb14a3d4db7d7be,fc85f7a4255832b3,0144d4ef720e2f721643a00f3b5d4775b65d753c34781efe6c1e7b714d9dd4a9,0144d4ef720e2f721643a00f3b5d4775b65d753c34781efe6c1e7b714d9dd4a9,raw/attempts/main-parallel2_linear_n4194304-b04-r0-p4-B
main-parallel2_linear_n4194304-b05-r0-p1-B,main,parallel2_linear_n4194304,5,0,BAAB,1,B,parallel,4194304,mixed,2026082901,1,2,VALID,,False,0,False,4112166,fcb14a3d4db7d7be,fc85f7a4255832b3,0144d4ef720e2f721643a00f3b5d4775b65d753c34781efe6c1e7b714d9dd4a9,0144d4ef720e2f721643a00f3b5d4775b65d753c34781efe6c1e7b714d9dd4a9,raw/attempts/main-parallel2_linear_n4194304-b05-r0-p1-B
main-parallel2_linear_n4194304-b05-r0-p2-A,main,parallel2_linear_n4194304,5,0,BAAB,2,A,linear,4194304,mixed,2026082901,1,2,VALID,,False,0,False,5480833,fcb14a3d4db7d7be,fc85f7a4255832b3,0144d4ef720e2f721643a00f3b5d4775b65d753c34781efe6c1e7b714d9dd4a9,0144d4ef720e2f721643a00f3b5d4775b65d753c34781efe6c1e7b714d9dd4a9,raw/attempts/main-parallel2_linear_n4194304-b05-r0-p2-A
main-parallel2_linear_n4194304-b05-r0-p3-A,main,parallel2_linear_n4194304,5,0,BAAB,3,A,linear,4194304,mixed,2026082901,1,2,VALID,,False,0,False,4068333,fcb14a3d4db7d7be,fc85f7a4255832b3,0144d4ef720e2f721643a00f3b5d4775b65d753c34781efe6c1e7b714d9dd4a9,0144d4ef720e2f721643a00f3b5d4775b65d753c34781efe6c1e7b714d9dd4a9,raw/attempts/main-parallel2_linear_n4194304-b05-r0-p3-A
main-parallel2_linear_n4194304-b05-r0-p4-B,main,parallel2_linear_n4194304,5,0,BAAB,4,B,parallel,4194304,mixed,2026082901,1,2,VALID,,False,0,False,5849375,fcb14a3d4db7d7be,fc85f7a4255832b3,0144d4ef720e2f721643a00f3b5d4775b65d753c34781efe6c1e7b714d9dd4a9,0144d4ef720e2f721643a00f3b5d4775b65d753c34781efe6c1e7b714d9dd4a9,raw/attempts/main-parallel2_linear_n4194304-b05-r0-p4-B
main-parallel2_linear_n4194304-b06-r0-p1-A,main,parallel2_linear_n4194304,6,0,ABBA,1,A,linear,4194304,mixed,2026082901,1,2,VALID,,False,0,False,5203125,fcb14a3d4db7d7be,fc85f7a4255832b3,0144d4ef720e2f721643a00f3b5d4775b65d753c34781efe6c1e7b714d9dd4a9,0144d4ef720e2f721643a00f3b5d4775b65d753c34781efe6c1e7b714d9dd4a9,raw/attempts/main-parallel2_linear_n4194304-b06-r0-p1-A
main-parallel2_linear_n4194304-b06-r0-p2-B,main,parallel2_linear_n4194304,6,0,ABBA,2,B,parallel,4194304,mixed,2026082901,1,2,VALID,,False,0,False,4494750,fcb14a3d4db7d7be,fc85f7a4255832b3,0144d4ef720e2f721643a00f3b5d4775b65d753c34781efe6c1e7b714d9dd4a9,0144d4ef720e2f721643a00f3b5d4775b65d753c34781efe6c1e7b714d9dd4a9,raw/attempts/main-parallel2_linear_n4194304-b06-r0-p2-B
main-parallel2_linear_n4194304-b06-r0-p3-B,main,parallel2_linear_n4194304,6,0,ABBA,3,B,parallel,4194304,mixed,2026082901,1,2,VALID,,False,0,False,5821417,fcb14a3d4db7d7be,fc85f7a4255832b3,0144d4ef720e2f721643a00f3b5d4775b65d753c34781efe6c1e7b714d9dd4a9,0144d4ef720e2f721643a00f3b5d4775b65d753c34781efe6c1e7b714d9dd4a9,raw/attempts/main-parallel2_linear_n4194304-b06-r0-p3-B
main-parallel2_linear_n4194304-b06-r0-p4-A,main,parallel2_linear_n4194304,6,0,ABBA,4,A,linear,4194304,mixed,2026082901,1,2,VALID,,False,0,False,3711250,fcb14a3d4db7d7be,fc85f7a4255832b3,0144d4ef720e2f721643a00f3b5d4775b65d753c34781efe6c1e7b714d9dd4a9,0144d4ef720e2f721643a00f3b5d4775b65d753c34781efe6c1e7b714d9dd4a9,raw/attempts/main-parallel2_linear_n4194304-b06-r0-p4-A
main-parallel2_linear_n4194304-b07-r0-p1-A,main,parallel2_linear_n4194304,7,0,ABBA,1,A,linear,4194304,mixed,2026082901,1,2,VALID,,False,0,False,4308083,fcb14a3d4db7d7be,fc85f7a4255832b3,0144d4ef720e2f721643a00f3b5d4775b65d753c34781efe6c1e7b714d9dd4a9,0144d4ef720e2f721643a00f3b5d4775b65d753c34781efe6c1e7b714d9dd4a9,raw/attempts/main-parallel2_linear_n4194304-b07-r0-p1-A
main-parallel2_linear_n4194304-b07-r0-p2-B,main,parallel2_linear_n4194304,7,0,ABBA,2,B,parallel,4194304,mixed,2026082901,1,2,VALID,,False,0,False,5846542,fcb14a3d4db7d7be,fc85f7a4255832b3,0144d4ef720e2f721643a00f3b5d4775b65d753c34781efe6c1e7b714d9dd4a9,0144d4ef720e2f721643a00f3b5d4775b65d753c34781efe6c1e7b714d9dd4a9,raw/attempts/main-parallel2_linear_n4194304-b07-r0-p2-B
main-parallel2_linear_n4194304-b07-r0-p3-B,main,parallel2_linear_n4194304,7,0,ABBA,3,B,parallel,4194304,mixed,2026082901,1,2,VALID,,False,0,False,5681667,fcb14a3d4db7d7be,fc85f7a4255832b3,0144d4ef720e2f721643a00f3b5d4775b65d753c34781efe6c1e7b714d9dd4a9,0144d4ef720e2f721643a00f3b5d4775b65d753c34781efe6c1e7b714d9dd4a9,raw/attempts/main-parallel2_linear_n4194304-b07-r0-p3-B
main-parallel2_linear_n4194304-b07-r0-p4-A,main,parallel2_linear_n4194304,7,0,ABBA,4,A,linear,4194304,mixed,2026082901,1,2,VALID,,False,0,False,6981417,fcb14a3d4db7d7be,fc85f7a4255832b3,0144d4ef720e2f721643a00f3b5d4775b65d753c34781efe6c1e7b714d9dd4a9,0144d4ef720e2f721643a00f3b5d4775b65d753c34781efe6c1e7b714d9dd4a9,raw/attempts/main-parallel2_linear_n4194304-b07-r0-p4-A
main-parallel2_linear_n4194304-b08-r0-p1-A,main,parallel2_linear_n4194304,8,0,ABBA,1,A,linear,4194304,mixed,2026082901,1,2,VALID,,False,0,False,7677208,fcb14a3d4db7d7be,fc85f7a4255832b3,0144d4ef720e2f721643a00f3b5d4775b65d753c34781efe6c1e7b714d9dd4a9,0144d4ef720e2f721643a00f3b5d4775b65d753c34781efe6c1e7b714d9dd4a9,raw/attempts/main-parallel2_linear_n4194304-b08-r0-p1-A
main-parallel2_linear_n4194304-b08-r0-p2-B,main,parallel2_linear_n4194304,8,0,ABBA,2,B,parallel,4194304,mixed,2026082901,1,2,VALID,,False,0,False,5680417,fcb14a3d4db7d7be,fc85f7a4255832b3,0144d4ef720e2f721643a00f3b5d4775b65d753c34781efe6c1e7b714d9dd4a9,0144d4ef720e2f721643a00f3b5d4775b65d753c34781efe6c1e7b714d9dd4a9,raw/attempts/main-parallel2_linear_n4194304-b08-r0-p2-B
main-parallel2_linear_n4194304-b08-r0-p3-B,main,parallel2_linear_n4194304,8,0,ABBA,3,B,parallel,4194304,mixed,2026082901,1,2,VALID,,False,0,False,5838250,fcb14a3d4db7d7be,fc85f7a4255832b3,0144d4ef720e2f721643a00f3b5d4775b65d753c34781efe6c1e7b714d9dd4a9,0144d4ef720e2f721643a00f3b5d4775b65d753c34781efe6c1e7b714d9dd4a9,raw/attempts/main-parallel2_linear_n4194304-b08-r0-p3-B
main-parallel2_linear_n4194304-b08-r0-p4-A,main,parallel2_linear_n4194304,8,0,ABBA,4,A,linear,4194304,mixed,2026082901,1,2,VALID,,False,0,False,7741333,fcb14a3d4db7d7be,fc85f7a4255832b3,0144d4ef720e2f721643a00f3b5d4775b65d753c34781efe6c1e7b714d9dd4a9,0144d4ef720e2f721643a00f3b5d4775b65d753c34781efe6c1e7b714d9dd4a9,raw/attempts/main-parallel2_linear_n4194304-b08-r0-p4-A
main-parallel2_linear_n4194304-b09-r0-p1-A,main,parallel2_linear_n4194304,9,0,ABBA,1,A,linear,4194304,mixed,2026082901,1,2,VALID,,False,0,False,4661708,fcb14a3d4db7d7be,fc85f7a4255832b3,0144d4ef720e2f721643a00f3b5d4775b65d753c34781efe6c1e7b714d9dd4a9,0144d4ef720e2f721643a00f3b5d4775b65d753c34781efe6c1e7b714d9dd4a9,raw/attempts/main-parallel2_linear_n4194304-b09-r0-p1-A
main-parallel2_linear_n4194304-b09-r0-p2-B,main,parallel2_linear_n4194304,9,0,ABBA,2,B,parallel,4194304,mixed,2026082901,1,2,VALID,,False,0,False,5608833,fcb14a3d4db7d7be,fc85f7a4255832b3,0144d4ef720e2f721643a00f3b5d4775b65d753c34781efe6c1e7b714d9dd4a9,0144d4ef720e2f721643a00f3b5d4775b65d753c34781efe6c1e7b714d9dd4a9,raw/attempts/main-parallel2_linear_n4194304-b09-r0-p2-B
main-parallel2_linear_n4194304-b09-r0-p3-B,main,parallel2_linear_n4194304,9,0,ABBA,3,B,parallel,4194304,mixed,2026082901,1,2,VALID,,False,0,False,5823125,fcb14a3d4db7d7be,fc85f7a4255832b3,0144d4ef720e2f721643a00f3b5d4775b65d753c34781efe6c1e7b714d9dd4a9,0144d4ef720e2f721643a00f3b5d4775b65d753c34781efe6c1e7b714d9dd4a9,raw/attempts/main-parallel2_linear_n4194304-b09-r0-p3-B
main-parallel2_linear_n4194304-b09-r0-p4-A,main,parallel2_linear_n4194304,9,0,ABBA,4,A,linear,4194304,mixed,2026082901,1,2,VALID,,False,0,False,3697583,fcb14a3d4db7d7be,fc85f7a4255832b3,0144d4ef720e2f721643a00f3b5d4775b65d753c34781efe6c1e7b714d9dd4a9,0144d4ef720e2f721643a00f3b5d4775b65d753c34781efe6c1e7b714d9dd4a9,raw/attempts/main-parallel2_linear_n4194304-b09-r0-p4-A
main-parallel2_linear_n4194304-b10-r0-p1-B,main,parallel2_linear_n4194304,10,0,BAAB,1,B,parallel,4194304,mixed,2026082901,1,2,VALID,,False,0,False,4370542,fcb14a3d4db7d7be,fc85f7a4255832b3,0144d4ef720e2f721643a00f3b5d4775b65d753c34781efe6c1e7b714d9dd4a9,0144d4ef720e2f721643a00f3b5d4775b65d753c34781efe6c1e7b714d9dd4a9,raw/attempts/main-parallel2_linear_n4194304-b10-r0-p1-B
main-parallel2_linear_n4194304-b10-r0-p2-A,main,parallel2_linear_n4194304,10,0,BAAB,2,A,linear,4194304,mixed,2026082901,1,2,VALID,,False,0,False,3544917,fcb14a3d4db7d7be,fc85f7a4255832b3,0144d4ef720e2f721643a00f3b5d4775b65d753c34781efe6c1e7b714d9dd4a9,0144d4ef720e2f721643a00f3b5d4775b65d753c34781efe6c1e7b714d9dd4a9,raw/attempts/main-parallel2_linear_n4194304-b10-r0-p2-A
main-parallel2_linear_n4194304-b10-r0-p3-A,main,parallel2_linear_n4194304,10,0,BAAB,3,A,linear,4194304,mixed,2026082901,1,2,VALID,,False,0,False,4620292,fcb14a3d4db7d7be,fc85f7a4255832b3,0144d4ef720e2f721643a00f3b5d4775b65d753c34781efe6c1e7b714d9dd4a9,0144d4ef720e2f721643a00f3b5d4775b65d753c34781efe6c1e7b714d9dd4a9,raw/attempts/main-parallel2_linear_n4194304-b10-r0-p3-A
main-parallel2_linear_n4194304-b10-r0-p4-B,main,parallel2_linear_n4194304,10,0,BAAB,4,B,parallel,4194304,mixed,2026082901,1,2,VALID,,False,0,False,5292458,fcb14a3d4db7d7be,fc85f7a4255832b3,0144d4ef720e2f721643a00f3b5d4775b65d753c34781efe6c1e7b714d9dd4a9,0144d4ef720e2f721643a00f3b5d4775b65d753c34781efe6c1e7b714d9dd4a9,raw/attempts/main-parallel2_linear_n4194304-b10-r0-p4-B
main-parallel2_linear_n4194304-b11-r0-p1-B,main,parallel2_linear_n4194304,11,0,BAAB,1,B,parallel,4194304,mixed,2026082901,1,2,VALID,,False,0,False,4690417,fcb14a3d4db7d7be,fc85f7a4255832b3,0144d4ef720e2f721643a00f3b5d4775b65d753c34781efe6c1e7b714d9dd4a9,0144d4ef720e2f721643a00f3b5d4775b65d753c34781efe6c1e7b714d9dd4a9,raw/attempts/main-parallel2_linear_n4194304-b11-r0-p1-B
main-parallel2_linear_n4194304-b11-r0-p2-A,main,parallel2_linear_n4194304,11,0,BAAB,2,A,linear,4194304,mixed,2026082901,1,2,VALID,,False,0,False,4954750,fcb14a3d4db7d7be,fc85f7a4255832b3,0144d4ef720e2f721643a00f3b5d4775b65d753c34781efe6c1e7b714d9dd4a9,0144d4ef720e2f721643a00f3b5d4775b65d753c34781efe6c1e7b714d9dd4a9,raw/attempts/main-parallel2_linear_n4194304-b11-r0-p2-A
main-parallel2_linear_n4194304-b11-r0-p3-A,main,parallel2_linear_n4194304,11,0,BAAB,3,A,linear,4194304,mixed,2026082901,1,2,VALID,,False,0,False,4311250,fcb14a3d4db7d7be,fc85f7a4255832b3,0144d4ef720e2f721643a00f3b5d4775b65d753c34781efe6c1e7b714d9dd4a9,0144d4ef720e2f721643a00f3b5d4775b65d753c34781efe6c1e7b714d9dd4a9,raw/attempts/main-parallel2_linear_n4194304-b11-r0-p3-A
main-parallel2_linear_n4194304-b11-r0-p4-B,main,parallel2_linear_n4194304,11,0,BAAB,4,B,parallel,4194304,mixed,2026082901,1,2,VALID,,False,0,False,5570875,fcb14a3d4db7d7be,fc85f7a4255832b3,0144d4ef720e2f721643a00f3b5d4775b65d753c34781efe6c1e7b714d9dd4a9,0144d4ef720e2f721643a00f3b5d4775b65d753c34781efe6c1e7b714d9dd4a9,raw/attempts/main-parallel2_linear_n4194304-b11-r0-p4-B
main-parallel2_linear_n4194304-b12-r0-p1-A,main,parallel2_linear_n4194304,12,0,ABBA,1,A,linear,4194304,mixed,2026082901,1,2,VALID,,False,0,False,7232166,fcb14a3d4db7d7be,fc85f7a4255832b3,0144d4ef720e2f721643a00f3b5d4775b65d753c34781efe6c1e7b714d9dd4a9,0144d4ef720e2f721643a00f3b5d4775b65d753c34781efe6c1e7b714d9dd4a9,raw/attempts/main-parallel2_linear_n4194304-b12-r0-p1-A
main-parallel2_linear_n4194304-b12-r0-p2-B,main,parallel2_linear_n4194304,12,0,ABBA,2,B,parallel,4194304,mixed,2026082901,1,2,VALID,,False,0,False,4770625,fcb14a3d4db7d7be,fc85f7a4255832b3,0144d4ef720e2f721643a00f3b5d4775b65d753c34781efe6c1e7b714d9dd4a9,0144d4ef720e2f721643a00f3b5d4775b65d753c34781efe6c1e7b714d9dd4a9,raw/attempts/main-parallel2_linear_n4194304-b12-r0-p2-B
main-parallel2_linear_n4194304-b12-r0-p3-B,main,parallel2_linear_n4194304,12,0,ABBA,3,B,parallel,4194304,mixed,2026082901,1,2,VALID,,False,0,False,5538458,fcb14a3d4db7d7be,fc85f7a4255832b3,0144d4ef720e2f721643a00f3b5d4775b65d753c34781efe6c1e7b714d9dd4a9,0144d4ef720e2f721643a00f3b5d4775b65d753c34781efe6c1e7b714d9dd4a9,raw/attempts/main-parallel2_linear_n4194304-b12-r0-p3-B
main-parallel2_linear_n4194304-b12-r0-p4-A,main,parallel2_linear_n4194304,12,0,ABBA,4,A,linear,4194304,mixed,2026082901,1,2,VALID,,False,0,False,3671916,fcb14a3d4db7d7be,fc85f7a4255832b3,0144d4ef720e2f721643a00f3b5d4775b65d753c34781efe6c1e7b714d9dd4a9,0144d4ef720e2f721643a00f3b5d4775b65d753c34781efe6c1e7b714d9dd4a9,raw/attempts/main-parallel2_linear_n4194304-b12-r0-p4-A
main-parallel4_linear_n4194304-b01-r0-p1-A,main,parallel4_linear_n4194304,1,0,ABBA,1,A,linear,4194304,mixed,2026082901,1,4,VALID,,False,0,False,3852708,fcb14a3d4db7d7be,fc85f7a4255832b3,0144d4ef720e2f721643a00f3b5d4775b65d753c34781efe6c1e7b714d9dd4a9,0144d4ef720e2f721643a00f3b5d4775b65d753c34781efe6c1e7b714d9dd4a9,raw/attempts/main-parallel4_linear_n4194304-b01-r0-p1-A
main-parallel4_linear_n4194304-b01-r0-p2-B,main,parallel4_linear_n4194304,1,0,ABBA,2,B,parallel,4194304,mixed,2026082901,1,4,VALID,,False,0,False,5677083,fcb14a3d4db7d7be,fc85f7a4255832b3,0144d4ef720e2f721643a00f3b5d4775b65d753c34781efe6c1e7b714d9dd4a9,0144d4ef720e2f721643a00f3b5d4775b65d753c34781efe6c1e7b714d9dd4a9,raw/attempts/main-parallel4_linear_n4194304-b01-r0-p2-B
main-parallel4_linear_n4194304-b01-r0-p3-B,main,parallel4_linear_n4194304,1,0,ABBA,3,B,parallel,4194304,mixed,2026082901,1,4,VALID,,False,0,False,3996583,fcb14a3d4db7d7be,fc85f7a4255832b3,0144d4ef720e2f721643a00f3b5d4775b65d753c34781efe6c1e7b714d9dd4a9,0144d4ef720e2f721643a00f3b5d4775b65d753c34781efe6c1e7b714d9dd4a9,raw/attempts/main-parallel4_linear_n4194304-b01-r0-p3-B
main-parallel4_linear_n4194304-b01-r0-p4-A,main,parallel4_linear_n4194304,1,0,ABBA,4,A,linear,4194304,mixed,2026082901,1,4,VALID,,False,0,False,7860667,fcb14a3d4db7d7be,fc85f7a4255832b3,0144d4ef720e2f721643a00f3b5d4775b65d753c34781efe6c1e7b714d9dd4a9,0144d4ef720e2f721643a00f3b5d4775b65d753c34781efe6c1e7b714d9dd4a9,raw/attempts/main-parallel4_linear_n4194304-b01-r0-p4-A
main-parallel4_linear_n4194304-b02-r0-p1-B,main,parallel4_linear_n4194304,2,0,BAAB,1,B,parallel,4194304,mixed,2026082901,1,4,VALID,,False,0,False,3488291,fcb14a3d4db7d7be,fc85f7a4255832b3,0144d4ef720e2f721643a00f3b5d4775b65d753c34781efe6c1e7b714d9dd4a9,0144d4ef720e2f721643a00f3b5d4775b65d753c34781efe6c1e7b714d9dd4a9,raw/attempts/main-parallel4_linear_n4194304-b02-r0-p1-B
main-parallel4_linear_n4194304-b02-r0-p2-A,main,parallel4_linear_n4194304,2,0,BAAB,2,A,linear,4194304,mixed,2026082901,1,4,VALID,,False,0,False,3345667,fcb14a3d4db7d7be,fc85f7a4255832b3,0144d4ef720e2f721643a00f3b5d4775b65d753c34781efe6c1e7b714d9dd4a9,0144d4ef720e2f721643a00f3b5d4775b65d753c34781efe6c1e7b714d9dd4a9,raw/attempts/main-parallel4_linear_n4194304-b02-r0-p2-A
main-parallel4_linear_n4194304-b02-r0-p3-A,main,parallel4_linear_n4194304,2,0,BAAB,3,A,linear,4194304,mixed,2026082901,1,4,VALID,,False,0,False,4648625,fcb14a3d4db7d7be,fc85f7a4255832b3,0144d4ef720e2f721643a00f3b5d4775b65d753c34781efe6c1e7b714d9dd4a9,0144d4ef720e2f721643a00f3b5d4775b65d753c34781efe6c1e7b714d9dd4a9,raw/attempts/main-parallel4_linear_n4194304-b02-r0-p3-A
main-parallel4_linear_n4194304-b02-r0-p4-B,main,parallel4_linear_n4194304,2,0,BAAB,4,B,parallel,4194304,mixed,2026082901,1,4,VALID,,False,0,False,3740666,fcb14a3d4db7d7be,fc85f7a4255832b3,0144d4ef720e2f721643a00f3b5d4775b65d753c34781efe6c1e7b714d9dd4a9,0144d4ef720e2f721643a00f3b5d4775b65d753c34781efe6c1e7b714d9dd4a9,raw/attempts/main-parallel4_linear_n4194304-b02-r0-p4-B
main-parallel4_linear_n4194304-b03-r0-p1-A,main,parallel4_linear_n4194304,3,0,ABBA,1,A,linear,4194304,mixed,2026082901,1,4,VALID,,False,0,False,4085041,fcb14a3d4db7d7be,fc85f7a4255832b3,0144d4ef720e2f721643a00f3b5d4775b65d753c34781efe6c1e7b714d9dd4a9,0144d4ef720e2f721643a00f3b5d4775b65d753c34781efe6c1e7b714d9dd4a9,raw/attempts/main-parallel4_linear_n4194304-b03-r0-p1-A
main-parallel4_linear_n4194304-b03-r0-p2-B,main,parallel4_linear_n4194304,3,0,ABBA,2,B,parallel,4194304,mixed,2026082901,1,4,VALID,,False,0,False,4149916,fcb14a3d4db7d7be,fc85f7a4255832b3,0144d4ef720e2f721643a00f3b5d4775b65d753c34781efe6c1e7b714d9dd4a9,0144d4ef720e2f721643a00f3b5d4775b65d753c34781efe6c1e7b714d9dd4a9,raw/attempts/main-parallel4_linear_n4194304-b03-r0-p2-B
main-parallel4_linear_n4194304-b03-r0-p3-B,main,parallel4_linear_n4194304,3,0,ABBA,3,B,parallel,4194304,mixed,2026082901,1,4,VALID,,False,0,False,3620166,fcb14a3d4db7d7be,fc85f7a4255832b3,0144d4ef720e2f721643a00f3b5d4775b65d753c34781efe6c1e7b714d9dd4a9,0144d4ef720e2f721643a00f3b5d4775b65d753c34781efe6c1e7b714d9dd4a9,raw/attempts/main-parallel4_linear_n4194304-b03-r0-p3-B
main-parallel4_linear_n4194304-b03-r0-p4-A,main,parallel4_linear_n4194304,3,0,ABBA,4,A,linear,4194304,mixed,2026082901,1,4,VALID,,False,0,False,3605250,fcb14a3d4db7d7be,fc85f7a4255832b3,0144d4ef720e2f721643a00f3b5d4775b65d753c34781efe6c1e7b714d9dd4a9,0144d4ef720e2f721643a00f3b5d4775b65d753c34781efe6c1e7b714d9dd4a9,raw/attempts/main-parallel4_linear_n4194304-b03-r0-p4-A
main-parallel4_linear_n4194304-b04-r0-p1-B,main,parallel4_linear_n4194304,4,0,BAAB,1,B,parallel,4194304,mixed,2026082901,1,4,VALID,,False,0,False,3846208,fcb14a3d4db7d7be,fc85f7a4255832b3,0144d4ef720e2f721643a00f3b5d4775b65d753c34781efe6c1e7b714d9dd4a9,0144d4ef720e2f721643a00f3b5d4775b65d753c34781efe6c1e7b714d9dd4a9,raw/attempts/main-parallel4_linear_n4194304-b04-r0-p1-B
main-parallel4_linear_n4194304-b04-r0-p2-A,main,parallel4_linear_n4194304,4,0,BAAB,2,A,linear,4194304,mixed,2026082901,1,4,VALID,,False,0,False,6526167,fcb14a3d4db7d7be,fc85f7a4255832b3,0144d4ef720e2f721643a00f3b5d4775b65d753c34781efe6c1e7b714d9dd4a9,0144d4ef720e2f721643a00f3b5d4775b65d753c34781efe6c1e7b714d9dd4a9,raw/attempts/main-parallel4_linear_n4194304-b04-r0-p2-A
main-parallel4_linear_n4194304-b04-r0-p3-A,main,parallel4_linear_n4194304,4,0,BAAB,3,A,linear,4194304,mixed,2026082901,1,4,VALID,,False,0,False,6452542,fcb14a3d4db7d7be,fc85f7a4255832b3,0144d4ef720e2f721643a00f3b5d4775b65d753c34781efe6c1e7b714d9dd4a9,0144d4ef720e2f721643a00f3b5d4775b65d753c34781efe6c1e7b714d9dd4a9,raw/attempts/main-parallel4_linear_n4194304-b04-r0-p3-A
main-parallel4_linear_n4194304-b04-r0-p4-B,main,parallel4_linear_n4194304,4,0,BAAB,4,B,parallel,4194304,mixed,2026082901,1,4,VALID,,False,0,False,3660917,fcb14a3d4db7d7be,fc85f7a4255832b3,0144d4ef720e2f721643a00f3b5d4775b65d753c34781efe6c1e7b714d9dd4a9,0144d4ef720e2f721643a00f3b5d4775b65d753c34781efe6c1e7b714d9dd4a9,raw/attempts/main-parallel4_linear_n4194304-b04-r0-p4-B
main-parallel4_linear_n4194304-b05-r0-p1-A,main,parallel4_linear_n4194304,5,0,ABBA,1,A,linear,4194304,mixed,2026082901,1,4,VALID,,False,0,False,4956292,fcb14a3d4db7d7be,fc85f7a4255832b3,0144d4ef720e2f721643a00f3b5d4775b65d753c34781efe6c1e7b714d9dd4a9,0144d4ef720e2f721643a00f3b5d4775b65d753c34781efe6c1e7b714d9dd4a9,raw/attempts/main-parallel4_linear_n4194304-b05-r0-p1-A
main-parallel4_linear_n4194304-b05-r0-p2-B,main,parallel4_linear_n4194304,5,0,ABBA,2,B,parallel,4194304,mixed,2026082901,1,4,VALID,,False,0,False,3603792,fcb14a3d4db7d7be,fc85f7a4255832b3,0144d4ef720e2f721643a00f3b5d4775b65d753c34781efe6c1e7b714d9dd4a9,0144d4ef720e2f721643a00f3b5d4775b65d753c34781efe6c1e7b714d9dd4a9,raw/attempts/main-parallel4_linear_n4194304-b05-r0-p2-B
main-parallel4_linear_n4194304-b05-r0-p3-B,main,parallel4_linear_n4194304,5,0,ABBA,3,B,parallel,4194304,mixed,2026082901,1,4,VALID,,False,0,False,4003041,fcb14a3d4db7d7be,fc85f7a4255832b3,0144d4ef720e2f721643a00f3b5d4775b65d753c34781efe6c1e7b714d9dd4a9,0144d4ef720e2f721643a00f3b5d4775b65d753c34781efe6c1e7b714d9dd4a9,raw/attempts/main-parallel4_linear_n4194304-b05-r0-p3-B
main-parallel4_linear_n4194304-b05-r0-p4-A,main,parallel4_linear_n4194304,5,0,ABBA,4,A,linear,4194304,mixed,2026082901,1,4,VALID,,False,0,False,4271208,fcb14a3d4db7d7be,fc85f7a4255832b3,0144d4ef720e2f721643a00f3b5d4775b65d753c34781efe6c1e7b714d9dd4a9,0144d4ef720e2f721643a00f3b5d4775b65d753c34781efe6c1e7b714d9dd4a9,raw/attempts/main-parallel4_linear_n4194304-b05-r0-p4-A
main-parallel4_linear_n4194304-b06-r0-p1-B,main,parallel4_linear_n4194304,6,0,BAAB,1,B,parallel,4194304,mixed,2026082901,1,4,VALID,,False,0,False,4064917,fcb14a3d4db7d7be,fc85f7a4255832b3,0144d4ef720e2f721643a00f3b5d4775b65d753c34781efe6c1e7b714d9dd4a9,0144d4ef720e2f721643a00f3b5d4775b65d753c34781efe6c1e7b714d9dd4a9,raw/attempts/main-parallel4_linear_n4194304-b06-r0-p1-B
main-parallel4_linear_n4194304-b06-r0-p2-A,main,parallel4_linear_n4194304,6,0,BAAB,2,A,linear,4194304,mixed,2026082901,1,4,VALID,,False,0,False,6759084,fcb14a3d4db7d7be,fc85f7a4255832b3,0144d4ef720e2f721643a00f3b5d4775b65d753c34781efe6c1e7b714d9dd4a9,0144d4ef720e2f721643a00f3b5d4775b65d753c34781efe6c1e7b714d9dd4a9,raw/attempts/main-parallel4_linear_n4194304-b06-r0-p2-A
main-parallel4_linear_n4194304-b06-r0-p3-A,main,parallel4_linear_n4194304,6,0,BAAB,3,A,linear,4194304,mixed,2026082901,1,4,VALID,,False,0,False,3246709,fcb14a3d4db7d7be,fc85f7a4255832b3,0144d4ef720e2f721643a00f3b5d4775b65d753c34781efe6c1e7b714d9dd4a9,0144d4ef720e2f721643a00f3b5d4775b65d753c34781efe6c1e7b714d9dd4a9,raw/attempts/main-parallel4_linear_n4194304-b06-r0-p3-A
main-parallel4_linear_n4194304-b06-r0-p4-B,main,parallel4_linear_n4194304,6,0,BAAB,4,B,parallel,4194304,mixed,2026082901,1,4,VALID,,False,0,False,4000875,fcb14a3d4db7d7be,fc85f7a4255832b3,0144d4ef720e2f721643a00f3b5d4775b65d753c34781efe6c1e7b714d9dd4a9,0144d4ef720e2f721643a00f3b5d4775b65d753c34781efe6c1e7b714d9dd4a9,raw/attempts/main-parallel4_linear_n4194304-b06-r0-p4-B
main-parallel4_linear_n4194304-b07-r0-p1-A,main,parallel4_linear_n4194304,7,0,ABBA,1,A,linear,4194304,mixed,2026082901,1,4,VALID,,False,0,False,4857250,fcb14a3d4db7d7be,fc85f7a4255832b3,0144d4ef720e2f721643a00f3b5d4775b65d753c34781efe6c1e7b714d9dd4a9,0144d4ef720e2f721643a00f3b5d4775b65d753c34781efe6c1e7b714d9dd4a9,raw/attempts/main-parallel4_linear_n4194304-b07-r0-p1-A
main-parallel4_linear_n4194304-b07-r0-p2-B,main,parallel4_linear_n4194304,7,0,ABBA,2,B,parallel,4194304,mixed,2026082901,1,4,VALID,,False,0,False,3668833,fcb14a3d4db7d7be,fc85f7a4255832b3,0144d4ef720e2f721643a00f3b5d4775b65d753c34781efe6c1e7b714d9dd4a9,0144d4ef720e2f721643a00f3b5d4775b65d753c34781efe6c1e7b714d9dd4a9,raw/attempts/main-parallel4_linear_n4194304-b07-r0-p2-B
main-parallel4_linear_n4194304-b07-r0-p3-B,main,parallel4_linear_n4194304,7,0,ABBA,3,B,parallel,4194304,mixed,2026082901,1,4,VALID,,False,0,False,3536500,fcb14a3d4db7d7be,fc85f7a4255832b3,0144d4ef720e2f721643a00f3b5d4775b65d753c34781efe6c1e7b714d9dd4a9,0144d4ef720e2f721643a00f3b5d4775b65d753c34781efe6c1e7b714d9dd4a9,raw/attempts/main-parallel4_linear_n4194304-b07-r0-p3-B
main-parallel4_linear_n4194304-b07-r0-p4-A,main,parallel4_linear_n4194304,7,0,ABBA,4,A,linear,4194304,mixed,2026082901,1,4,VALID,,False,0,False,7744458,fcb14a3d4db7d7be,fc85f7a4255832b3,0144d4ef720e2f721643a00f3b5d4775b65d753c34781efe6c1e7b714d9dd4a9,0144d4ef720e2f721643a00f3b5d4775b65d753c34781efe6c1e7b714d9dd4a9,raw/attempts/main-parallel4_linear_n4194304-b07-r0-p4-A
main-parallel4_linear_n4194304-b08-r0-p1-A,main,parallel4_linear_n4194304,8,0,ABBA,1,A,linear,4194304,mixed,2026082901,1,4,VALID,,False,0,False,7647042,fcb14a3d4db7d7be,fc85f7a4255832b3,0144d4ef720e2f721643a00f3b5d4775b65d753c34781efe6c1e7b714d9dd4a9,0144d4ef720e2f721643a00f3b5d4775b65d753c34781efe6c1e7b714d9dd4a9,raw/attempts/main-parallel4_linear_n4194304-b08-r0-p1-A
main-parallel4_linear_n4194304-b08-r0-p2-B,main,parallel4_linear_n4194304,8,0,ABBA,2,B,parallel,4194304,mixed,2026082901,1,4,VALID,,False,0,False,3629583,fcb14a3d4db7d7be,fc85f7a4255832b3,0144d4ef720e2f721643a00f3b5d4775b65d753c34781efe6c1e7b714d9dd4a9,0144d4ef720e2f721643a00f3b5d4775b65d753c34781efe6c1e7b714d9dd4a9,raw/attempts/main-parallel4_linear_n4194304-b08-r0-p2-B
main-parallel4_linear_n4194304-b08-r0-p3-B,main,parallel4_linear_n4194304,8,0,ABBA,3,B,parallel,4194304,mixed,2026082901,1,4,VALID,,False,0,False,3814750,fcb14a3d4db7d7be,fc85f7a4255832b3,0144d4ef720e2f721643a00f3b5d4775b65d753c34781efe6c1e7b714d9dd4a9,0144d4ef720e2f721643a00f3b5d4775b65d753c34781efe6c1e7b714d9dd4a9,raw/attempts/main-parallel4_linear_n4194304-b08-r0-p3-B
main-parallel4_linear_n4194304-b08-r0-p4-A,main,parallel4_linear_n4194304,8,0,ABBA,4,A,linear,4194304,mixed,2026082901,1,4,VALID,,False,0,False,7933625,fcb14a3d4db7d7be,fc85f7a4255832b3,0144d4ef720e2f721643a00f3b5d4775b65d753c34781efe6c1e7b714d9dd4a9,0144d4ef720e2f721643a00f3b5d4775b65d753c34781efe6c1e7b714d9dd4a9,raw/attempts/main-parallel4_linear_n4194304-b08-r0-p4-A
main-parallel4_linear_n4194304-b09-r0-p1-B,main,parallel4_linear_n4194304,9,0,BAAB,1,B,parallel,4194304,mixed,2026082901,1,4,VALID,,False,0,False,3691375,fcb14a3d4db7d7be,fc85f7a4255832b3,0144d4ef720e2f721643a00f3b5d4775b65d753c34781efe6c1e7b714d9dd4a9,0144d4ef720e2f721643a00f3b5d4775b65d753c34781efe6c1e7b714d9dd4a9,raw/attempts/main-parallel4_linear_n4194304-b09-r0-p1-B
main-parallel4_linear_n4194304-b09-r0-p2-A,main,parallel4_linear_n4194304,9,0,BAAB,2,A,linear,4194304,mixed,2026082901,1,4,VALID,,False,0,False,3809916,fcb14a3d4db7d7be,fc85f7a4255832b3,0144d4ef720e2f721643a00f3b5d4775b65d753c34781efe6c1e7b714d9dd4a9,0144d4ef720e2f721643a00f3b5d4775b65d753c34781efe6c1e7b714d9dd4a9,raw/attempts/main-parallel4_linear_n4194304-b09-r0-p2-A
main-parallel4_linear_n4194304-b09-r0-p3-A,main,parallel4_linear_n4194304,9,0,BAAB,3,A,linear,4194304,mixed,2026082901,1,4,VALID,,False,0,False,4984166,fcb14a3d4db7d7be,fc85f7a4255832b3,0144d4ef720e2f721643a00f3b5d4775b65d753c34781efe6c1e7b714d9dd4a9,0144d4ef720e2f721643a00f3b5d4775b65d753c34781efe6c1e7b714d9dd4a9,raw/attempts/main-parallel4_linear_n4194304-b09-r0-p3-A
main-parallel4_linear_n4194304-b09-r0-p4-B,main,parallel4_linear_n4194304,9,0,BAAB,4,B,parallel,4194304,mixed,2026082901,1,4,VALID,,False,0,False,4401833,fcb14a3d4db7d7be,fc85f7a4255832b3,0144d4ef720e2f721643a00f3b5d4775b65d753c34781efe6c1e7b714d9dd4a9,0144d4ef720e2f721643a00f3b5d4775b65d753c34781efe6c1e7b714d9dd4a9,raw/attempts/main-parallel4_linear_n4194304-b09-r0-p4-B
main-parallel4_linear_n4194304-b10-r0-p1-A,main,parallel4_linear_n4194304,10,0,ABBA,1,A,linear,4194304,mixed,2026082901,1,4,VALID,,False,0,False,3653084,fcb14a3d4db7d7be,fc85f7a4255832b3,0144d4ef720e2f721643a00f3b5d4775b65d753c34781efe6c1e7b714d9dd4a9,0144d4ef720e2f721643a00f3b5d4775b65d753c34781efe6c1e7b714d9dd4a9,raw/attempts/main-parallel4_linear_n4194304-b10-r0-p1-A
main-parallel4_linear_n4194304-b10-r0-p2-B,main,parallel4_linear_n4194304,10,0,ABBA,2,B,parallel,4194304,mixed,2026082901,1,4,VALID,,False,0,False,4304000,fcb14a3d4db7d7be,fc85f7a4255832b3,0144d4ef720e2f721643a00f3b5d4775b65d753c34781efe6c1e7b714d9dd4a9,0144d4ef720e2f721643a00f3b5d4775b65d753c34781efe6c1e7b714d9dd4a9,raw/attempts/main-parallel4_linear_n4194304-b10-r0-p2-B
main-parallel4_linear_n4194304-b10-r0-p3-B,main,parallel4_linear_n4194304,10,0,ABBA,3,B,parallel,4194304,mixed,2026082901,1,4,VALID,,False,0,False,3764291,fcb14a3d4db7d7be,fc85f7a4255832b3,0144d4ef720e2f721643a00f3b5d4775b65d753c34781efe6c1e7b714d9dd4a9,0144d4ef720e2f721643a00f3b5d4775b65d753c34781efe6c1e7b714d9dd4a9,raw/attempts/main-parallel4_linear_n4194304-b10-r0-p3-B
main-parallel4_linear_n4194304-b10-r0-p4-A,main,parallel4_linear_n4194304,10,0,ABBA,4,A,linear,4194304,mixed,2026082901,1,4,VALID,,False,0,False,4340542,fcb14a3d4db7d7be,fc85f7a4255832b3,0144d4ef720e2f721643a00f3b5d4775b65d753c34781efe6c1e7b714d9dd4a9,0144d4ef720e2f721643a00f3b5d4775b65d753c34781efe6c1e7b714d9dd4a9,raw/attempts/main-parallel4_linear_n4194304-b10-r0-p4-A
main-parallel4_linear_n4194304-b11-r0-p1-B,main,parallel4_linear_n4194304,11,0,BAAB,1,B,parallel,4194304,mixed,2026082901,1,4,VALID,,False,0,False,3846458,fcb14a3d4db7d7be,fc85f7a4255832b3,0144d4ef720e2f721643a00f3b5d4775b65d753c34781efe6c1e7b714d9dd4a9,0144d4ef720e2f721643a00f3b5d4775b65d753c34781efe6c1e7b714d9dd4a9,raw/attempts/main-parallel4_linear_n4194304-b11-r0-p1-B
main-parallel4_linear_n4194304-b11-r0-p2-A,main,parallel4_linear_n4194304,11,0,BAAB,2,A,linear,4194304,mixed,2026082901,1,4,VALID,,False,0,False,4890208,fcb14a3d4db7d7be,fc85f7a4255832b3,0144d4ef720e2f721643a00f3b5d4775b65d753c34781efe6c1e7b714d9dd4a9,0144d4ef720e2f721643a00f3b5d4775b65d753c34781efe6c1e7b714d9dd4a9,raw/attempts/main-parallel4_linear_n4194304-b11-r0-p2-A
main-parallel4_linear_n4194304-b11-r0-p3-A,main,parallel4_linear_n4194304,11,0,BAAB,3,A,linear,4194304,mixed,2026082901,1,4,VALID,,False,0,False,5289333,fcb14a3d4db7d7be,fc85f7a4255832b3,0144d4ef720e2f721643a00f3b5d4775b65d753c34781efe6c1e7b714d9dd4a9,0144d4ef720e2f721643a00f3b5d4775b65d753c34781efe6c1e7b714d9dd4a9,raw/attempts/main-parallel4_linear_n4194304-b11-r0-p3-A
main-parallel4_linear_n4194304-b11-r0-p4-B,main,parallel4_linear_n4194304,11,0,BAAB,4,B,parallel,4194304,mixed,2026082901,1,4,VALID,,False,0,False,3826375,fcb14a3d4db7d7be,fc85f7a4255832b3,0144d4ef720e2f721643a00f3b5d4775b65d753c34781efe6c1e7b714d9dd4a9,0144d4ef720e2f721643a00f3b5d4775b65d753c34781efe6c1e7b714d9dd4a9,raw/attempts/main-parallel4_linear_n4194304-b11-r0-p4-B
main-parallel4_linear_n4194304-b12-r0-p1-B,main,parallel4_linear_n4194304,12,0,BAAB,1,B,parallel,4194304,mixed,2026082901,1,4,VALID,,False,0,False,3951708,fcb14a3d4db7d7be,fc85f7a4255832b3,0144d4ef720e2f721643a00f3b5d4775b65d753c34781efe6c1e7b714d9dd4a9,0144d4ef720e2f721643a00f3b5d4775b65d753c34781efe6c1e7b714d9dd4a9,raw/attempts/main-parallel4_linear_n4194304-b12-r0-p1-B
main-parallel4_linear_n4194304-b12-r0-p2-A,main,parallel4_linear_n4194304,12,0,BAAB,2,A,linear,4194304,mixed,2026082901,1,4,VALID,,False,0,False,7717916,fcb14a3d4db7d7be,fc85f7a4255832b3,0144d4ef720e2f721643a00f3b5d4775b65d753c34781efe6c1e7b714d9dd4a9,0144d4ef720e2f721643a00f3b5d4775b65d753c34781efe6c1e7b714d9dd4a9,raw/attempts/main-parallel4_linear_n4194304-b12-r0-p2-A
main-parallel4_linear_n4194304-b12-r0-p3-A,main,parallel4_linear_n4194304,12,0,BAAB,3,A,linear,4194304,mixed,2026082901,1,4,VALID,,False,0,False,7123292,fcb14a3d4db7d7be,fc85f7a4255832b3,0144d4ef720e2f721643a00f3b5d4775b65d753c34781efe6c1e7b714d9dd4a9,0144d4ef720e2f721643a00f3b5d4775b65d753c34781efe6c1e7b714d9dd4a9,raw/attempts/main-parallel4_linear_n4194304-b12-r0-p3-A
main-parallel4_linear_n4194304-b12-r0-p4-B,main,parallel4_linear_n4194304,12,0,BAAB,4,B,parallel,4194304,mixed,2026082901,1,4,VALID,,False,0,False,3734666,fcb14a3d4db7d7be,fc85f7a4255832b3,0144d4ef720e2f721643a00f3b5d4775b65d753c34781efe6c1e7b714d9dd4a9,0144d4ef720e2f721643a00f3b5d4775b65d753c34781efe6c1e7b714d9dd4a9,raw/attempts/main-parallel4_linear_n4194304-b12-r0-p4-B
main-parallel8_linear_n4194304-b01-r0-p1-B,main,parallel8_linear_n4194304,1,0,BAAB,1,B,parallel,4194304,mixed,2026082901,1,8,VALID,,False,0,False,3378000,fcb14a3d4db7d7be,fc85f7a4255832b3,0144d4ef720e2f721643a00f3b5d4775b65d753c34781efe6c1e7b714d9dd4a9,0144d4ef720e2f721643a00f3b5d4775b65d753c34781efe6c1e7b714d9dd4a9,raw/attempts/main-parallel8_linear_n4194304-b01-r0-p1-B
main-parallel8_linear_n4194304-b01-r0-p2-A,main,parallel8_linear_n4194304,1,0,BAAB,2,A,linear,4194304,mixed,2026082901,1,8,VALID,,False,0,False,6379250,fcb14a3d4db7d7be,fc85f7a4255832b3,0144d4ef720e2f721643a00f3b5d4775b65d753c34781efe6c1e7b714d9dd4a9,0144d4ef720e2f721643a00f3b5d4775b65d753c34781efe6c1e7b714d9dd4a9,raw/attempts/main-parallel8_linear_n4194304-b01-r0-p2-A
main-parallel8_linear_n4194304-b01-r0-p3-A,main,parallel8_linear_n4194304,1,0,BAAB,3,A,linear,4194304,mixed,2026082901,1,8,VALID,,False,0,False,4556500,fcb14a3d4db7d7be,fc85f7a4255832b3,0144d4ef720e2f721643a00f3b5d4775b65d753c34781efe6c1e7b714d9dd4a9,0144d4ef720e2f721643a00f3b5d4775b65d753c34781efe6c1e7b714d9dd4a9,raw/attempts/main-parallel8_linear_n4194304-b01-r0-p3-A
main-parallel8_linear_n4194304-b01-r0-p4-B,main,parallel8_linear_n4194304,1,0,BAAB,4,B,parallel,4194304,mixed,2026082901,1,8,VALID,,False,0,False,3648750,fcb14a3d4db7d7be,fc85f7a4255832b3,0144d4ef720e2f721643a00f3b5d4775b65d753c34781efe6c1e7b714d9dd4a9,0144d4ef720e2f721643a00f3b5d4775b65d753c34781efe6c1e7b714d9dd4a9,raw/attempts/main-parallel8_linear_n4194304-b01-r0-p4-B
main-parallel8_linear_n4194304-b02-r0-p1-A,main,parallel8_linear_n4194304,2,0,ABBA,1,A,linear,4194304,mixed,2026082901,1,8,VALID,,False,0,False,5447833,fcb14a3d4db7d7be,fc85f7a4255832b3,0144d4ef720e2f721643a00f3b5d4775b65d753c34781efe6c1e7b714d9dd4a9,0144d4ef720e2f721643a00f3b5d4775b65d753c34781efe6c1e7b714d9dd4a9,raw/attempts/main-parallel8_linear_n4194304-b02-r0-p1-A
main-parallel8_linear_n4194304-b02-r0-p2-B,main,parallel8_linear_n4194304,2,0,ABBA,2,B,parallel,4194304,mixed,2026082901,1,8,VALID,,False,0,False,2609167,fcb14a3d4db7d7be,fc85f7a4255832b3,0144d4ef720e2f721643a00f3b5d4775b65d753c34781efe6c1e7b714d9dd4a9,0144d4ef720e2f721643a00f3b5d4775b65d753c34781efe6c1e7b714d9dd4a9,raw/attempts/main-parallel8_linear_n4194304-b02-r0-p2-B
main-parallel8_linear_n4194304-b02-r0-p3-B,main,parallel8_linear_n4194304,2,0,ABBA,3,B,parallel,4194304,mixed,2026082901,1,8,VALID,,False,0,False,2880084,fcb14a3d4db7d7be,fc85f7a4255832b3,0144d4ef720e2f721643a00f3b5d4775b65d753c34781efe6c1e7b714d9dd4a9,0144d4ef720e2f721643a00f3b5d4775b65d753c34781efe6c1e7b714d9dd4a9,raw/attempts/main-parallel8_linear_n4194304-b02-r0-p3-B
main-parallel8_linear_n4194304-b02-r0-p4-A,main,parallel8_linear_n4194304,2,0,ABBA,4,A,linear,4194304,mixed,2026082901,1,8,VALID,,False,0,False,6425125,fcb14a3d4db7d7be,fc85f7a4255832b3,0144d4ef720e2f721643a00f3b5d4775b65d753c34781efe6c1e7b714d9dd4a9,0144d4ef720e2f721643a00f3b5d4775b65d753c34781efe6c1e7b714d9dd4a9,raw/attempts/main-parallel8_linear_n4194304-b02-r0-p4-A
main-parallel8_linear_n4194304-b03-r0-p1-A,main,parallel8_linear_n4194304,3,0,ABBA,1,A,linear,4194304,mixed,2026082901,1,8,VALID,,False,0,False,3792666,fcb14a3d4db7d7be,fc85f7a4255832b3,0144d4ef720e2f721643a00f3b5d4775b65d753c34781efe6c1e7b714d9dd4a9,0144d4ef720e2f721643a00f3b5d4775b65d753c34781efe6c1e7b714d9dd4a9,raw/attempts/main-parallel8_linear_n4194304-b03-r0-p1-A
main-parallel8_linear_n4194304-b03-r0-p2-B,main,parallel8_linear_n4194304,3,0,ABBA,2,B,parallel,4194304,mixed,2026082901,1,8,VALID,,False,0,False,3315500,fcb14a3d4db7d7be,fc85f7a4255832b3,0144d4ef720e2f721643a00f3b5d4775b65d753c34781efe6c1e7b714d9dd4a9,0144d4ef720e2f721643a00f3b5d4775b65d753c34781efe6c1e7b714d9dd4a9,raw/attempts/main-parallel8_linear_n4194304-b03-r0-p2-B
main-parallel8_linear_n4194304-b03-r0-p3-B,main,parallel8_linear_n4194304,3,0,ABBA,3,B,parallel,4194304,mixed,2026082901,1,8,VALID,,False,0,False,3244000,fcb14a3d4db7d7be,fc85f7a4255832b3,0144d4ef720e2f721643a00f3b5d4775b65d753c34781efe6c1e7b714d9dd4a9,0144d4ef720e2f721643a00f3b5d4775b65d753c34781efe6c1e7b714d9dd4a9,raw/attempts/main-parallel8_linear_n4194304-b03-r0-p3-B
main-parallel8_linear_n4194304-b03-r0-p4-A,main,parallel8_linear_n4194304,3,0,ABBA,4,A,linear,4194304,mixed,2026082901,1,8,VALID,,False,0,False,3911458,fcb14a3d4db7d7be,fc85f7a4255832b3,0144d4ef720e2f721643a00f3b5d4775b65d753c34781efe6c1e7b714d9dd4a9,0144d4ef720e2f721643a00f3b5d4775b65d753c34781efe6c1e7b714d9dd4a9,raw/attempts/main-parallel8_linear_n4194304-b03-r0-p4-A
main-parallel8_linear_n4194304-b04-r0-p1-A,main,parallel8_linear_n4194304,4,0,ABBA,1,A,linear,4194304,mixed,2026082901,1,8,VALID,,False,0,False,5341792,fcb14a3d4db7d7be,fc85f7a4255832b3,0144d4ef720e2f721643a00f3b5d4775b65d753c34781efe6c1e7b714d9dd4a9,0144d4ef720e2f721643a00f3b5d4775b65d753c34781efe6c1e7b714d9dd4a9,raw/attempts/main-parallel8_linear_n4194304-b04-r0-p1-A
main-parallel8_linear_n4194304-b04-r0-p2-B,main,parallel8_linear_n4194304,4,0,ABBA,2,B,parallel,4194304,mixed,2026082901,1,8,VALID,,False,0,False,2847125,fcb14a3d4db7d7be,fc85f7a4255832b3,0144d4ef720e2f721643a00f3b5d4775b65d753c34781efe6c1e7b714d9dd4a9,0144d4ef720e2f721643a00f3b5d4775b65d753c34781efe6c1e7b714d9dd4a9,raw/attempts/main-parallel8_linear_n4194304-b04-r0-p2-B
main-parallel8_linear_n4194304-b04-r0-p3-B,main,parallel8_linear_n4194304,4,0,ABBA,3,B,parallel,4194304,mixed,2026082901,1,8,VALID,,False,0,False,3400375,fcb14a3d4db7d7be,fc85f7a4255832b3,0144d4ef720e2f721643a00f3b5d4775b65d753c34781efe6c1e7b714d9dd4a9,0144d4ef720e2f721643a00f3b5d4775b65d753c34781efe6c1e7b714d9dd4a9,raw/attempts/main-parallel8_linear_n4194304-b04-r0-p3-B
main-parallel8_linear_n4194304-b04-r0-p4-A,main,parallel8_linear_n4194304,4,0,ABBA,4,A,linear,4194304,mixed,2026082901,1,8,VALID,,False,0,False,4265583,fcb14a3d4db7d7be,fc85f7a4255832b3,0144d4ef720e2f721643a00f3b5d4775b65d753c34781efe6c1e7b714d9dd4a9,0144d4ef720e2f721643a00f3b5d4775b65d753c34781efe6c1e7b714d9dd4a9,raw/attempts/main-parallel8_linear_n4194304-b04-r0-p4-A
main-parallel8_linear_n4194304-b05-r0-p1-A,main,parallel8_linear_n4194304,5,0,ABBA,1,A,linear,4194304,mixed,2026082901,1,8,VALID,,False,0,False,8080292,fcb14a3d4db7d7be,fc85f7a4255832b3,0144d4ef720e2f721643a00f3b5d4775b65d753c34781efe6c1e7b714d9dd4a9,0144d4ef720e2f721643a00f3b5d4775b65d753c34781efe6c1e7b714d9dd4a9,raw/attempts/main-parallel8_linear_n4194304-b05-r0-p1-A
main-parallel8_linear_n4194304-b05-r0-p2-B,main,parallel8_linear_n4194304,5,0,ABBA,2,B,parallel,4194304,mixed,2026082901,1,8,VALID,,False,0,False,2785792,fcb14a3d4db7d7be,fc85f7a4255832b3,0144d4ef720e2f721643a00f3b5d4775b65d753c34781efe6c1e7b714d9dd4a9,0144d4ef720e2f721643a00f3b5d4775b65d753c34781efe6c1e7b714d9dd4a9,raw/attempts/main-parallel8_linear_n4194304-b05-r0-p2-B
main-parallel8_linear_n4194304-b05-r0-p3-B,main,parallel8_linear_n4194304,5,0,ABBA,3,B,parallel,4194304,mixed,2026082901,1,8,VALID,,False,0,False,2713000,fcb14a3d4db7d7be,fc85f7a4255832b3,0144d4ef720e2f721643a00f3b5d4775b65d753c34781efe6c1e7b714d9dd4a9,0144d4ef720e2f721643a00f3b5d4775b65d753c34781efe6c1e7b714d9dd4a9,raw/attempts/main-parallel8_linear_n4194304-b05-r0-p3-B
main-parallel8_linear_n4194304-b05-r0-p4-A,main,parallel8_linear_n4194304,5,0,ABBA,4,A,linear,4194304,mixed,2026082901,1,8,VALID,,False,0,False,2742500,fcb14a3d4db7d7be,fc85f7a4255832b3,0144d4ef720e2f721643a00f3b5d4775b65d753c34781efe6c1e7b714d9dd4a9,0144d4ef720e2f721643a00f3b5d4775b65d753c34781efe6c1e7b714d9dd4a9,raw/attempts/main-parallel8_linear_n4194304-b05-r0-p4-A
main-parallel8_linear_n4194304-b06-r0-p1-A,main,parallel8_linear_n4194304,6,0,ABBA,1,A,linear,4194304,mixed,2026082901,1,8,VALID,,False,0,False,3135625,fcb14a3d4db7d7be,fc85f7a4255832b3,0144d4ef720e2f721643a00f3b5d4775b65d753c34781efe6c1e7b714d9dd4a9,0144d4ef720e2f721643a00f3b5d4775b65d753c34781efe6c1e7b714d9dd4a9,raw/attempts/main-parallel8_linear_n4194304-b06-r0-p1-A
main-parallel8_linear_n4194304-b06-r0-p2-B,main,parallel8_linear_n4194304,6,0,ABBA,2,B,parallel,4194304,mixed,2026082901,1,8,VALID,,False,0,False,3460083,fcb14a3d4db7d7be,fc85f7a4255832b3,0144d4ef720e2f721643a00f3b5d4775b65d753c34781efe6c1e7b714d9dd4a9,0144d4ef720e2f721643a00f3b5d4775b65d753c34781efe6c1e7b714d9dd4a9,raw/attempts/main-parallel8_linear_n4194304-b06-r0-p2-B
main-parallel8_linear_n4194304-b06-r0-p3-B,main,parallel8_linear_n4194304,6,0,ABBA,3,B,parallel,4194304,mixed,2026082901,1,8,VALID,,False,0,False,3271958,fcb14a3d4db7d7be,fc85f7a4255832b3,0144d4ef720e2f721643a00f3b5d4775b65d753c34781efe6c1e7b714d9dd4a9,0144d4ef720e2f721643a00f3b5d4775b65d753c34781efe6c1e7b714d9dd4a9,raw/attempts/main-parallel8_linear_n4194304-b06-r0-p3-B
main-parallel8_linear_n4194304-b06-r0-p4-A,main,parallel8_linear_n4194304,6,0,ABBA,4,A,linear,4194304,mixed,2026082901,1,8,VALID,,False,0,False,6100958,fcb14a3d4db7d7be,fc85f7a4255832b3,0144d4ef720e2f721643a00f3b5d4775b65d753c34781efe6c1e7b714d9dd4a9,0144d4ef720e2f721643a00f3b5d4775b65d753c34781efe6c1e7b714d9dd4a9,raw/attempts/main-parallel8_linear_n4194304-b06-r0-p4-A
main-parallel8_linear_n4194304-b07-r0-p1-B,main,parallel8_linear_n4194304,7,0,BAAB,1,B,parallel,4194304,mixed,2026082901,1,8,VALID,,False,0,False,2938125,fcb14a3d4db7d7be,fc85f7a4255832b3,0144d4ef720e2f721643a00f3b5d4775b65d753c34781efe6c1e7b714d9dd4a9,0144d4ef720e2f721643a00f3b5d4775b65d753c34781efe6c1e7b714d9dd4a9,raw/attempts/main-parallel8_linear_n4194304-b07-r0-p1-B
main-parallel8_linear_n4194304-b07-r0-p2-A,main,parallel8_linear_n4194304,7,0,BAAB,2,A,linear,4194304,mixed,2026082901,1,8,VALID,,False,0,False,4700958,fcb14a3d4db7d7be,fc85f7a4255832b3,0144d4ef720e2f721643a00f3b5d4775b65d753c34781efe6c1e7b714d9dd4a9,0144d4ef720e2f721643a00f3b5d4775b65d753c34781efe6c1e7b714d9dd4a9,raw/attempts/main-parallel8_linear_n4194304-b07-r0-p2-A
main-parallel8_linear_n4194304-b07-r0-p3-A,main,parallel8_linear_n4194304,7,0,BAAB,3,A,linear,4194304,mixed,2026082901,1,8,VALID,,False,0,False,4859000,fcb14a3d4db7d7be,fc85f7a4255832b3,0144d4ef720e2f721643a00f3b5d4775b65d753c34781efe6c1e7b714d9dd4a9,0144d4ef720e2f721643a00f3b5d4775b65d753c34781efe6c1e7b714d9dd4a9,raw/attempts/main-parallel8_linear_n4194304-b07-r0-p3-A
main-parallel8_linear_n4194304-b07-r0-p4-B,main,parallel8_linear_n4194304,7,0,BAAB,4,B,parallel,4194304,mixed,2026082901,1,8,VALID,,False,0,False,3206958,fcb14a3d4db7d7be,fc85f7a4255832b3,0144d4ef720e2f721643a00f3b5d4775b65d753c34781efe6c1e7b714d9dd4a9,0144d4ef720e2f721643a00f3b5d4775b65d753c34781efe6c1e7b714d9dd4a9,raw/attempts/main-parallel8_linear_n4194304-b07-r0-p4-B
main-parallel8_linear_n4194304-b08-r0-p1-B,main,parallel8_linear_n4194304,8,0,BAAB,1,B,parallel,4194304,mixed,2026082901,1,8,VALID,,False,0,False,3319208,fcb14a3d4db7d7be,fc85f7a4255832b3,0144d4ef720e2f721643a00f3b5d4775b65d753c34781efe6c1e7b714d9dd4a9,0144d4ef720e2f721643a00f3b5d4775b65d753c34781efe6c1e7b714d9dd4a9,raw/attempts/main-parallel8_linear_n4194304-b08-r0-p1-B
main-parallel8_linear_n4194304-b08-r0-p2-A,main,parallel8_linear_n4194304,8,0,BAAB,2,A,linear,4194304,mixed,2026082901,1,8,VALID,,False,0,False,5031541,fcb14a3d4db7d7be,fc85f7a4255832b3,0144d4ef720e2f721643a00f3b5d4775b65d753c34781efe6c1e7b714d9dd4a9,0144d4ef720e2f721643a00f3b5d4775b65d753c34781efe6c1e7b714d9dd4a9,raw/attempts/main-parallel8_linear_n4194304-b08-r0-p2-A
main-parallel8_linear_n4194304-b08-r0-p3-A,main,parallel8_linear_n4194304,8,0,BAAB,3,A,linear,4194304,mixed,2026082901,1,8,VALID,,False,0,False,5273458,fcb14a3d4db7d7be,fc85f7a4255832b3,0144d4ef720e2f721643a00f3b5d4775b65d753c34781efe6c1e7b714d9dd4a9,0144d4ef720e2f721643a00f3b5d4775b65d753c34781efe6c1e7b714d9dd4a9,raw/attempts/main-parallel8_linear_n4194304-b08-r0-p3-A
main-parallel8_linear_n4194304-b08-r0-p4-B,main,parallel8_linear_n4194304,8,0,BAAB,4,B,parallel,4194304,mixed,2026082901,1,8,VALID,,False,0,False,2631458,fcb14a3d4db7d7be,fc85f7a4255832b3,0144d4ef720e2f721643a00f3b5d4775b65d753c34781efe6c1e7b714d9dd4a9,0144d4ef720e2f721643a00f3b5d4775b65d753c34781efe6c1e7b714d9dd4a9,raw/attempts/main-parallel8_linear_n4194304-b08-r0-p4-B
main-parallel8_linear_n4194304-b09-r0-p1-B,main,parallel8_linear_n4194304,9,0,BAAB,1,B,parallel,4194304,mixed,2026082901,1,8,VALID,,False,0,False,3477833,fcb14a3d4db7d7be,fc85f7a4255832b3,0144d4ef720e2f721643a00f3b5d4775b65d753c34781efe6c1e7b714d9dd4a9,0144d4ef720e2f721643a00f3b5d4775b65d753c34781efe6c1e7b714d9dd4a9,raw/attempts/main-parallel8_linear_n4194304-b09-r0-p1-B
main-parallel8_linear_n4194304-b09-r0-p2-A,main,parallel8_linear_n4194304,9,0,BAAB,2,A,linear,4194304,mixed,2026082901,1,8,VALID,,False,0,False,3772167,fcb14a3d4db7d7be,fc85f7a4255832b3,0144d4ef720e2f721643a00f3b5d4775b65d753c34781efe6c1e7b714d9dd4a9,0144d4ef720e2f721643a00f3b5d4775b65d753c34781efe6c1e7b714d9dd4a9,raw/attempts/main-parallel8_linear_n4194304-b09-r0-p2-A
main-parallel8_linear_n4194304-b09-r0-p3-A,main,parallel8_linear_n4194304,9,0,BAAB,3,A,linear,4194304,mixed,2026082901,1,8,VALID,,False,0,False,4859625,fcb14a3d4db7d7be,fc85f7a4255832b3,0144d4ef720e2f721643a00f3b5d4775b65d753c34781efe6c1e7b714d9dd4a9,0144d4ef720e2f721643a00f3b5d4775b65d753c34781efe6c1e7b714d9dd4a9,raw/attempts/main-parallel8_linear_n4194304-b09-r0-p3-A
main-parallel8_linear_n4194304-b09-r0-p4-B,main,parallel8_linear_n4194304,9,0,BAAB,4,B,parallel,4194304,mixed,2026082901,1,8,VALID,,False,0,False,3013583,fcb14a3d4db7d7be,fc85f7a4255832b3,0144d4ef720e2f721643a00f3b5d4775b65d753c34781efe6c1e7b714d9dd4a9,0144d4ef720e2f721643a00f3b5d4775b65d753c34781efe6c1e7b714d9dd4a9,raw/attempts/main-parallel8_linear_n4194304-b09-r0-p4-B
main-parallel8_linear_n4194304-b10-r0-p1-B,main,parallel8_linear_n4194304,10,0,BAAB,1,B,parallel,4194304,mixed,2026082901,1,8,VALID,,False,0,False,4377834,fcb14a3d4db7d7be,fc85f7a4255832b3,0144d4ef720e2f721643a00f3b5d4775b65d753c34781efe6c1e7b714d9dd4a9,0144d4ef720e2f721643a00f3b5d4775b65d753c34781efe6c1e7b714d9dd4a9,raw/attempts/main-parallel8_linear_n4194304-b10-r0-p1-B
main-parallel8_linear_n4194304-b10-r0-p2-A,main,parallel8_linear_n4194304,10,0,BAAB,2,A,linear,4194304,mixed,2026082901,1,8,VALID,,False,0,False,8572958,fcb14a3d4db7d7be,fc85f7a4255832b3,0144d4ef720e2f721643a00f3b5d4775b65d753c34781efe6c1e7b714d9dd4a9,0144d4ef720e2f721643a00f3b5d4775b65d753c34781efe6c1e7b714d9dd4a9,raw/attempts/main-parallel8_linear_n4194304-b10-r0-p2-A
main-parallel8_linear_n4194304-b10-r0-p3-A,main,parallel8_linear_n4194304,10,0,BAAB,3,A,linear,4194304,mixed,2026082901,1,8,VALID,,False,0,False,6002541,fcb14a3d4db7d7be,fc85f7a4255832b3,0144d4ef720e2f721643a00f3b5d4775b65d753c34781efe6c1e7b714d9dd4a9,0144d4ef720e2f721643a00f3b5d4775b65d753c34781efe6c1e7b714d9dd4a9,raw/attempts/main-parallel8_linear_n4194304-b10-r0-p3-A
main-parallel8_linear_n4194304-b10-r0-p4-B,main,parallel8_linear_n4194304,10,0,BAAB,4,B,parallel,4194304,mixed,2026082901,1,8,VALID,,False,0,False,2915333,fcb14a3d4db7d7be,fc85f7a4255832b3,0144d4ef720e2f721643a00f3b5d4775b65d753c34781efe6c1e7b714d9dd4a9,0144d4ef720e2f721643a00f3b5d4775b65d753c34781efe6c1e7b714d9dd4a9,raw/attempts/main-parallel8_linear_n4194304-b10-r0-p4-B
main-parallel8_linear_n4194304-b11-r0-p1-A,main,parallel8_linear_n4194304,11,0,ABBA,1,A,linear,4194304,mixed,2026082901,1,8,VALID,,False,0,False,3935375,fcb14a3d4db7d7be,fc85f7a4255832b3,0144d4ef720e2f721643a00f3b5d4775b65d753c34781efe6c1e7b714d9dd4a9,0144d4ef720e2f721643a00f3b5d4775b65d753c34781efe6c1e7b714d9dd4a9,raw/attempts/main-parallel8_linear_n4194304-b11-r0-p1-A
main-parallel8_linear_n4194304-b11-r0-p2-B,main,parallel8_linear_n4194304,11,0,ABBA,2,B,parallel,4194304,mixed,2026082901,1,8,VALID,,False,0,False,3339708,fcb14a3d4db7d7be,fc85f7a4255832b3,0144d4ef720e2f721643a00f3b5d4775b65d753c34781efe6c1e7b714d9dd4a9,0144d4ef720e2f721643a00f3b5d4775b65d753c34781efe6c1e7b714d9dd4a9,raw/attempts/main-parallel8_linear_n4194304-b11-r0-p2-B
main-parallel8_linear_n4194304-b11-r0-p3-B,main,parallel8_linear_n4194304,11,0,ABBA,3,B,parallel,4194304,mixed,2026082901,1,8,VALID,,False,0,False,3583084,fcb14a3d4db7d7be,fc85f7a4255832b3,0144d4ef720e2f721643a00f3b5d4775b65d753c34781efe6c1e7b714d9dd4a9,0144d4ef720e2f721643a00f3b5d4775b65d753c34781efe6c1e7b714d9dd4a9,raw/attempts/main-parallel8_linear_n4194304-b11-r0-p3-B
main-parallel8_linear_n4194304-b11-r0-p4-A,main,parallel8_linear_n4194304,11,0,ABBA,4,A,linear,4194304,mixed,2026082901,1,8,VALID,,False,0,False,5894209,fcb14a3d4db7d7be,fc85f7a4255832b3,0144d4ef720e2f721643a00f3b5d4775b65d753c34781efe6c1e7b714d9dd4a9,0144d4ef720e2f721643a00f3b5d4775b65d753c34781efe6c1e7b714d9dd4a9,raw/attempts/main-parallel8_linear_n4194304-b11-r0-p4-A
main-parallel8_linear_n4194304-b12-r0-p1-B,main,parallel8_linear_n4194304,12,0,BAAB,1,B,parallel,4194304,mixed,2026082901,1,8,VALID,,False,0,False,2679167,fcb14a3d4db7d7be,fc85f7a4255832b3,0144d4ef720e2f721643a00f3b5d4775b65d753c34781efe6c1e7b714d9dd4a9,0144d4ef720e2f721643a00f3b5d4775b65d753c34781efe6c1e7b714d9dd4a9,raw/attempts/main-parallel8_linear_n4194304-b12-r0-p1-B
main-parallel8_linear_n4194304-b12-r0-p2-A,main,parallel8_linear_n4194304,12,0,BAAB,2,A,linear,4194304,mixed,2026082901,1,8,VALID,,False,0,False,7430958,fcb14a3d4db7d7be,fc85f7a4255832b3,0144d4ef720e2f721643a00f3b5d4775b65d753c34781efe6c1e7b714d9dd4a9,0144d4ef720e2f721643a00f3b5d4775b65d753c34781efe6c1e7b714d9dd4a9,raw/attempts/main-parallel8_linear_n4194304-b12-r0-p2-A
main-parallel8_linear_n4194304-b12-r0-p3-A,main,parallel8_linear_n4194304,12,0,BAAB,3,A,linear,4194304,mixed,2026082901,1,8,VALID,,False,0,False,6565125,fcb14a3d4db7d7be,fc85f7a4255832b3,0144d4ef720e2f721643a00f3b5d4775b65d753c34781efe6c1e7b714d9dd4a9,0144d4ef720e2f721643a00f3b5d4775b65d753c34781efe6c1e7b714d9dd4a9,raw/attempts/main-parallel8_linear_n4194304-b12-r0-p3-A
main-parallel8_linear_n4194304-b12-r0-p4-B,main,parallel8_linear_n4194304,12,0,BAAB,4,B,parallel,4194304,mixed,2026082901,1,8,VALID,,False,0,False,2679167,fcb14a3d4db7d7be,fc85f7a4255832b3,0144d4ef720e2f721643a00f3b5d4775b65d753c34781efe6c1e7b714d9dd4a9,0144d4ef720e2f721643a00f3b5d4775b65d753c34781efe6c1e7b714d9dd4a9,raw/attempts/main-parallel8_linear_n4194304-b12-r0-p4-B
aa-aa_linear_n262144-b01-r0-p1-A,aa,aa_linear_n262144,1,0,ABBA,1,A,linear,262144,mixed,2026082901,1,1,VALID,,False,0,False,145208,21fc62b48ab2a3a5,528ae490751b6dcb,0144d4ef720e2f721643a00f3b5d4775b65d753c34781efe6c1e7b714d9dd4a9,0144d4ef720e2f721643a00f3b5d4775b65d753c34781efe6c1e7b714d9dd4a9,raw/attempts/aa-aa_linear_n262144-b01-r0-p1-A
aa-aa_linear_n262144-b01-r0-p2-B,aa,aa_linear_n262144,1,0,ABBA,2,B,linear,262144,mixed,2026082901,1,1,VALID,,False,0,False,521750,21fc62b48ab2a3a5,528ae490751b6dcb,0144d4ef720e2f721643a00f3b5d4775b65d753c34781efe6c1e7b714d9dd4a9,0144d4ef720e2f721643a00f3b5d4775b65d753c34781efe6c1e7b714d9dd4a9,raw/attempts/aa-aa_linear_n262144-b01-r0-p2-B
aa-aa_linear_n262144-b01-r0-p3-B,aa,aa_linear_n262144,1,0,ABBA,3,B,linear,262144,mixed,2026082901,1,1,VALID,,False,0,False,496083,21fc62b48ab2a3a5,528ae490751b6dcb,0144d4ef720e2f721643a00f3b5d4775b65d753c34781efe6c1e7b714d9dd4a9,0144d4ef720e2f721643a00f3b5d4775b65d753c34781efe6c1e7b714d9dd4a9,raw/attempts/aa-aa_linear_n262144-b01-r0-p3-B
aa-aa_linear_n262144-b01-r0-p4-A,aa,aa_linear_n262144,1,0,ABBA,4,A,linear,262144,mixed,2026082901,1,1,VALID,,False,0,False,507500,21fc62b48ab2a3a5,528ae490751b6dcb,0144d4ef720e2f721643a00f3b5d4775b65d753c34781efe6c1e7b714d9dd4a9,0144d4ef720e2f721643a00f3b5d4775b65d753c34781efe6c1e7b714d9dd4a9,raw/attempts/aa-aa_linear_n262144-b01-r0-p4-A
aa-aa_linear_n262144-b02-r0-p1-B,aa,aa_linear_n262144,2,0,BAAB,1,B,linear,262144,mixed,2026082901,1,1,VALID,,False,0,False,496750,21fc62b48ab2a3a5,528ae490751b6dcb,0144d4ef720e2f721643a00f3b5d4775b65d753c34781efe6c1e7b714d9dd4a9,0144d4ef720e2f721643a00f3b5d4775b65d753c34781efe6c1e7b714d9dd4a9,raw/attempts/aa-aa_linear_n262144-b02-r0-p1-B
aa-aa_linear_n262144-b02-r0-p2-A,aa,aa_linear_n262144,2,0,BAAB,2,A,linear,262144,mixed,2026082901,1,1,VALID,,False,0,False,502708,21fc62b48ab2a3a5,528ae490751b6dcb,0144d4ef720e2f721643a00f3b5d4775b65d753c34781efe6c1e7b714d9dd4a9,0144d4ef720e2f721643a00f3b5d4775b65d753c34781efe6c1e7b714d9dd4a9,raw/attempts/aa-aa_linear_n262144-b02-r0-p2-A
aa-aa_linear_n262144-b02-r0-p3-A,aa,aa_linear_n262144,2,0,BAAB,3,A,linear,262144,mixed,2026082901,1,1,VALID,,False,0,False,482375,21fc62b48ab2a3a5,528ae490751b6dcb,0144d4ef720e2f721643a00f3b5d4775b65d753c34781efe6c1e7b714d9dd4a9,0144d4ef720e2f721643a00f3b5d4775b65d753c34781efe6c1e7b714d9dd4a9,raw/attempts/aa-aa_linear_n262144-b02-r0-p3-A
aa-aa_linear_n262144-b02-r0-p4-B,aa,aa_linear_n262144,2,0,BAAB,4,B,linear,262144,mixed,2026082901,1,1,VALID,,False,0,False,134417,21fc62b48ab2a3a5,528ae490751b6dcb,0144d4ef720e2f721643a00f3b5d4775b65d753c34781efe6c1e7b714d9dd4a9,0144d4ef720e2f721643a00f3b5d4775b65d753c34781efe6c1e7b714d9dd4a9,raw/attempts/aa-aa_linear_n262144-b02-r0-p4-B
aa-aa_linear_n262144-b03-r0-p1-A,aa,aa_linear_n262144,3,0,ABBA,1,A,linear,262144,mixed,2026082901,1,1,VALID,,False,0,False,131125,21fc62b48ab2a3a5,528ae490751b6dcb,0144d4ef720e2f721643a00f3b5d4775b65d753c34781efe6c1e7b714d9dd4a9,0144d4ef720e2f721643a00f3b5d4775b65d753c34781efe6c1e7b714d9dd4a9,raw/attempts/aa-aa_linear_n262144-b03-r0-p1-A
aa-aa_linear_n262144-b03-r0-p2-B,aa,aa_linear_n262144,3,0,ABBA,2,B,linear,262144,mixed,2026082901,1,1,VALID,,False,0,False,504000,21fc62b48ab2a3a5,528ae490751b6dcb,0144d4ef720e2f721643a00f3b5d4775b65d753c34781efe6c1e7b714d9dd4a9,0144d4ef720e2f721643a00f3b5d4775b65d753c34781efe6c1e7b714d9dd4a9,raw/attempts/aa-aa_linear_n262144-b03-r0-p2-B
aa-aa_linear_n262144-b03-r0-p3-B,aa,aa_linear_n262144,3,0,ABBA,3,B,linear,262144,mixed,2026082901,1,1,VALID,,False,0,False,500292,21fc62b48ab2a3a5,528ae490751b6dcb,0144d4ef720e2f721643a00f3b5d4775b65d753c34781efe6c1e7b714d9dd4a9,0144d4ef720e2f721643a00f3b5d4775b65d753c34781efe6c1e7b714d9dd4a9,raw/attempts/aa-aa_linear_n262144-b03-r0-p3-B
aa-aa_linear_n262144-b03-r0-p4-A,aa,aa_linear_n262144,3,0,ABBA,4,A,linear,262144,mixed,2026082901,1,1,VALID,,False,0,False,480292,21fc62b48ab2a3a5,528ae490751b6dcb,0144d4ef720e2f721643a00f3b5d4775b65d753c34781efe6c1e7b714d9dd4a9,0144d4ef720e2f721643a00f3b5d4775b65d753c34781efe6c1e7b714d9dd4a9,raw/attempts/aa-aa_linear_n262144-b03-r0-p4-A
aa-aa_linear_n262144-b04-r0-p1-A,aa,aa_linear_n262144,4,0,ABBA,1,A,linear,262144,mixed,2026082901,1,1,VALID,,False,0,False,137375,21fc62b48ab2a3a5,528ae490751b6dcb,0144d4ef720e2f721643a00f3b5d4775b65d753c34781efe6c1e7b714d9dd4a9,0144d4ef720e2f721643a00f3b5d4775b65d753c34781efe6c1e7b714d9dd4a9,raw/attempts/aa-aa_linear_n262144-b04-r0-p1-A
aa-aa_linear_n262144-b04-r0-p2-B,aa,aa_linear_n262144,4,0,ABBA,2,B,linear,262144,mixed,2026082901,1,1,VALID,,False,0,False,507375,21fc62b48ab2a3a5,528ae490751b6dcb,0144d4ef720e2f721643a00f3b5d4775b65d753c34781efe6c1e7b714d9dd4a9,0144d4ef720e2f721643a00f3b5d4775b65d753c34781efe6c1e7b714d9dd4a9,raw/attempts/aa-aa_linear_n262144-b04-r0-p2-B
aa-aa_linear_n262144-b04-r0-p3-B,aa,aa_linear_n262144,4,0,ABBA,3,B,linear,262144,mixed,2026082901,1,1,VALID,,False,0,False,485792,21fc62b48ab2a3a5,528ae490751b6dcb,0144d4ef720e2f721643a00f3b5d4775b65d753c34781efe6c1e7b714d9dd4a9,0144d4ef720e2f721643a00f3b5d4775b65d753c34781efe6c1e7b714d9dd4a9,raw/attempts/aa-aa_linear_n262144-b04-r0-p3-B
aa-aa_linear_n262144-b04-r0-p4-A,aa,aa_linear_n262144,4,0,ABBA,4,A,linear,262144,mixed,2026082901,1,1,VALID,,False,0,False,513667,21fc62b48ab2a3a5,528ae490751b6dcb,0144d4ef720e2f721643a00f3b5d4775b65d753c34781efe6c1e7b714d9dd4a9,0144d4ef720e2f721643a00f3b5d4775b65d753c34781efe6c1e7b714d9dd4a9,raw/attempts/aa-aa_linear_n262144-b04-r0-p4-A
aa-aa_linear_n262144-b05-r0-p1-B,aa,aa_linear_n262144,5,0,BAAB,1,B,linear,262144,mixed,2026082901,1,1,VALID,,False,0,False,503917,21fc62b48ab2a3a5,528ae490751b6dcb,0144d4ef720e2f721643a00f3b5d4775b65d753c34781efe6c1e7b714d9dd4a9,0144d4ef720e2f721643a00f3b5d4775b65d753c34781efe6c1e7b714d9dd4a9,raw/attempts/aa-aa_linear_n262144-b05-r0-p1-B
aa-aa_linear_n262144-b05-r0-p2-A,aa,aa_linear_n262144,5,0,BAAB,2,A,linear,262144,mixed,2026082901,1,1,VALID,,False,0,False,527708,21fc62b48ab2a3a5,528ae490751b6dcb,0144d4ef720e2f721643a00f3b5d4775b65d753c34781efe6c1e7b714d9dd4a9,0144d4ef720e2f721643a00f3b5d4775b65d753c34781efe6c1e7b714d9dd4a9,raw/attempts/aa-aa_linear_n262144-b05-r0-p2-A
aa-aa_linear_n262144-b05-r0-p3-A,aa,aa_linear_n262144,5,0,BAAB,3,A,linear,262144,mixed,2026082901,1,1,VALID,,False,0,False,503083,21fc62b48ab2a3a5,528ae490751b6dcb,0144d4ef720e2f721643a00f3b5d4775b65d753c34781efe6c1e7b714d9dd4a9,0144d4ef720e2f721643a00f3b5d4775b65d753c34781efe6c1e7b714d9dd4a9,raw/attempts/aa-aa_linear_n262144-b05-r0-p3-A
aa-aa_linear_n262144-b05-r0-p4-B,aa,aa_linear_n262144,5,0,BAAB,4,B,linear,262144,mixed,2026082901,1,1,VALID,,False,0,False,451042,21fc62b48ab2a3a5,528ae490751b6dcb,0144d4ef720e2f721643a00f3b5d4775b65d753c34781efe6c1e7b714d9dd4a9,0144d4ef720e2f721643a00f3b5d4775b65d753c34781efe6c1e7b714d9dd4a9,raw/attempts/aa-aa_linear_n262144-b05-r0-p4-B
aa-aa_linear_n262144-b06-r0-p1-A,aa,aa_linear_n262144,6,0,ABBA,1,A,linear,262144,mixed,2026082901,1,1,VALID,,False,0,False,460000,21fc62b48ab2a3a5,528ae490751b6dcb,0144d4ef720e2f721643a00f3b5d4775b65d753c34781efe6c1e7b714d9dd4a9,0144d4ef720e2f721643a00f3b5d4775b65d753c34781efe6c1e7b714d9dd4a9,raw/attempts/aa-aa_linear_n262144-b06-r0-p1-A
aa-aa_linear_n262144-b06-r0-p2-B,aa,aa_linear_n262144,6,0,ABBA,2,B,linear,262144,mixed,2026082901,1,1,VALID,,False,0,False,421375,21fc62b48ab2a3a5,528ae490751b6dcb,0144d4ef720e2f721643a00f3b5d4775b65d753c34781efe6c1e7b714d9dd4a9,0144d4ef720e2f721643a00f3b5d4775b65d753c34781efe6c1e7b714d9dd4a9,raw/attempts/aa-aa_linear_n262144-b06-r0-p2-B
aa-aa_linear_n262144-b06-r0-p3-B,aa,aa_linear_n262144,6,0,ABBA,3,B,linear,262144,mixed,2026082901,1,1,VALID,,False,0,False,520292,21fc62b48ab2a3a5,528ae490751b6dcb,0144d4ef720e2f721643a00f3b5d4775b65d753c34781efe6c1e7b714d9dd4a9,0144d4ef720e2f721643a00f3b5d4775b65d753c34781efe6c1e7b714d9dd4a9,raw/attempts/aa-aa_linear_n262144-b06-r0-p3-B
aa-aa_linear_n262144-b06-r0-p4-A,aa,aa_linear_n262144,6,0,ABBA,4,A,linear,262144,mixed,2026082901,1,1,VALID,,False,0,False,496292,21fc62b48ab2a3a5,528ae490751b6dcb,0144d4ef720e2f721643a00f3b5d4775b65d753c34781efe6c1e7b714d9dd4a9,0144d4ef720e2f721643a00f3b5d4775b65d753c34781efe6c1e7b714d9dd4a9,raw/attempts/aa-aa_linear_n262144-b06-r0-p4-A
aa-aa_linear_n262144-b07-r0-p1-A,aa,aa_linear_n262144,7,0,ABBA,1,A,linear,262144,mixed,2026082901,1,1,VALID,,False,0,False,518500,21fc62b48ab2a3a5,528ae490751b6dcb,0144d4ef720e2f721643a00f3b5d4775b65d753c34781efe6c1e7b714d9dd4a9,0144d4ef720e2f721643a00f3b5d4775b65d753c34781efe6c1e7b714d9dd4a9,raw/attempts/aa-aa_linear_n262144-b07-r0-p1-A
aa-aa_linear_n262144-b07-r0-p2-B,aa,aa_linear_n262144,7,0,ABBA,2,B,linear,262144,mixed,2026082901,1,1,VALID,,False,0,False,202833,21fc62b48ab2a3a5,528ae490751b6dcb,0144d4ef720e2f721643a00f3b5d4775b65d753c34781efe6c1e7b714d9dd4a9,0144d4ef720e2f721643a00f3b5d4775b65d753c34781efe6c1e7b714d9dd4a9,raw/attempts/aa-aa_linear_n262144-b07-r0-p2-B
aa-aa_linear_n262144-b07-r0-p3-B,aa,aa_linear_n262144,7,0,ABBA,3,B,linear,262144,mixed,2026082901,1,1,VALID,,False,0,False,139958,21fc62b48ab2a3a5,528ae490751b6dcb,0144d4ef720e2f721643a00f3b5d4775b65d753c34781efe6c1e7b714d9dd4a9,0144d4ef720e2f721643a00f3b5d4775b65d753c34781efe6c1e7b714d9dd4a9,raw/attempts/aa-aa_linear_n262144-b07-r0-p3-B
aa-aa_linear_n262144-b07-r0-p4-A,aa,aa_linear_n262144,7,0,ABBA,4,A,linear,262144,mixed,2026082901,1,1,VALID,,False,0,False,496292,21fc62b48ab2a3a5,528ae490751b6dcb,0144d4ef720e2f721643a00f3b5d4775b65d753c34781efe6c1e7b714d9dd4a9,0144d4ef720e2f721643a00f3b5d4775b65d753c34781efe6c1e7b714d9dd4a9,raw/attempts/aa-aa_linear_n262144-b07-r0-p4-A
aa-aa_linear_n262144-b08-r0-p1-B,aa,aa_linear_n262144,8,0,BAAB,1,B,linear,262144,mixed,2026082901,1,1,VALID,,False,0,False,143209,21fc62b48ab2a3a5,528ae490751b6dcb,0144d4ef720e2f721643a00f3b5d4775b65d753c34781efe6c1e7b714d9dd4a9,0144d4ef720e2f721643a00f3b5d4775b65d753c34781efe6c1e7b714d9dd4a9,raw/attempts/aa-aa_linear_n262144-b08-r0-p1-B
aa-aa_linear_n262144-b08-r0-p2-A,aa,aa_linear_n262144,8,0,BAAB,2,A,linear,262144,mixed,2026082901,1,1,VALID,,False,0,False,529458,21fc62b48ab2a3a5,528ae490751b6dcb,0144d4ef720e2f721643a00f3b5d4775b65d753c34781efe6c1e7b714d9dd4a9,0144d4ef720e2f721643a00f3b5d4775b65d753c34781efe6c1e7b714d9dd4a9,raw/attempts/aa-aa_linear_n262144-b08-r0-p2-A
aa-aa_linear_n262144-b08-r0-p3-A,aa,aa_linear_n262144,8,0,BAAB,3,A,linear,262144,mixed,2026082901,1,1,VALID,,False,0,False,136916,21fc62b48ab2a3a5,528ae490751b6dcb,0144d4ef720e2f721643a00f3b5d4775b65d753c34781efe6c1e7b714d9dd4a9,0144d4ef720e2f721643a00f3b5d4775b65d753c34781efe6c1e7b714d9dd4a9,raw/attempts/aa-aa_linear_n262144-b08-r0-p3-A
aa-aa_linear_n262144-b08-r0-p4-B,aa,aa_linear_n262144,8,0,BAAB,4,B,linear,262144,mixed,2026082901,1,1,VALID,,False,0,False,524292,21fc62b48ab2a3a5,528ae490751b6dcb,0144d4ef720e2f721643a00f3b5d4775b65d753c34781efe6c1e7b714d9dd4a9,0144d4ef720e2f721643a00f3b5d4775b65d753c34781efe6c1e7b714d9dd4a9,raw/attempts/aa-aa_linear_n262144-b08-r0-p4-B
aa-aa_linear_n262144-b09-r0-p1-B,aa,aa_linear_n262144,9,0,BAAB,1,B,linear,262144,mixed,2026082901,1,1,VALID,,False,0,False,484458,21fc62b48ab2a3a5,528ae490751b6dcb,0144d4ef720e2f721643a00f3b5d4775b65d753c34781efe6c1e7b714d9dd4a9,0144d4ef720e2f721643a00f3b5d4775b65d753c34781efe6c1e7b714d9dd4a9,raw/attempts/aa-aa_linear_n262144-b09-r0-p1-B
aa-aa_linear_n262144-b09-r0-p2-A,aa,aa_linear_n262144,9,0,BAAB,2,A,linear,262144,mixed,2026082901,1,1,VALID,,False,0,False,135875,21fc62b48ab2a3a5,528ae490751b6dcb,0144d4ef720e2f721643a00f3b5d4775b65d753c34781efe6c1e7b714d9dd4a9,0144d4ef720e2f721643a00f3b5d4775b65d753c34781efe6c1e7b714d9dd4a9,raw/attempts/aa-aa_linear_n262144-b09-r0-p2-A
aa-aa_linear_n262144-b09-r0-p3-A,aa,aa_linear_n262144,9,0,BAAB,3,A,linear,262144,mixed,2026082901,1,1,VALID,,False,0,False,496541,21fc62b48ab2a3a5,528ae490751b6dcb,0144d4ef720e2f721643a00f3b5d4775b65d753c34781efe6c1e7b714d9dd4a9,0144d4ef720e2f721643a00f3b5d4775b65d753c34781efe6c1e7b714d9dd4a9,raw/attempts/aa-aa_linear_n262144-b09-r0-p3-A
aa-aa_linear_n262144-b09-r0-p4-B,aa,aa_linear_n262144,9,0,BAAB,4,B,linear,262144,mixed,2026082901,1,1,VALID,,False,0,False,518584,21fc62b48ab2a3a5,528ae490751b6dcb,0144d4ef720e2f721643a00f3b5d4775b65d753c34781efe6c1e7b714d9dd4a9,0144d4ef720e2f721643a00f3b5d4775b65d753c34781efe6c1e7b714d9dd4a9,raw/attempts/aa-aa_linear_n262144-b09-r0-p4-B
aa-aa_linear_n262144-b10-r0-p1-B,aa,aa_linear_n262144,10,0,BAAB,1,B,linear,262144,mixed,2026082901,1,1,VALID,,False,0,False,399541,21fc62b48ab2a3a5,528ae490751b6dcb,0144d4ef720e2f721643a00f3b5d4775b65d753c34781efe6c1e7b714d9dd4a9,0144d4ef720e2f721643a00f3b5d4775b65d753c34781efe6c1e7b714d9dd4a9,raw/attempts/aa-aa_linear_n262144-b10-r0-p1-B
aa-aa_linear_n262144-b10-r0-p2-A,aa,aa_linear_n262144,10,0,BAAB,2,A,linear,262144,mixed,2026082901,1,1,VALID,,False,0,False,480125,21fc62b48ab2a3a5,528ae490751b6dcb,0144d4ef720e2f721643a00f3b5d4775b65d753c34781efe6c1e7b714d9dd4a9,0144d4ef720e2f721643a00f3b5d4775b65d753c34781efe6c1e7b714d9dd4a9,raw/attempts/aa-aa_linear_n262144-b10-r0-p2-A
aa-aa_linear_n262144-b10-r0-p3-A,aa,aa_linear_n262144,10,0,BAAB,3,A,linear,262144,mixed,2026082901,1,1,VALID,,False,0,False,535542,21fc62b48ab2a3a5,528ae490751b6dcb,0144d4ef720e2f721643a00f3b5d4775b65d753c34781efe6c1e7b714d9dd4a9,0144d4ef720e2f721643a00f3b5d4775b65d753c34781efe6c1e7b714d9dd4a9,raw/attempts/aa-aa_linear_n262144-b10-r0-p3-A
aa-aa_linear_n262144-b10-r0-p4-B,aa,aa_linear_n262144,10,0,BAAB,4,B,linear,262144,mixed,2026082901,1,1,VALID,,False,0,False,134709,21fc62b48ab2a3a5,528ae490751b6dcb,0144d4ef720e2f721643a00f3b5d4775b65d753c34781efe6c1e7b714d9dd4a9,0144d4ef720e2f721643a00f3b5d4775b65d753c34781efe6c1e7b714d9dd4a9,raw/attempts/aa-aa_linear_n262144-b10-r0-p4-B
aa-aa_linear_n262144-b11-r0-p1-B,aa,aa_linear_n262144,11,0,BAAB,1,B,linear,262144,mixed,2026082901,1,1,VALID,,False,0,False,496333,21fc62b48ab2a3a5,528ae490751b6dcb,0144d4ef720e2f721643a00f3b5d4775b65d753c34781efe6c1e7b714d9dd4a9,0144d4ef720e2f721643a00f3b5d4775b65d753c34781efe6c1e7b714d9dd4a9,raw/attempts/aa-aa_linear_n262144-b11-r0-p1-B
aa-aa_linear_n262144-b11-r0-p2-A,aa,aa_linear_n262144,11,0,BAAB,2,A,linear,262144,mixed,2026082901,1,1,VALID,,False,0,False,519167,21fc62b48ab2a3a5,528ae490751b6dcb,0144d4ef720e2f721643a00f3b5d4775b65d753c34781efe6c1e7b714d9dd4a9,0144d4ef720e2f721643a00f3b5d4775b65d753c34781efe6c1e7b714d9dd4a9,raw/attempts/aa-aa_linear_n262144-b11-r0-p2-A
aa-aa_linear_n262144-b11-r0-p3-A,aa,aa_linear_n262144,11,0,BAAB,3,A,linear,262144,mixed,2026082901,1,1,VALID,,False,0,False,138875,21fc62b48ab2a3a5,528ae490751b6dcb,0144d4ef720e2f721643a00f3b5d4775b65d753c34781efe6c1e7b714d9dd4a9,0144d4ef720e2f721643a00f3b5d4775b65d753c34781efe6c1e7b714d9dd4a9,raw/attempts/aa-aa_linear_n262144-b11-r0-p3-A
aa-aa_linear_n262144-b11-r0-p4-B,aa,aa_linear_n262144,11,0,BAAB,4,B,linear,262144,mixed,2026082901,1,1,VALID,,False,0,False,500708,21fc62b48ab2a3a5,528ae490751b6dcb,0144d4ef720e2f721643a00f3b5d4775b65d753c34781efe6c1e7b714d9dd4a9,0144d4ef720e2f721643a00f3b5d4775b65d753c34781efe6c1e7b714d9dd4a9,raw/attempts/aa-aa_linear_n262144-b11-r0-p4-B
aa-aa_linear_n262144-b12-r0-p1-A,aa,aa_linear_n262144,12,0,ABBA,1,A,linear,262144,mixed,2026082901,1,1,VALID,,False,0,False,143875,21fc62b48ab2a3a5,528ae490751b6dcb,0144d4ef720e2f721643a00f3b5d4775b65d753c34781efe6c1e7b714d9dd4a9,0144d4ef720e2f721643a00f3b5d4775b65d753c34781efe6c1e7b714d9dd4a9,raw/attempts/aa-aa_linear_n262144-b12-r0-p1-A
aa-aa_linear_n262144-b12-r0-p2-B,aa,aa_linear_n262144,12,0,ABBA,2,B,linear,262144,mixed,2026082901,1,1,VALID,,False,0,False,384375,21fc62b48ab2a3a5,528ae490751b6dcb,0144d4ef720e2f721643a00f3b5d4775b65d753c34781efe6c1e7b714d9dd4a9,0144d4ef720e2f721643a00f3b5d4775b65d753c34781efe6c1e7b714d9dd4a9,raw/attempts/aa-aa_linear_n262144-b12-r0-p2-B
aa-aa_linear_n262144-b12-r0-p3-B,aa,aa_linear_n262144,12,0,ABBA,3,B,linear,262144,mixed,2026082901,1,1,VALID,,False,0,False,171417,21fc62b48ab2a3a5,528ae490751b6dcb,0144d4ef720e2f721643a00f3b5d4775b65d753c34781efe6c1e7b714d9dd4a9,0144d4ef720e2f721643a00f3b5d4775b65d753c34781efe6c1e7b714d9dd4a9,raw/attempts/aa-aa_linear_n262144-b12-r0-p3-B
aa-aa_linear_n262144-b12-r0-p4-A,aa,aa_linear_n262144,12,0,ABBA,4,A,linear,262144,mixed,2026082901,1,1,VALID,,False,0,False,134500,21fc62b48ab2a3a5,528ae490751b6dcb,0144d4ef720e2f721643a00f3b5d4775b65d753c34781efe6c1e7b714d9dd4a9,0144d4ef720e2f721643a00f3b5d4775b65d753c34781efe6c1e7b714d9dd4a9,raw/attempts/aa-aa_linear_n262144-b12-r0-p4-A
distribution-distribution_zero_linear-b01-r0-p1-linear,distribution,distribution_zero_linear,1,0,D,1,linear,linear,262144,zero,2026082901,1,1,VALID,,False,0,False,520417,7dd7658900d320e1,7dd7658900d320e1,0144d4ef720e2f721643a00f3b5d4775b65d753c34781efe6c1e7b714d9dd4a9,0144d4ef720e2f721643a00f3b5d4775b65d753c34781efe6c1e7b714d9dd4a9,raw/attempts/distribution-distribution_zero_linear-b01-r0-p1-linear
distribution-distribution_zero_blocked-b02-r0-p1-blocked,distribution,distribution_zero_blocked,2,0,D,1,blocked,blocked,262144,zero,2026082901,16384,1,VALID,,False,0,False,403458,7dd7658900d320e1,7dd7658900d320e1,0144d4ef720e2f721643a00f3b5d4775b65d753c34781efe6c1e7b714d9dd4a9,0144d4ef720e2f721643a00f3b5d4775b65d753c34781efe6c1e7b714d9dd4a9,raw/attempts/distribution-distribution_zero_blocked-b02-r0-p1-blocked
distribution-distribution_zero_parallel-b03-r0-p1-parallel,distribution,distribution_zero_parallel,3,0,D,1,parallel,parallel,262144,zero,2026082901,1,4,VALID,,False,0,False,373084,7dd7658900d320e1,7dd7658900d320e1,0144d4ef720e2f721643a00f3b5d4775b65d753c34781efe6c1e7b714d9dd4a9,0144d4ef720e2f721643a00f3b5d4775b65d753c34781efe6c1e7b714d9dd4a9,raw/attempts/distribution-distribution_zero_parallel-b03-r0-p1-parallel
distribution-distribution_constant_linear-b04-r0-p1-linear,distribution,distribution_constant_linear,4,0,D,1,linear,linear,262144,constant,2026082901,1,1,VALID,,False,0,False,529833,e51ab95e661320e1,2993f0c98c4a6b59,0144d4ef720e2f721643a00f3b5d4775b65d753c34781efe6c1e7b714d9dd4a9,0144d4ef720e2f721643a00f3b5d4775b65d753c34781efe6c1e7b714d9dd4a9,raw/attempts/distribution-distribution_constant_linear-b04-r0-p1-linear
distribution-distribution_constant_blocked-b05-r0-p1-blocked,distribution,distribution_constant_blocked,5,0,D,1,blocked,blocked,262144,constant,2026082901,16384,1,VALID,,False,0,False,368375,e51ab95e661320e1,2993f0c98c4a6b59,0144d4ef720e2f721643a00f3b5d4775b65d753c34781efe6c1e7b714d9dd4a9,0144d4ef720e2f721643a00f3b5d4775b65d753c34781efe6c1e7b714d9dd4a9,raw/attempts/distribution-distribution_constant_blocked-b05-r0-p1-blocked
distribution-distribution_constant_parallel-b06-r0-p1-parallel,distribution,distribution_constant_parallel,6,0,D,1,parallel,parallel,262144,constant,2026082901,1,4,VALID,,False,0,False,397833,e51ab95e661320e1,2993f0c98c4a6b59,0144d4ef720e2f721643a00f3b5d4775b65d753c34781efe6c1e7b714d9dd4a9,0144d4ef720e2f721643a00f3b5d4775b65d753c34781efe6c1e7b714d9dd4a9,raw/attempts/distribution-distribution_constant_parallel-b06-r0-p1-parallel
distribution-distribution_ascending_linear-b07-r0-p1-linear,distribution,distribution_ascending_linear,7,0,D,1,linear,linear,262144,ascending,2026082901,1,1,VALID,,False,0,False,318917,07de25e882ccd8e1,2422d18f275812cd,0144d4ef720e2f721643a00f3b5d4775b65d753c34781efe6c1e7b714d9dd4a9,0144d4ef720e2f721643a00f3b5d4775b65d753c34781efe6c1e7b714d9dd4a9,raw/attempts/distribution-distribution_ascending_linear-b07-r0-p1-linear
distribution-distribution_ascending_blocked-b08-r0-p1-blocked,distribution,distribution_ascending_blocked,8,0,D,1,blocked,blocked,262144,ascending,2026082901,16384,1,VALID,,False,0,False,386417,07de25e882ccd8e1,2422d18f275812cd,0144d4ef720e2f721643a00f3b5d4775b65d753c34781efe6c1e7b714d9dd4a9,0144d4ef720e2f721643a00f3b5d4775b65d753c34781efe6c1e7b714d9dd4a9,raw/attempts/distribution-distribution_ascending_blocked-b08-r0-p1-blocked
distribution-distribution_ascending_parallel-b09-r0-p1-parallel,distribution,distribution_ascending_parallel,9,0,D,1,parallel,parallel,262144,ascending,2026082901,1,4,VALID,,False,0,False,312291,07de25e882ccd8e1,2422d18f275812cd,0144d4ef720e2f721643a00f3b5d4775b65d753c34781efe6c1e7b714d9dd4a9,0144d4ef720e2f721643a00f3b5d4775b65d753c34781efe6c1e7b714d9dd4a9,raw/attempts/distribution-distribution_ascending_parallel-b09-r0-p1-parallel
distribution-distribution_alternating_linear-b10-r0-p1-linear,distribution,distribution_alternating_linear,10,0,D,1,linear,linear,262144,alternating,2026082901,1,1,VALID,,False,0,False,509166,f0f05810f52320e1,a017fe85c9d7febd,0144d4ef720e2f721643a00f3b5d4775b65d753c34781efe6c1e7b714d9dd4a9,0144d4ef720e2f721643a00f3b5d4775b65d753c34781efe6c1e7b714d9dd4a9,raw/attempts/distribution-distribution_alternating_linear-b10-r0-p1-linear
distribution-distribution_alternating_blocked-b11-r0-p1-blocked,distribution,distribution_alternating_blocked,11,0,D,1,blocked,blocked,262144,alternating,2026082901,16384,1,VALID,,False,0,False,387334,f0f05810f52320e1,a017fe85c9d7febd,0144d4ef720e2f721643a00f3b5d4775b65d753c34781efe6c1e7b714d9dd4a9,0144d4ef720e2f721643a00f3b5d4775b65d753c34781efe6c1e7b714d9dd4a9,raw/attempts/distribution-distribution_alternating_blocked-b11-r0-p1-blocked
distribution-distribution_alternating_parallel-b12-r0-p1-parallel,distribution,distribution_alternating_parallel,12,0,D,1,parallel,parallel,262144,alternating,2026082901,1,4,VALID,,False,0,False,420292,f0f05810f52320e1,a017fe85c9d7febd,0144d4ef720e2f721643a00f3b5d4775b65d753c34781efe6c1e7b714d9dd4a9,0144d4ef720e2f721643a00f3b5d4775b65d753c34781efe6c1e7b714d9dd4a9,raw/attempts/distribution-distribution_alternating_parallel-b12-r0-p1-parallel
distribution-distribution_mixed_linear-b13-r0-p1-linear,distribution,distribution_mixed_linear,13,0,D,1,linear,linear,262144,mixed,2026082901,1,1,VALID,,False,0,False,503583,21fc62b48ab2a3a5,528ae490751b6dcb,0144d4ef720e2f721643a00f3b5d4775b65d753c34781efe6c1e7b714d9dd4a9,0144d4ef720e2f721643a00f3b5d4775b65d753c34781efe6c1e7b714d9dd4a9,raw/attempts/distribution-distribution_mixed_linear-b13-r0-p1-linear
distribution-distribution_mixed_blocked-b14-r0-p1-blocked,distribution,distribution_mixed_blocked,14,0,D,1,blocked,blocked,262144,mixed,2026082901,16384,1,VALID,,False,0,False,379167,21fc62b48ab2a3a5,528ae490751b6dcb,0144d4ef720e2f721643a00f3b5d4775b65d753c34781efe6c1e7b714d9dd4a9,0144d4ef720e2f721643a00f3b5d4775b65d753c34781efe6c1e7b714d9dd4a9,raw/attempts/distribution-distribution_mixed_blocked-b14-r0-p1-blocked
distribution-distribution_mixed_parallel-b15-r0-p1-parallel,distribution,distribution_mixed_parallel,15,0,D,1,parallel,parallel,262144,mixed,2026082901,1,4,VALID,,False,0,False,363708,21fc62b48ab2a3a5,528ae490751b6dcb,0144d4ef720e2f721643a00f3b5d4775b65d753c34781efe6c1e7b714d9dd4a9,0144d4ef720e2f721643a00f3b5d4775b65d753c34781efe6c1e7b714d9dd4a9,raw/attempts/distribution-distribution_mixed_parallel-b15-r0-p1-parallel
profile-profile_reference_n4096-b01-r0-p1-reference,profile,profile_reference_n4096,1,0,P,1,reference,reference,4096,mixed,2026082901,1,1,VALID,,False,0,False,653000,c29f6e9a49eb3454,25339d9aebc6ec46,0144d4ef720e2f721643a00f3b5d4775b65d753c34781efe6c1e7b714d9dd4a9,0144d4ef720e2f721643a00f3b5d4775b65d753c34781efe6c1e7b714d9dd4a9,raw/attempts/profile-profile_reference_n4096-b01-r0-p1-reference
profile-profile_linear_n4194304-b02-r0-p1-linear,profile,profile_linear_n4194304,2,0,P,1,linear,linear,4194304,mixed,2026082901,1,1,VALID,,False,0,False,3023584,fcb14a3d4db7d7be,fc85f7a4255832b3,0144d4ef720e2f721643a00f3b5d4775b65d753c34781efe6c1e7b714d9dd4a9,0144d4ef720e2f721643a00f3b5d4775b65d753c34781efe6c1e7b714d9dd4a9,raw/attempts/profile-profile_linear_n4194304-b02-r0-p1-linear
profile-profile_blocked_n4194304-b03-r0-p1-blocked,profile,profile_blocked_n4194304,3,0,P,1,blocked,blocked,4194304,mixed,2026082901,16384,1,VALID,,False,0,False,6694750,fcb14a3d4db7d7be,fc85f7a4255832b3,0144d4ef720e2f721643a00f3b5d4775b65d753c34781efe6c1e7b714d9dd4a9,0144d4ef720e2f721643a00f3b5d4775b65d753c34781efe6c1e7b714d9dd4a9,raw/attempts/profile-profile_blocked_n4194304-b03-r0-p1-blocked
profile-profile_parallel_n4194304-b04-r0-p1-parallel,profile,profile_parallel_n4194304,4,0,P,1,parallel,parallel,4194304,mixed,2026082901,1,4,VALID,,False,0,False,3366583,fcb14a3d4db7d7be,fc85f7a4255832b3,0144d4ef720e2f721643a00f3b5d4775b65d753c34781efe6c1e7b714d9dd4a9,0144d4ef720e2f721643a00f3b5d4775b65d753c34781efe6c1e7b714d9dd4a9,raw/attempts/profile-profile_parallel_n4194304-b04-r0-p1-parallel
